Date,Open,High,Low,Close,Volume
2021-09-29 08:36:44.631850,148.67169858518395,151.05751778363762,149.87116049056002,150.0,34812960
2021-09-30 08:36:44.631850,149.98299201667018,149.71365448288148,146.30946335265122,149.63020709648646,31617378
2021-10-01 08:36:44.631850,150.22524131631366,152.45986981681932,151.26496459266755,151.61337156041597,34548238
2021-10-04 08:36:44.631850,155.31720127000636,156.39586841571614,154.94653620778274,156.27708940222806,79971505
2021-10-05 08:36:44.631850,153.97739071629968,156.43037822226506,155.31950121673492,155.59211637153928,72026700
2021-10-06 08:36:44.631850,154.84353134819395,156.33641398752803,150.285726120063,154.91019671340044,17135147
2021-10-07 08:36:44.631850,159.72924995871813,160.12011537988832,159.2619759183395,159.8493931304659,54403687
2021-10-08 08:36:44.631850,162.08563046015286,164.6460046465393,161.8418094230092,162.35082746285178,29255673
2021-10-11 08:36:44.631850,160.03651743915714,161.0540766942101,159.39219213883388,160.87514161050757,31001554
2021-10-12 08:36:44.631850,161.71566162476438,164.1394709884555,161.8839086235151,162.66909262987264,10364163
2021-10-13 08:36:44.631850,161.58452448186702,162.39596807434646,160.53298339911703,161.21021864569295,22182341
2021-10-14 08:36:44.631850,159.31720125057296,161.73171885333375,158.78748766000103,159.75697380322933,16088064
2021-10-15 08:36:44.631850,160.8320050402342,162.33040811117132,157.27564749109897,160.57800410096917,36544067
2021-10-18 08:36:44.631850,153.79779003917017,155.42256913300676,152.73454891157914,154.4815630427402,41265619
2021-10-19 08:36:44.631850,149.33361894501218,150.82826223246005,148.49189527503634,149.19854745391484,8561250
2021-10-20 08:36:44.631850,148.5270514641241,148.03236694180333,146.1984388144586,147.56545736586693,23890287
2021-10-21 08:36:44.631850,145.04440735297652,146.3749378096308,143.8171638126363,144.62054925294603,42326788
2021-10-22 08:36:44.631850,145.27268654324288,145.77916922996653,144.23550955318277,145.57286785454596,22002365
2021-10-25 08:36:44.631850,143.1567287098676,146.2888782629882,142.3761450432481,142.97286633981042,34779261
2021-10-26 08:36:44.631850,138.8101010091068,139.52395868860168,138.56722793155706,138.97733603326776,28791268
2021-10-27 08:36:44.631850,143.0985064545408,143.367677053025,141.69654432872525,143.09286846338085,28654759
2021-10-28 08:36:44.631850,142.25767571928583,142.9301157433805,141.18095416994586,142.48965675456648,21090695
2021-10-29 08:36:44.631850,142.60757148174335,142.91544111518746,140.94689687024749,142.72484506573755,13147071
2021-11-01 08:36:44.631850,138.84781074388243,138.9122000023346,138.6245292272968,138.70072323655717,13786975
2021-11-02 08:36:44.631850,136.55060386343735,138.2039610727063,136.25843579985008,137.23220790134553,34438175
2021-11-03 08:36:44.631850,136.8790086264936,138.89403079864692,135.84639697328564,137.57782060155634,24391106
2021-11-04 08:36:44.631850,133.5186080850292,135.5088492906986,134.1602862726139,134.45207018957382,22538688
2021-11-05 08:36:44.631850,134.4184682736613,137.30652957770226,135.08467091214155,135.5026733372846,19541578
2021-11-08 08:36:44.631850,133.10049570122064,136.37452590513402,130.66581017458392,133.91556117540972,20736491
2021-11-09 08:36:44.631850,133.28067088931465,133.8510040546592,132.59789716399908,133.1744891998638,40769951
2021-11-10 08:36:44.631850,131.02429526281304,133.06396280649514,129.79869491275886,131.61180213198716,20427201
2021-11-11 08:36:44.631850,136.87753007284505,139.46619426841144,135.75585052327864,136.5269190708865,12353718
2021-11-12 08:36:44.631850,136.55471997447063,137.06155279823122,135.1365173999694,136.5310224564182,35033870
2021-11-15 08:36:44.631850,132.367989302738,137.0165105287226,130.89186554065952,133.6837746712816,21803077
2021-11-16 08:36:44.631850,136.36822952995013,135.93134974845574,133.7673803260166,135.92309797741524,24537127
2021-11-17 08:36:44.631850,133.18280005219736,133.75727445894464,130.15143109692906,132.64505788580612,53961919
2021-11-18 08:36:44.631850,132.5768398004614,133.34797445091075,130.74609159878923,133.23894587616473,23907905
2021-11-19 08:36:44.631850,128.32587191324203,128.18346488351636,127.55790236401926,128.05682992851249,27912685
2021-11-22 08:36:44.631850,124.15958191589934,125.83961045742956,123.61087577633069,124.69358107794686,13396958
2021-11-23 08:36:44.631850,125.28308817002386,125.58542320516213,124.55246291078734,125.22193580178927,21642407
2021-11-24 08:36:44.631850,126.30530137306141,127.44882622987816,123.75867548786883,127.10894667596885,32761448
2021-11-25 08:36:44.631850,126.43888112850051,127.99315903197227,127.57842163087919,127.58272819428622,11098417
2021-11-26 08:36:44.631850,127.08219581281209,128.17656078518766,126.90850725845708,127.32590854518301,26706633
2021-11-29 08:36:44.631850,126.51902150802853,127.85323951462223,125.42723887189328,126.5973402856022,25403449
2021-11-30 08:36:44.631850,122.64742262900259,123.10679161708829,121.64578566924827,122.89178045700206,24658783
2021-12-01 08:36:44.631850,120.44210716620024,122.07504548233746,121.05557122128056,121.15938926271342,40571623
2021-12-02 08:36:44.631850,119.839424393471,120.723761296417,118.96827736110608,120.07952283628794,28551477
2021-12-03 08:36:44.631850,122.81947216881426,123.75633114877077,122.3410821308757,122.65432134321887,50578439
2021-12-06 08:36:44.631850,123.50631391421638,123.56885632484736,122.42798549090173,123.53404300178457,14697753
2021-12-07 08:36:44.631850,119.32397812587469,119.22606487686411,118.72867544167471,119.21519364735605,25853648
2021-12-08 08:36:44.631850,119.62152443081956,121.32700461046926,118.82845865701778,120.02367286883833,25196946
2021-12-09 08:36:44.631850,119.8332650051197,119.70083334233304,118.35956706139139,119.13530017765349,14152088
2021-12-10 08:36:44.631850,116.86679093626698,117.58755587950193,116.54895553398569,117.55813465364062,38963953
2021-12-13 08:36:44.631850,119.32172786025204,120.00495248688475,118.75228005754039,119.0315525645966,77232943
2021-12-14 08:36:44.631850,122.23981853145764,123.21109523651762,121.47522404921303,121.521691507487,23950433
2021-12-15 08:36:44.631850,124.11929667963373,124.51225216013319,122.02789419473226,123.82156272178513,31093537
2021-12-16 08:36:44.631850,121.65712723466395,121.79305215330503,121.41549713225777,121.780444686823,25197598
2021-12-17 08:36:44.631850,120.74407001328078,122.65201796642381,121.00307876106297,121.06385840755244,16906482
2021-12-20 08:36:44.631850,122.53376526968539,123.20065575530916,118.70745218881862,121.90225814817552,9719258
2021-12-21 08:36:44.631850,123.43275024286872,124.69669886863926,122.93488505553158,124.31725190405325,16972641
2021-12-22 08:36:44.631850,122.56573676971357,123.9138490467779,121.35982771493093,123.16315459098156,12043321
2021-12-23 08:36:44.631850,122.49878991243658,122.97227040126812,121.51920449482148,122.74277663247787,56630090
2021-12-24 08:36:44.631850,120.80669342370093,120.13172293337175,119.72676446332927,120.0637069335652,22803968
2021-12-27 08:36:44.631850,117.44990169915634,117.84825056082067,115.16572259808784,117.22730601473305,20318458
2021-12-28 08:36:44.631850,118.5906806106396,119.25149008723693,118.72404976211253,119.167478471071,37677622
2021-12-29 08:36:44.631850,122.24565921689222,123.03127412030283,121.95915331782851,122.43562280273866,13785452
2021-12-30 08:36:44.631850,121.92037502599484,122.37487105204251,122.23105696271733,122.2960214079037,16462044
2021-12-31 08:36:44.631850,124.34440867003129,127.25240266366788,123.2604136022826,124.78727182960883,24991245
2022-01-03 08:36:44.631850,126.34262497798525,126.9082601182613,124.34869875177142,125.72725947037769,40401783
2022-01-04 08:36:44.631850,123.29133474311382,124.32166919142125,123.36606160110331,124.1427948726847,31041715
2022-01-05 08:36:44.631850,126.08344099896203,126.59038481824147,123.42725174233473,125.07733092159692,27348235
2022-01-06 08:36:44.631850,129.49637642221333,129.73600632704407,128.70055574489135,128.96232429274102,25117085
2022-01-07 08:36:44.631850,129.61171610633107,130.8818784067908,127.8772902212875,128.90860880455241,29506405
2022-01-10 08:36:44.631850,132.67339086200687,134.60192628755237,132.89672638314184,132.98120212611084,26717422
2022-01-11 08:36:44.631850,125.95905661592018,126.3226117587731,124.49372460820933,126.05355942263172,14432798
2022-01-12 08:36:44.631850,127.24506180780658,130.07401626418408,127.57735663491121,128.16345021395597,24717933
2022-01-13 08:36:44.631850,128.0881253890617,128.61595051898786,128.3700283630926,128.42502430094845,14120746
2022-01-14 08:36:44.631850,128.0107389228111,128.12599507236155,127.62145883216071,127.6955512832439,25154346
2022-01-17 08:36:44.631850,128.7974831501354,128.75316920885754,126.88248700461828,127.96820880754645,18994804
2022-01-18 08:36:44.631850,122.23922974787732,123.29148138319661,120.1578172651132,122.91968659252801,85985635
2022-01-19 08:36:44.631850,122.1928026775764,122.89171506881632,121.6738211034946,122.41652250638225,23677902
2022-01-20 08:36:44.631850,123.23428021488857,123.53774724403893,123.06700598770799,123.32757704608977,11969594
2022-01-21 08:36:44.631850,126.12348207707309,127.21382196865036,125.4856583442882,127.00987715257992,22587560
2022-01-24 08:36:44.631850,126.10322743196068,125.73530118658759,125.11299519562327,125.73147138063015,31317242
2022-01-25 08:36:44.631850,123.28821021069777,124.27677939361084,121.41415533876814,123.7361290161726,55766393
2022-01-26 08:36:44.631850,122.41183296576739,123.99045759012765,121.77219838869541,122.53154036928247,17989050
2022-01-27 08:36:44.631850,124.52956981288206,125.99676628982566,124.01860641970852,124.81161246218002,10949299
2022-01-28 08:36:44.631850,125.17371542123038,127.53576181684514,124.17464460502335,125.6696950678258,36339596
2022-01-31 08:36:44.631850,124.37151877897166,127.55236230556865,123.59936471400792,124.37589991101669,12111919
2022-02-01 08:36:44.631850,125.55447484642781,126.86432111842821,125.4580447834832,125.68997465875982,19422102
2022-02-02 08:36:44.631850,125.73749726940216,127.69359568585976,125.20990791933752,125.97171514550726,21235603
2022-02-03 08:36:44.631850,127.98208980370782,128.73865510957614,125.61689570962662,128.44994407654156,23328428
2022-02-04 08:36:44.631850,126.88730021034866,128.16726202750255,125.5484579834965,126.68490544681833,34092304
2022-02-07 08:36:44.631850,126.93360578613289,128.16127603509574,124.28773916821821,125.89271395724758,17161565
2022-02-08 08:36:44.631850,125.03060038013383,125.61973149689744,124.1291780865678,124.94321058018333,21065251
2022-02-09 08:36:44.631850,121.92783149831064,122.24460254661888,119.94328756360248,121.32356841632304,23983216
2022-02-10 08:36:44.631850,121.2299118739027,122.78228806911856,121.83251503284096,122.07849286072604,26031007
2022-02-11 08:36:44.631850,122.84932914845167,125.9330703101703,122.74449601465734,122.7525010922056,25365830
2022-02-14 08:36:44.631850,122.12808616778388,123.47267908968995,122.06654986285987,122.80188063437502,30038873
2022-02-15 08:36:44.631850,121.3597032156231,122.74159600771077,121.44543614190985,122.26256637554343,36833553
2022-02-16 08:36:44.631850,118.39897972445681,120.5958214440863,117.96582823958666,118.83830795953727,29394468
2022-02-17 08:36:44.631850,118.57665469033253,118.09031789276416,117.77753229081114,117.87418388375457,30304075
2022-02-18 08:36:44.631850,117.65784413865391,117.11953033879072,116.56611957947959,117.10160226010554,10950420
2022-02-21 08:36:44.631850,115.39781458340224,115.92545215261245,113.57982527007383,115.2577736671293,24769258
2022-02-22 08:36:44.631850,114.03986830686411,115.05798479006214,114.11093948079363,114.92056235821057,30699403
2022-02-23 08:36:44.631850,115.76998490673222,117.01134198484571,114.96932536921753,115.88371356064691,34777131
2022-02-24 08:36:44.631850,120.47150074420959,121.72939958505026,120.18920812171874,120.29004320867534,17086933
2022-02-25 08:36:44.631850,120.85210627631076,120.93754799843407,119.04305484613943,120.74612967461431,17373912
2022-02-28 08:36:44.631850,120.28509526047038,121.43746666094842,120.9068480441217,121.40431777103585,18127662
2022-03-01 08:36:44.631850,120.72017834096347,122.39165847550318,120.21582294403683,121.25997795407854,31585444
2022-03-02 08:36:44.631850,116.60558174403396,117.16001034935799,115.00602066968918,116.6429528421431,40505184
2022-03-03 08:36:44.631850,116.92879334532864,117.64791494578166,115.80222506700471,116.61609259352204,19702773
2022-03-04 08:36:44.631850,115.50910775482018,116.99354004645984,116.27411566043193,116.7915536560883,38033623
2022-03-07 08:36:44.631850,122.48094255443024,124.67852612625549,121.99254463004908,122.58030858915035,25693276
2022-03-08 08:36:44.631850,122.2328531632508,123.82120471773602,121.78323570234528,122.14548935325956,22699582
2022-03-09 08:36:44.631850,123.44095232471737,124.90215603480695,122.34944482684979,122.91878595391583,21732249
2022-03-10 08:36:44.631850,123.2959852076528,124.67795881027398,122.62791336593031,122.8703270178924,35085752
2022-03-11 08:36:44.631850,120.38491659361202,120.28653330604678,119.66159085276983,120.03527106277895,28425264
2022-03-14 08:36:44.631850,122.32363965346292,123.63658333492,120.72706225709653,122.81486257043855,75369460
2022-03-15 08:36:44.631850,123.5090513493655,125.99542546901922,123.36247792484829,124.69867807064168,15774222
2022-03-16 08:36:44.631850,126.45988402291778,127.47626922749262,126.46734817468916,126.70890043622116,31297564
2022-03-17 08:36:44.631850,125.06559057501454,126.71469306076315,123.27097428319998,124.44236341700133,18539228
2022-03-18 08:36:44.631850,128.8626460187476,128.83858568190954,126.64970536910488,127.97103691484268,15640222
2022-03-21 08:36:44.631850,124.86353947494555,125.02856824402149,123.9263947332103,124.42150154380309,24024061
2022-03-22 08:36:44.631850,126.18949203378956,128.63564564000896,123.6409170763786,125.91918081031147,25872113
2022-03-23 08:36:44.631850,131.72292663326314,132.26971791089855,131.1866918506132,131.47336412462118,103915307
2022-03-24 08:36:44.631850,128.54978187693342,129.86484523386892,127.81555343754984,128.90822327480714,22030250
2022-03-25 08:36:44.631850,127.40398214866127,127.86844585239366,126.65555923351532,127.48688705843657,13727485
2022-03-28 08:36:44.631850,128.84557996482428,129.44257281067743,126.38689339720644,127.77921797107703,27687880
2022-03-29 08:36:44.631850,125.93456377289698,128.50667104471418,125.53791110294283,126.53087722945946,8560592
2022-03-30 08:36:44.631850,123.63492071328025,122.68395180095939,122.19029186071555,122.64470040821948,23069491
2022-03-31 08:36:44.631850,122.6518662634143,123.7752429073823,121.12293706225273,122.84967152842557,24349275
2022-04-01 08:36:44.631850,121.07354454908118,120.8296913631521,120.2576680058695,120.27645318399053,35937798
2022-04-04 08:36:44.631850,120.59747556579329,122.27487383219344,120.35594481987448,121.45177647617741,39302988
2022-04-05 08:36:44.631850,119.60425760584071,121.65596078337708,118.17235417185081,119.25489787746137,18778350
2022-04-06 08:36:44.631850,122.53435244079353,123.15534101128645,121.11889163449888,122.98741973056721,22402721
2022-04-07 08:36:44.631850,120.2407818486964,121.540105960601,120.47915240638751,121.09770992808828,16468163
2022-04-08 08:36:44.631850,120.48552825334458,120.57629117380016,119.11367582525642,120.3540209996972,13742018
2022-04-11 08:36:44.631850,122.96586450162836,123.99651507023916,121.54347898985334,122.3483285712556,28203239
2022-04-12 08:36:44.631850,118.86883263133889,120.53299550971853,118.35307555900847,119.37314923355306,12777638
2022-04-13 08:36:44.631850,119.05296344016222,121.3919340038312,118.6422166546815,119.9520133526862,19632296
2022-04-14 08:36:44.631850,123.06734563704836,123.93268082914085,122.02777973152752,123.12388705900305,14686114
2022-04-15 08:36:44.631850,119.15032002129243,120.45037589858617,118.99759586759785,119.20243254069361,31795699
2022-04-18 08:36:44.631850,120.00647936638563,120.32062663519774,119.016247333177,119.6783693717843,59454094
2022-04-19 08:36:44.631850,120.90767344386614,121.76315260765416,118.92165257854215,120.33631986346451,12599982
2022-04-20 08:36:44.631850,122.21773576887094,123.1330040751899,121.15979533010285,122.25405450291889,9563752
2022-04-21 08:36:44.631850,120.37278087116908,120.4542350076876,118.55399401235007,119.2662859267675,22692761
2022-04-22 08:36:44.631850,116.28257365208508,117.0313819481774,115.0508182314215,116.15234669314552,24345288
2022-04-25 08:36:44.631850,117.19633533368561,119.06888842544727,116.85588441302814,117.39968715081541,26945575
2022-04-26 08:36:44.631850,117.18033502043886,119.90578406238778,116.51719489900496,118.13222521148393,19323639
2022-04-27 08:36:44.631850,118.60352388131228,119.14270336761213,117.75220306229961,118.75949043526587,21849319
2022-04-28 08:36:44.631850,119.4168088731145,119.918039972796,118.14367881818724,119.61799853883787,29027528
2022-04-29 08:36:44.631850,118.59372958241431,119.59464798099951,117.37515685736672,118.02702001535653,40638052
2022-05-02 08:36:44.631850,118.88494982465288,119.27042051062985,117.86860729976179,118.61067235663037,9088092
2022-05-03 08:36:44.631850,118.63774770276939,119.88554926226877,118.50994817819513,119.34148602048091,20085933
2022-05-04 08:36:44.631850,117.7736010798489,120.21986031353845,116.98736949480096,117.67225327092497,26880304
2022-05-05 08:36:44.631850,122.50851768436144,122.88427920940592,121.78055652902911,122.09855276334349,15264065
2022-05-06 08:36:44.631850,124.23424087107999,124.43622375002977,122.62791825836715,123.29226860707163,57401719
2022-05-09 08:36:44.631850,120.92592656742471,120.46032513460679,119.17747008314059,120.39168607226071,17580397
2022-05-10 08:36:44.631850,122.47282495963138,122.33638137881546,119.61410188551613,122.00867549688748,23661354
2022-05-11 08:36:44.631850,119.70283722647704,121.49595627213206,119.24847038474857,119.66688570722596,31896634
2022-05-12 08:36:44.631850,121.82261261498103,122.20400498984417,119.68395541291913,121.58654503929742,17972576
2022-05-13 08:36:44.631850,125.21785820745204,125.11027154135468,124.32176695759678,124.4404136737955,9594623
2022-05-16 08:36:44.631850,121.61933035238417,123.74835162410035,122.11267143835413,122.43522485408852,19495081
2022-05-17 08:36:44.631850,124.61287461522542,125.28655294635007,123.98319830702333,124.83097888160654,40415352
2022-05-18 08:36:44.631850,125.41265701171952,126.95554157293193,125.51871290027927,125.89898511873382,20410344
2022-05-19 08:36:44.631850,128.24935628160296,129.34411123149454,127.58497041914381,128.00668561126642,15819957
2022-05-20 08:36:44.631850,133.71862087128454,135.51444142917424,131.92846683147084,132.9011312769546,38371904
2022-05-23 08:36:44.631850,131.89388952781275,135.0088852531142,131.84551035859698,132.28875445196365,20472898
2022-05-24 08:36:44.631850,128.77653237814775,131.77208278134373,129.9221652952626,130.3342247109342,18716566
2022-05-25 08:36:44.631850,127.79070760862903,128.33796704176345,127.45372257741978,128.05464150725885,26029161
2022-05-26 08:36:44.631850,126.5791973421519,126.35248700601228,124.0688144591317,126.00369202812736,35511782
2022-05-27 08:36:44.631850,126.18548720056022,126.23405382933161,124.89479383818907,125.84719113477867,79467347
2022-05-30 08:36:44.631850,127.01495499241567,127.77750040351687,125.96734061473421,126.74360564773424,36529037
2022-05-31 08:36:44.631850,127.30453258371843,128.57996197662524,126.18690632179842,127.48300452056138,43138221
2022-06-01 08:36:44.631850,128.80127994169192,130.38613048797436,129.3138833244715,129.6302855394414,18755861
2022-06-02 08:36:44.631850,130.03705920081953,129.91964508581248,129.6519007187959,129.70288340423693,14462446
2022-06-03 08:36:44.631850,132.9554108816524,133.88962460770617,133.33277567647,133.5123454879306,24919611
2022-06-06 08:36:44.631850,134.2964393986423,133.17607556814312,132.40218149053362,132.84570010047682,25484601
2022-06-07 08:36:44.631850,140.51248619565857,142.36490639969148,138.10728114682624,140.11280935705355,14086727
2022-06-08 08:36:44.631850,141.49612984138415,142.6048567364427,140.37300853346204,141.90812339622732,22127964
2022-06-09 08:36:44.631850,139.0914473657396,140.54322980133003,137.6871621955908,139.51794342752757,29492861
2022-06-10 08:36:44.631850,136.50815672493326,137.4769321479968,135.72205334046598,136.57162443132674,28924417
2022-06-13 08:36:44.631850,137.76526372498464,139.54901436527666,136.09743321678573,137.93043674851748,31082139
2022-06-14 08:36:44.631850,138.1223850674743,137.60401231881175,136.8240672151976,137.35536948800134,27937554
2022-06-15 08:36:44.631850,139.48790506668482,141.16525135583035,137.837643499167,139.35801213246043,18746088
2022-06-16 08:36:44.631850,140.20403689536678,141.28124475257584,137.887165631061,140.7188086286373,18681600
2022-06-17 08:36:44.631850,141.88462075178245,141.4715778772182,139.11717054864422,140.55605631477002,13263471
2022-06-20 08:36:44.631850,138.25185986262275,138.94842568149727,137.87319460641365,138.21778342118813,58961044
2022-06-21 08:36:44.631850,134.587070349081,134.85782028923936,132.67050465022484,134.0716722438581,24317946
2022-06-22 08:36:44.631850,132.51038272409312,134.5604525316751,132.7220165448563,132.91459361942103,21586387
2022-06-23 08:36:44.631850,135.47654844637563,135.25979172343654,135.1987016213122,135.2310259519802,15181740
2022-06-24 08:36:44.631850,136.06196004643039,136.27018920985216,135.37323911332822,135.85063759313837,104827735
2022-06-27 08:36:44.631850,131.2547486340878,134.7622535661434,130.43507711552022,132.50670463716588,14123293
2022-06-28 08:36:44.631850,134.34562177920824,133.3256240762083,131.91685492720396,133.0054093243681,19493195
2022-06-29 08:36:44.631850,134.93548229348275,137.55838113800397,132.01584690586338,134.07029686337793,29737469
2022-06-30 08:36:44.631850,131.478903753349,132.48554282137334,131.0820136925472,131.74053737530915,32609247
2022-07-01 08:36:44.631850,131.45657793998913,134.51256204307347,130.33542188596377,132.18509609782856,38995859
2022-07-04 08:36:44.631850,132.6086867929918,133.37590150595398,131.89194900034087,132.37863812748824,59638044
2022-07-05 08:36:44.631850,129.44834474400506,129.88544411812651,126.67498304264892,129.39225468998674,31111212
2022-07-06 08:36:44.631850,130.58879026490655,132.0382532503531,129.5415773296965,130.3569706314946,14245969
2022-07-07 08:36:44.631850,131.9844263409693,132.74576544517845,130.69087156195573,131.85812116337166,21242775
2022-07-08 08:36:44.631850,135.09495027931328,134.94043542440178,133.95563812171935,134.7538606406956,28174170
2022-07-11 08:36:44.631850,138.6303596984281,139.31941979564652,137.4643206097184,137.6343646961436,67938471
2022-07-12 08:36:44.631850,134.26365987659509,134.16320940545265,131.26707036926828,133.8833620411502,12008163
2022-07-13 08:36:44.631850,130.72265521700703,132.5300325249659,130.74773006569055,131.4123436627583,44069930
2022-07-14 08:36:44.631850,133.71018576894105,133.57637372789887,131.39912066368913,132.80540719651444,26428596
2022-07-15 08:36:44.631850,135.31085361262132,134.9998504720564,132.22138060198267,134.2099198671283,36723053
2022-07-18 08:36:44.631850,137.77028241924523,137.89760913331298,132.9707635504155,135.63267301722613,22953997
2022-07-19 08:36:44.631850,145.3036382758566,146.70119998217368,146.11908794745986,146.12448822903414,15851642
2022-07-20 08:36:44.631850,148.01628168364786,149.60470186952278,146.34143319851907,147.83674724969987,35160589
2022-07-21 08:36:44.631850,149.66419574439064,151.9110760239884,149.20983462013479,151.23866488453123,33505344
2022-07-22 08:36:44.631850,154.59606967399318,156.0145184245815,153.02499001188963,154.1696755441606,39272240
2022-07-25 08:36:44.631850,155.7962106305282,157.1770518218993,155.4662557678904,156.22442200414625,23994799
2022-07-26 08:36:44.631850,156.77965749138178,155.49434443169025,153.37485554089895,155.28623422035506,17896021
2022-07-27 08:36:44.631850,157.07922447830055,157.71313134320582,155.03287103068322,157.68996953341232,11079493
2022-07-28 08:36:44.631850,153.98829070430378,156.51888744939112,154.42578719075644,155.2999408335707,36385708
2022-07-29 08:36:44.631850,154.24665977724223,155.61328518683658,153.25068297534546,154.61097250352054,29857443
2022-08-01 08:36:44.631850,151.64371117687034,153.34174514982178,150.11319183760475,153.15650519231926,14903530
2022-08-02 08:36:44.631850,154.0295365215763,154.0970294267657,152.638451221366,153.45324328495772,18452550
2022-08-03 08:36:44.631850,158.94482267528662,162.02845663761832,160.06487481974273,160.60311654101045,19127173
2022-08-04 08:36:44.631850,154.67553061545297,155.3300699723174,154.12408775976016,154.65352528919706,11507479
2022-08-05 08:36:44.631850,155.1933335271115,157.9554295295375,154.38529814836878,156.82257250092488,16049027
2022-08-08 08:36:44.631850,151.56828992659112,152.37741752096065,150.5149812327406,151.81141424001453,13702444
2022-08-09 08:36:44.631850,151.66008289575208,153.02183400726886,149.8000072358436,150.42406478487808,19653391
2022-08-10 08:36:44.631850,154.022519061591,154.35970127781377,153.03299526167353,153.74527950722856,16695524
2022-08-11 08:36:44.631850,153.3242152466938,154.33504797396944,153.92205025276076,153.98905808113196,10707955
2022-08-12 08:36:44.631850,150.6925224035265,152.12160067520043,149.87483097872123,150.71603673445244,66405810
2022-08-15 08:36:44.631850,148.61848373811634,150.71286051264588,144.84604154241927,148.60509674305047,45184757
2022-08-16 08:36:44.631850,151.0255669745662,153.32251410187055,150.22261504530536,150.66951205660934,16362297
2022-08-17 08:36:44.631850,147.49884635469635,150.7796439044413,148.1554367737922,148.51383322976133,27679723
2022-08-18 08:36:44.631850,149.6433884019378,151.085121542773,147.48400096428853,149.20132927721681,29761689
2022-08-19 08:36:44.631850,147.36213905958763,150.2064544196758,148.80497946074686,149.38207725782513,43817460
2022-08-22 08:36:44.631850,147.01566629045004,151.25297959203286,147.17858916130209,147.48014361165693,16041625
2022-08-23 08:36:44.631850,153.4725711097513,154.71625591065188,151.14740403907334,153.84817129852166,41701739
2022-08-24 08:36:44.631850,156.33837508541615,156.13248513773885,153.39340082880628,155.84487139661067,18366654
2022-08-25 08:36:44.631850,149.5963886924494,151.88614292653665,148.88271366892445,149.57946313848055,12385893
2022-08-26 08:36:44.631850,149.12667942512437,153.19492476687267,149.95560041283974,150.18213170348335,34693686
2022-08-29 08:36:44.631850,147.50934227259907,151.29537717183226,148.12979686313784,148.23941630276582,46056488
2022-08-30 08:36:44.631850,150.96098835338887,152.63352380818358,150.13001957557344,150.81117252740088,88097480
2022-08-31 08:36:44.631850,148.40730218445177,149.98638087394846,148.17645045739295,148.46599624285275,13258340
2022-09-01 08:36:44.631850,147.74080318684042,149.0477931130877,147.04630145988503,148.16984683997075,34258999
2022-09-02 08:36:44.631850,149.35084555198446,150.87606595338198,148.01812256325758,149.7107755496761,19679723
2022-09-05 08:36:44.631850,152.8782452370783,153.18766653319918,151.39925865175027,152.3479464134484,35736364
2022-09-06 08:36:44.631850,148.35139830326025,149.95335648235755,147.80005732206087,148.73639694332468,11579596
2022-09-07 08:36:44.631850,147.72087444184675,147.79095466510532,146.59730186186502,147.78596769056625,12846925
2022-09-08 08:36:44.631850,148.01517951474094,146.67569381630716,145.1154608268806,146.42649843267304,16388043
2022-09-09 08:36:44.631850,143.52811474984898,145.21230561539858,143.6441414926641,144.55713214521336,25127716
2022-09-12 08:36:44.631850,148.3185317115944,150.74720391809066,149.3256791152676,149.70467932302975,17530615
2022-09-13 08:36:44.631850,151.55360574881155,152.40429309361087,149.72373496169772,150.9621438702487,33582886
2022-09-14 08:36:44.631850,146.70103456555768,147.3306530092784,147.1510397458219,147.20051761504945,40363937
2022-09-15 08:36:44.631850,149.7082792339126,152.16238299632477,149.26500306714644,149.94687284444637,32598889
2022-09-16 08:36:44.631850,155.74537790578816,158.14117085238695,155.5486015162168,156.35607061488986,54265206
2022-09-19 08:36:44.631850,159.42426007090663,159.94076339514325,159.31799886665158,159.63162165979745,29737318
2022-09-20 08:36:44.631850,156.06621937431237,155.93856814805636,154.50999179042847,154.82872131496677,13144995
2022-09-21 08:36:44.631850,153.99083816650597,156.23851674475526,152.23063329689452,153.37570308498084,47759485
2022-09-22 08:36:44.631850,157.98615677112926,157.43804688065381,157.0299036895061,157.3079835609603,17848354
2022-09-23 08:36:44.631850,154.03024726581125,155.31760019217873,152.7263828484847,155.12873482274554,38080361
2022-09-26 08:36:44.631850,155.65117779631908,158.92159609283686,155.78334409735348,156.55225637075395,53056455
2022-09-27 08:36:44.631850,156.76721897097391,160.02778221282043,158.57161400915624,159.0246362261849,30351120
2022-09-28 08:36:44.631850,155.49242813588947,157.72325197361806,155.72428928395777,156.12424799605935,11431926
2022-09-29 08:36:44.631850,156.7313760180244,158.87732857741562,155.60851792343226,155.98521824142125,15262263
2022-09-30 08:36:44.631850,146.29738267970714,147.70195296811755,145.8300914834605,145.92021793850438,46798992
2022-10-03 08:36:44.631850,142.8160629985957,143.80666744219175,142.2889379327018,142.97441664634573,22196355
2022-10-04 08:36:44.631850,142.27922718440178,142.61736904890543,141.05069840269545,142.29509328916197,25135374
2022-10-05 08:36:44.631850,138.30867252992385,140.11828751456338,137.8849255287883,138.786713331502,35300659
2022-10-06 08:36:44.631850,143.5062599831525,143.89308307251954,141.63458673704966,143.3594893390587,34214545
2022-10-07 08:36:44.631850,139.83545235371284,140.81865914913146,137.85042161745585,139.30201043331854,27768140
2022-10-10 08:36:44.631850,137.00190560551326,140.7207689134315,137.4449053520871,138.1178194029088,21761780
2022-10-11 08:36:44.631850,138.72794341568022,140.65811403112286,138.03292397645714,138.52040681757433,20659085
2022-10-12 08:36:44.631850,143.21949388358266,143.25175688409652,141.4572112321469,142.55487818635441,37093392
2022-10-13 08:36:44.631850,138.21639660393606,140.0545749486367,136.70868993831272,138.5038615687347,31857543
2022-10-14 08:36:44.631850,142.2641489049725,141.96719701581475,141.12083521370198,141.7674661534101,21239006
2022-10-17 08:36:44.631850,143.83514970516484,144.347347596762,141.5816769727823,141.83901069589095,41493865
2022-10-18 08:36:44.631850,139.0246691064286,139.54675544280863,138.26956852529008,139.09723807801774,22645754
2022-10-19 08:36:44.631850,140.70066334490724,140.63178380282133,139.6417549780066,140.4245135889667,15778659
2022-10-20 08:36:44.631850,140.50527308403264,141.68292939201226,140.443265099495,141.02569816156483,16527143
2022-10-21 08:36:44.631850,139.50139526970403,141.5977045560871,138.08349922506778,139.37508578801985,14807281
2022-10-24 08:36:44.631850,139.9327677402618,140.32851641309765,139.5675790569648,139.61147174542958,21079150
2022-10-25 08:36:44.631850,138.7124750141315,139.31567457289714,137.40174027375622,138.5774712201253,44761642
2022-10-26 08:36:44.631850,138.22531336281583,140.55907171290204,138.13739592751398,138.9336633943821,16150352
2022-10-27 08:36:44.631850,140.9604826569745,144.85976974260083,138.3004170351629,140.81518829854045,26541971
2022-10-28 08:36:44.631850,146.38659980904606,145.36412378581605,144.80150926579535,145.3241379872332,17394338
2022-10-31 08:36:44.631850,142.08806138600644,144.28256772221613,141.34316580880022,141.7700458215444,21207076
2022-11-01 08:36:44.631850,148.5717815470074,150.31692915742468,147.5887628355151,147.8605816205689,11352850
2022-11-02 08:36:44.631850,141.963767879587,142.78188402634942,138.30453497141087,142.1322030468188,21633008
2022-11-03 08:36:44.631850,142.274838650697,142.59696738798502,141.24755335973055,141.74337170879127,21925202
2022-11-04 08:36:44.631850,143.6540060277767,144.12617000621503,142.01334258080485,143.45369600993234,31646685
2022-11-07 08:36:44.631850,143.61682259033077,145.74361788545104,144.16516086351265,144.30291855824183,27007913
2022-11-08 08:36:44.631850,142.77608662465067,142.97926379511597,140.01703977991514,142.54906227191074,13267180
2022-11-09 08:36:44.631850,141.2943772918928,143.0862966657296,141.8840239437275,141.99847435806532,41537164
2022-11-10 08:36:44.631850,140.19592182177507,142.36653703058886,139.46934820050643,140.64096628879966,26833227
2022-11-11 08:36:44.631850,139.15698920164644,139.16462158783762,137.75275717303012,139.02538200042235,26673917
2022-11-14 08:36:44.631850,141.63961015484668,141.71746932960434,140.6522031426534,141.42941473675666,24044307
2022-11-15 08:36:44.631850,141.6344741085497,143.73265784306096,142.31532333169508,142.4816933858176,18645609
2022-11-16 08:36:44.631850,141.29058721363432,141.7120787483837,139.6566233381823,140.54989924391296,26934031
2022-11-17 08:36:44.631850,143.53016773918495,143.4449761379173,140.63217903045228,143.12083765072575,30639304
2022-11-18 08:36:44.631850,143.53583582302625,144.5725589402314,143.5806642180497,144.04339319877153,10084923
2022-11-21 08:36:44.631850,145.30262451393676,147.76610150856015,143.74497144736392,146.4283545727373,18450823
2022-11-22 08:36:44.631850,148.20873490753004,149.50743783111923,147.10867448344345,148.31619338539738,21264009
2022-11-23 08:36:44.631850,145.57630100365785,148.0794773682747,145.19827738895899,145.90162055630404,27455726
2022-11-24 08:36:44.631850,144.3924015404067,144.70202515278348,143.77864298680944,144.31076461107784,43866237
2022-11-25 08:36:44.631850,146.2449053125386,146.54221348832746,145.93395207377026,146.5109080713473,16421952
2022-11-28 08:36:44.631850,146.85441470731703,149.45181843671227,145.48380473313975,148.34337938073685,18831076
2022-11-29 08:36:44.631850,148.03786064520452,151.921645593051,147.9122139118591,148.32587013288935,18694369
2022-11-30 08:36:44.631850,148.49116565925064,150.0331599781806,147.46151602339626,148.71842161832302,16179186
2022-12-01 08:36:44.631850,153.04665031010848,153.68743652002203,152.4886841294458,152.56328327798437,20305589
2022-12-02 08:36:44.631850,150.2775542391483,151.22826403509276,148.6849281472148,150.80401079548554,35512706
2022-12-05 08:36:44.631850,153.77932549838127,152.60150198893896,152.41942514415462,152.49934158624714,14261615
2022-12-06 08:36:44.631850,150.47624394839121,152.712264693095,149.33938610606154,151.9284064613281,29916095
2022-12-07 08:36:44.631850,152.30452627723244,153.67687373241867,149.42584221845414,151.31254581680858,10314372
2022-12-08 08:36:44.631850,154.50962225096526,155.50146919193747,154.58720430321443,154.68311403572883,18243711
2022-12-09 08:36:44.631850,157.95906916900745,158.53232233339986,155.78660968236795,157.28307839468894,20486062
2022-12-12 08:36:44.631850,159.95308632814812,161.89476375994795,159.3032838451287,159.88928931528582,55808114
2022-12-13 08:36:44.631850,165.04697078354306,164.59366116917872,161.31564168081968,164.11189767592185,21053952
2022-12-14 08:36:44.631850,163.91198843698314,166.4579861102916,162.7118197040991,164.23007085140136,8035487
2022-12-15 08:36:44.631850,165.60457613794694,167.29597943361577,163.91677238822598,166.5192835685187,8891048
2022-12-16 08:36:44.631850,166.71165389433457,165.5949308528113,165.08237439316898,165.53593139312784,24569460
2022-12-19 08:36:44.631850,166.5642530039868,169.35057531151386,166.25319489649354,166.65881575425553,32831055
2022-12-20 08:36:44.631850,166.4592218548021,168.21169428970532,165.77646762081505,166.27502365259062,29143076
2022-12-21 08:36:44.631850,167.6763076769977,167.8716445374466,163.4742709059838,166.6474662871538,26265978
2022-12-22 08:36:44.631850,167.81073206487656,170.0478313659282,165.93840353288607,168.68108873368115,43190442
2022-12-23 08:36:44.631850,166.4654980162088,166.30421330294163,162.28878697355583,165.97132594685647,18443164
2022-12-26 08:36:44.631850,172.45648257623554,174.9534026207739,172.69154799390898,172.96664315543745,37786228
2022-12-27 08:36:44.631850,169.4263452647467,171.26059205754123,169.03718717830134,169.53838415970355,10681165
2022-12-28 08:36:44.631850,165.5320149676072,165.57427717864593,162.9625921579073,165.4722141654086,15363822
2022-12-29 08:36:44.631850,168.08421217886678,170.08077953348072,166.8533034517925,169.35455923940006,9786156
2022-12-30 08:36:44.631850,171.4166614696903,173.27954259479907,170.07720488610437,172.08679933921925,21053499
2023-01-02 08:36:44.631850,175.46384971349136,174.59399479117278,173.9086705116558,174.28648101343472,23602646
2023-01-03 08:36:44.631850,177.31120177493597,177.17692012010798,174.59195222777305,176.52900951114407,25573078
2023-01-04 08:36:44.631850,176.48343844324438,177.9997472655306,175.49915198307184,176.53873000038993,24914030
2023-01-05 08:36:44.631850,173.63450550969532,173.57308257434866,171.9716772829872,173.42368867480192,15191146
2023-01-06 08:36:44.631850,173.48303543681308,175.60136166215122,172.68252768104577,173.73864190341075,21963215
2023-01-09 08:36:44.631850,172.6006285966316,176.44607879968328,170.51352037806964,171.4377803738397,11424567
2023-01-10 08:36:44.631850,174.65751809234115,175.59590807543682,173.87410604944353,174.83265896186924,47755962
2023-01-11 08:36:44.631850,174.57303267042994,175.94709941770847,172.9178082561965,174.37090009899802,20752700
2023-01-12 08:36:44.631850,172.5273326085953,175.59783485105203,169.64902780380194,171.54435758434954,18916723
2023-01-13 08:36:44.631850,169.83049964521732,172.21470434825488,170.11717423947664,170.49318233676348,53461384
2023-01-16 08:36:44.631850,173.2925577209328,173.01702067327,169.85806061497507,171.95237024599248,12979434
2023-01-17 08:36:44.631850,168.76388875196957,173.56436593842736,169.1925116598478,170.06528049665616,13759037
2023-01-18 08:36:44.631850,168.68303321370973,167.35446920133165,166.11845766594297,167.31967723676362,13962557
2023-01-19 08:36:44.631850,167.87195359040103,169.4097407202884,167.79763781189052,168.18534645140574,23348990
2023-01-20 08:36:44.631850,168.85464480178192,169.36900216148965,167.0653567560157,169.05979780795985,29973248
2023-01-23 08:36:44.631850,165.81453664715139,169.6979357338616,167.07151226577548,167.39644153273488,34964287
2023-01-24 08:36:44.631850,165.49247452090208,166.94111631451875,164.988534409133,165.8696577414724,87399284
2023-01-25 08:36:44.631850,165.82259681705895,168.02138643085578,165.88264929929477,166.68921951256365,7844190
2023-01-26 08:36:44.631850,161.41970026801613,162.69324318778573,160.12688616955714,161.91162530496635,32748502
2023-01-27 08:36:44.631850,157.29443839811017,158.90306694650545,156.3300269175761,157.40250384721443,18282131
2023-01-30 08:36:44.631850,155.93121516323876,155.3783958545155,154.55391659659279,155.1880262123747,18016389
2023-01-31 08:36:44.631850,154.73254220024745,157.08339328713822,154.0963077780806,154.57209377674212,17718395
2023-02-01 08:36:44.631850,155.81895915371538,156.08226357177102,154.27494949015028,155.57961807258542,15334491
2023-02-02 08:36:44.631850,159.33939494844208,160.62131230130075,158.79638552787424,160.2169990930877,56078464
2023-02-03 08:36:44.631850,162.29542407336487,163.4889883853724,162.14147384021936,163.01329721427035,36805161
2023-02-06 08:36:44.631850,164.00258971014011,165.08158126704336,160.5431648235582,162.5407590610158,24436732
2023-02-07 08:36:44.631850,161.93025043386885,163.96300114814423,161.4919014683979,162.5277031113948,47465224
2023-02-08 08:36:44.631850,160.63700185091636,159.4416939443593,158.5873944367559,159.31768552360205,11338737
2023-02-09 08:36:44.631850,159.11288529571527,159.59400764777388,155.9817219111725,159.3064914296973,12417873
2023-02-10 08:36:44.631850,158.43639191838525,163.49356602475686,157.50834283426448,158.43457947738142,8129550
2023-02-13 08:36:44.631850,160.3583468371329,159.98123038563847,159.45516497977056,159.50470543915884,17026691
2023-02-14 08:36:44.631850,157.9114984630219,158.09327478474717,155.48619518116132,156.91361229116117,26188979
2023-02-15 08:36:44.631850,158.50266800918152,159.26669992835843,157.1053266364543,158.5905371264566,25429724
2023-02-16 08:36:44.631850,163.1822839777408,165.37737700541228,162.4078546525895,163.49967203734857,26027675
2023-02-17 08:36:44.631850,163.14744781659266,163.3779264351408,162.71623866286188,163.1930769668912,11928864
2023-02-20 08:36:44.631850,164.83122623641881,166.91989828358433,164.24491049839924,164.55316632964116,36091840
2023-02-21 08:36:44.631850,167.6175162042788,168.4077924809654,163.13881745671733,166.87383986072888,27229561
2023-02-22 08:36:44.631850,165.58833999978214,166.69118329882826,162.07328008505348,165.58483799720065,34848726
2023-02-23 08:36:44.631850,166.89148090793907,169.49336968795575,165.36695790353727,166.3766397945392,9375579
2023-02-24 08:36:44.631850,167.83213047507664,168.26639373497127,165.70655062719874,166.46845441305797,28225755
2023-02-27 08:36:44.631850,167.16169006463397,167.5899226632952,162.2595588874986,166.84359473255233,13337862
2023-02-28 08:36:44.631850,164.57025815804704,166.41910514454108,163.49308548192326,164.3142131889345,19802888
2023-03-01 08:36:44.631850,163.19517557767225,164.55563920581315,163.57867153902728,164.4440548528608,31553101
2023-03-02 08:36:44.631850,163.94601286820733,167.54796876128393,163.82478239674444,166.13124523576062,25280573
2023-03-03 08:36:44.631850,171.3347569740275,171.83159666022382,170.3442928438651,171.00269050090944,15779623
2023-03-06 08:36:44.631850,174.25209335878247,175.81024290305837,173.66706626582516,174.33474915165172,24230835
2023-03-07 08:36:44.631850,181.4263592591646,183.06512205603462,181.63760102330968,181.8945400485575,11231493
2023-03-08 08:36:44.631850,179.37573318274434,181.00283466435496,175.34051038716078,179.157581770394,42932243
2023-03-09 08:36:44.631850,182.2819169913176,182.94740541196438,180.9362602747133,182.33698616099085,21798636
2023-03-10 08:36:44.631850,184.09254671856198,183.79920787074062,182.66598236923141,183.0602878321,42256763
2023-03-13 08:36:44.631850,191.2148179618692,192.9580749264373,190.16105833854527,191.1325250234577,18563988
2023-03-14 08:36:44.631850,187.39754150065812,188.89681287546117,180.7147689095979,188.1000229359235,18591443
2023-03-15 08:36:44.631850,185.91330998020354,188.81303685389452,181.14186384047105,184.9974189873243,16484096
2023-03-16 08:36:44.631850,182.6367003520535,184.78702226572295,179.68184385937494,182.83519636567792,37433888
2023-03-17 08:36:44.631850,175.58463405745619,175.16600307008247,174.6202006755803,175.12358908829947,16941629
2023-03-20 08:36:44.631850,172.92092486789716,175.78255207510884,172.83664338887206,173.33468403746733,33340976
2023-03-21 08:36:44.631850,170.20019807972128,170.89099570286066,170.67728960571617,170.75500404201992,19950680
2023-03-22 08:36:44.631850,171.3919388143859,172.09484301482453,170.59303936639256,171.31984037558533,8993551
2023-03-23 08:36:44.631850,172.5532953257395,174.37530537470695,171.5590254822893,172.5422279120489,18162016
2023-03-24 08:36:44.631850,179.4979737236182,179.83532702531645,178.47831860754872,179.06836451126105,13395721
2023-03-27 08:36:44.631850,182.2807278245169,182.86748862403533,179.7566668938123,182.52590186654427,24567902
2023-03-28 08:36:44.631850,178.81758037586866,182.2536553185432,179.12005721740437,180.47466243630652,13320251
2023-03-29 08:36:44.631850,176.9023594270934,179.39105217948324,176.54812880175683,177.285983144249,38377716
2023-03-30 08:36:44.631850,179.79417487494896,183.7208544227768,177.0596100899332,179.08337641815297,23079655
2023-03-31 08:36:44.631850,174.14914049604826,175.41939434379546,173.62360450558648,174.40846502362595,22102515
2023-04-03 08:36:44.631850,180.62643456728736,181.43842592150838,178.57568117935452,180.84922580526748,33529830
2023-04-04 08:36:44.631850,186.08273143570864,185.529437661251,184.17821993822193,185.16949722733136,39112531
2023-04-05 08:36:44.631850,182.83431671923057,184.13552371292815,182.82979007401198,183.4875076842689,23913426
2023-04-06 08:36:44.631850,175.88842430959244,177.85576040608748,175.960116000081,177.2557782351592,16426391
2023-04-07 08:36:44.631850,181.96232746227787,182.64654033478044,180.7283482083252,182.10858899490518,9949324
2023-04-10 08:36:44.631850,181.30606426916435,182.05221894597156,180.50016455707652,181.74604777955068,17140851
2023-04-11 08:36:44.631850,185.39987790757831,188.75461941162328,182.8559789712875,186.29993604544924,17741088
2023-04-12 08:36:44.631850,180.25678609664322,182.23094428363814,180.09824693322795,180.41499060901316,25483168
2023-04-13 08:36:44.631850,178.74458331236707,180.33886663986627,177.11413607735813,178.30639032344624,20326307
2023-04-14 08:36:44.631850,178.37029754171323,180.7280331236076,178.2036504575402,178.37858194391706,34071318
2023-04-17 08:36:44.631850,178.87383579313394,178.8105721899348,176.28527900970877,178.599702152393,17778641
2023-04-18 08:36:44.631850,178.65093061140504,180.80230269661087,175.7729894005557,177.04565087993333,23475770
2023-04-19 08:36:44.631850,178.99682387108305,180.39407249381426,177.96839602847928,179.30422200865704,43662218
2023-04-20 08:36:44.631850,175.77372816006192,177.806043481412,175.1876851991421,175.52943626543976,28657123
2023-04-21 08:36:44.631850,174.63648815158746,175.1222972016151,174.9698771708152,175.08225928148835,23440626
2023-04-24 08:36:44.631850,174.81309887382804,177.3103517715101,175.3949395720993,175.55601657890904,17877040
2023-04-25 08:36:44.631850,176.89608325221852,178.31048615730097,176.96742788543912,177.41494003349976,17599557
2023-04-26 08:36:44.631850,179.5623203291496,181.50624550800106,179.78398237534594,179.99318673397156,15786936
2023-04-27 08:36:44.631850,176.31496264206862,176.96086997924243,175.62073415599122,175.99862640909058,18430114
2023-04-28 08:36:44.631850,172.65575145809183,171.05912720038492,167.95830591886556,170.65138626092948,35244953
2023-05-01 08:36:44.631850,174.43656335874564,175.7055031173999,173.3381670774885,175.06332809381655,21618410
2023-05-02 08:36:44.631850,175.91215480461804,176.9699558158564,174.74722681626235,176.2793670304318,12300044
2023-05-03 08:36:44.631850,173.63857593001828,175.29556175883116,172.90215410893597,173.69339618264115,58473525
2023-05-04 08:36:44.631850,179.48850645135894,182.02768840245105,177.54106861722926,179.13400129397434,28345606
2023-05-05 08:36:44.631850,179.8388381804525,180.18106124255323,177.88642619508911,179.60216669614448,11953423
2023-05-08 08:36:44.631850,185.0728095135135,186.1303927122001,182.2811527938327,183.89213393488384,19366891
2023-05-09 08:36:44.631850,181.96096992096926,186.9978215213445,181.48302898799702,184.19562392759528,25532001
2023-05-10 08:36:44.631850,189.55292467080028,193.7576821713201,190.683806092454,191.84249761039626,56643967
2023-05-11 08:36:44.631850,198.14253590977614,199.49237892385094,198.17906574716528,198.63502978711622,13879781
2023-05-12 08:36:44.631850,198.7902720169124,198.5037571121701,194.46420892592909,197.70556027507106,39350544
2023-05-15 08:36:44.631850,200.02834686790982,201.65535145976682,200.8153239860974,201.60657152726188,48629612
2023-05-16 08:36:44.631850,201.19745947410712,206.11527956169016,202.233606601897,204.2692941495603,17639880
2023-05-17 08:36:44.631850,210.52147849280615,210.6028643532683,208.9426867246681,209.9219629819641,21025429
2023-05-18 08:36:44.631850,206.18465328111972,208.36180808814686,204.61480286208004,205.93376703141217,14387140
2023-05-19 08:36:44.631850,207.68287741482268,211.30129639171173,208.42335957664102,208.82117039221916,21818513
2023-05-22 08:36:44.631850,212.2531466407154,214.29529396632802,212.61301814646544,213.3042455456511,23717056
2023-05-23 08:36:44.631850,204.8671219017907,206.279422772824,203.50260645586,205.86530483405824,33592890
2023-05-24 08:36:44.631850,201.16634545405637,201.6247920103829,200.88390888502624,201.05522693735978,41661655
2023-05-25 08:36:44.631850,192.3114478731297,193.41504576570907,187.1452105006417,192.91557773989052,16617251
2023-05-26 08:36:44.631850,192.40813522442582,193.06006177373374,191.57527964450028,191.93399691093356,9032479
2023-05-29 08:36:44.631850,191.96635666341297,195.67084801010637,191.57071087658042,194.74599217215498,23899727
2023-05-30 08:36:44.631850,199.79631402639808,202.4042863623264,198.23607619308538,200.6559762639521,27973516
2023-05-31 08:36:44.631850,199.88176389086823,203.71912545803488,199.45083034915353,201.01352426685514,27363179
2023-06-01 08:36:44.631850,207.3551944052506,207.8836942641589,206.65239495891728,207.62130333395663,20514928
2023-06-02 08:36:44.631850,201.40951914337003,205.86854225542547,198.88110548015578,201.95282045520344,25709626
2023-06-05 08:36:44.631850,195.9117781844316,197.08532855272972,193.28169596054866,195.13334854250724,51532457
2023-06-06 08:36:44.631850,193.16248247164475,196.29653834097198,191.56818115829338,194.97510437727942,29234704
2023-06-07 08:36:44.631850,196.5759634145095,197.5412505054307,194.69921309297564,196.53126092848555,20041502
2023-06-08 08:36:44.631850,197.01016814630717,196.81451894414946,195.99696894419495,196.46170950539067,18810035
2023-06-09 08:36:44.631850,190.14611957478968,189.0577610653985,186.2577074563679,188.39718383269732,22188258
2023-06-12 08:36:44.631850,187.6647596757249,189.03815227289843,186.0367675342005,188.11790369850178,54754492
2023-06-13 08:36:44.631850,183.5637696076088,184.42968926391086,181.75539981497252,183.26645771213924,22039561
2023-06-14 08:36:44.631850,184.1004358238682,187.83756403327223,184.64539427374672,185.77600796647567,23917066
2023-06-15 08:36:44.631850,184.95504656047459,187.96099923971175,186.2036302372887,187.19384394261328,18978991
2023-06-16 08:36:44.631850,184.50726497716948,184.17447349783393,181.78998177571555,183.73120789486447,41845368
2023-06-19 08:36:44.631850,181.89300243572,183.12145797982885,179.6732951041049,181.89805946884331,64354577
2023-06-20 08:36:44.631850,179.1487123407192,181.4829267025742,177.63823345402463,178.09925120278876,30259069
2023-06-21 08:36:44.631850,176.7075750820946,178.16541342664098,177.30220893029517,177.9294189723412,25175615
2023-06-22 08:36:44.631850,181.8532599759831,183.14937452759668,180.34724283580005,181.3817561604865,24603306
2023-06-23 08:36:44.631850,179.52225892054042,179.8293734394299,174.62218547159347,177.86031625978515,7332643
2023-06-26 08:36:44.631850,180.08379129794085,179.9230047910806,179.22136071711856,179.706671807856,35060140
2023-06-27 08:36:44.631850,178.1007238698358,181.7189635359402,174.45373053913377,177.85476717342894,25830931
2023-06-28 08:36:44.631850,175.09528967079055,176.57153130966435,174.96762950308607,175.08779934397785,29923989
2023-06-29 08:36:44.631850,173.3928518162986,175.70110062937707,172.3741884300949,174.76553148003228,16924433
2023-06-30 08:36:44.631850,172.3598344704541,171.35446014305828,167.79726171437727,171.1994676457114,19930694
2023-07-03 08:36:44.631850,168.8378787593239,169.91736390674464,167.8116985619771,169.35513815924799,19667685
2023-07-04 08:36:44.631850,165.76568720473944,165.66359775175835,165.17374675772658,165.3486091807499,40257685
2023-07-05 08:36:44.631850,170.55211226821726,173.11502091120823,169.723250149636,171.89550512650789,19987548
2023-07-06 08:36:44.631850,171.05356856315873,172.8176407233677,170.61206512786688,172.06830669962054,68430566
2023-07-07 08:36:44.631850,170.92967268267552,170.5827172040903,168.78956626130793,169.71191552533412,29961722
2023-07-10 08:36:44.631850,170.19307158885556,170.9316267778186,170.148472844763,170.4891279106846,12764247
2023-07-11 08:36:44.631850,171.3936872926508,171.41440009843055,169.70801108705612,170.15726042442384,22651278
2023-07-12 08:36:44.631850,169.39003257227878,170.49909503675573,167.3002326012986,169.45631596867807,17438002
2023-07-13 08:36:44.631850,170.00839770885327,173.19374795095322,170.33176814361192,171.58864139106865,8063100
2023-07-14 08:36:44.631850,175.01688036960476,176.1319244751926,173.73664108007083,174.2397123596915,53743617
2023-07-17 08:36:44.631850,171.9346820455508,173.36752996114976,169.58955447062903,172.44329692607653,34331411
2023-07-18 08:36:44.631850,171.104774037008,171.8869221583359,168.8721436045637,170.50910999821554,31534844
2023-07-19 08:36:44.631850,169.64366795448097,170.2452874679081,169.41414463082285,169.6222863295185,26237541
2023-07-20 08:36:44.631850,160.6151537183914,164.83938858252552,161.7128941088805,161.8640303971622,12103330
2023-07-21 08:36:44.631850,157.13646850774322,157.35834929537558,155.23298645241277,157.00749096329704,18966625
2023-07-24 08:36:44.631850,163.11855089027918,161.9103946081559,157.45562045736432,161.34678319446124,36795657
2023-07-25 08:36:44.631850,167.11430478480312,166.73576535183187,164.17551188068373,166.70339221006319,14280278
2023-07-26 08:36:44.631850,165.87538255672487,166.42614547098015,164.92404679227002,165.92310017619405,6811448
2023-07-27 08:36:44.631850,168.78883585040353,169.2291512182645,167.76521956119464,167.88615948101457,21562084
2023-07-28 08:36:44.631850,169.15961268024796,171.71288499550104,168.62302304138026,168.9816171905426,22502145
2023-07-31 08:36:44.631850,179.62578864189683,181.32850135728648,177.72969532632888,179.4377968386936,25848980
2023-08-01 08:36:44.631850,182.50789128947335,185.46902918937008,183.36732516849148,183.5095092878191,34769785
2023-08-02 08:36:44.631850,183.30916236701046,184.8350466999298,182.6231480315418,183.09508025176714,33224659
2023-08-03 08:36:44.631850,180.58100548196572,182.72404625649634,177.42007948287878,179.6509137027318,27491430
2023-08-04 08:36:44.631850,173.20572476121384,174.11448946104204,173.351575532291,173.93281799186934,43914964
2023-08-07 08:36:44.631850,175.93702356883313,174.98769726612517,174.42155156282632,174.69277790817208,11302280
2023-08-08 08:36:44.631850,172.02369125774112,172.22316708412913,168.81921897144204,172.1026054862119,31086708
2023-08-09 08:36:44.631850,166.51632872615627,169.20210818459685,165.8196955438784,167.25876488617396,33041310
2023-08-10 08:36:44.631850,165.96981782383708,166.67752987968777,164.4629897035356,165.14604287509388,12996866
2023-08-11 08:36:44.631850,161.39155604685092,162.00857909033593,158.57237577997034,161.62331922842893,11393626
2023-08-14 08:36:44.631850,167.7601061247896,168.7552381249532,166.1952930160519,167.12543484557557,16635157
2023-08-15 08:36:44.631850,169.87428754844117,170.97493476516112,167.85050691920523,170.12246103117573,17352189
2023-08-16 08:36:44.631850,170.09547525610992,170.46893750347414,169.31939815278926,170.14637126225105,35205389
2023-08-17 08:36:44.631850,175.66599922434253,176.98772635362806,172.52216184387657,175.23355767168923,17764819
2023-08-18 08:36:44.631850,175.8126236933496,180.30299925241155,173.65653526931195,175.55727821499332,15741730
2023-08-21 08:36:44.631850,170.86384844077924,173.75576808561823,171.77275670483144,172.58585119536252,17790641
2023-08-22 08:36:44.631850,176.89770186846596,179.05858832675642,177.72844614082967,177.89502025775582,42258503
2023-08-23 08:36:44.631850,180.70162227205435,183.15845911103636,177.48112258470655,179.86577702660094,24312998
2023-08-24 08:36:44.631850,176.07203035533666,177.08911490942816,173.92060170137879,176.1884350493933,22084233
2023-08-25 08:36:44.631850,175.1108230550227,177.98232240734663,173.11765357321312,175.5705821034897,22862241
2023-08-28 08:36:44.631850,171.37649694689668,172.78576263296915,171.5416046985946,172.5485971491767,46086478
2023-08-29 08:36:44.631850,166.92230678110417,169.42755236660074,166.08566447172237,167.82835865399832,16608316
2023-08-30 08:36:44.631850,169.25897299789932,173.74427834756065,168.38959268160036,170.98748431408296,46629975
2023-08-31 08:36:44.631850,177.47858618630568,179.9033814869552,172.53949109049296,177.56850751660588,26835820
2023-09-01 08:36:44.631850,172.13833089038457,175.48642682189936,171.87599884640318,172.65494693397716,22293156
2023-09-04 08:36:44.631850,173.80665547879119,175.94686298650998,173.6871125465928,174.65073189178278,84347037
2023-09-05 08:36:44.631850,172.37169033828738,172.56049363612155,170.36080668010578,172.4304230934088,14248757
2023-09-06 08:36:44.631850,171.1130825087631,173.53844111079542,170.0111574839021,170.8022474998951,20239710
2023-09-07 08:36:44.631850,170.59681530158227,169.24527081544775,168.13523300227897,168.82984390083945,13043289
2023-09-08 08:36:44.631850,164.70855968770513,167.36262288241875,164.04809437758874,165.96314431847352,38889349
2023-09-11 08:36:44.631850,167.1372841660162,169.78153141968934,163.06696492859197,166.17398930059255,56209394
2023-09-12 08:36:44.631850,164.25752217074694,163.74970239302613,162.82711099289892,163.46219558230646,55670525
2023-09-13 08:36:44.631850,163.75502716756642,164.5979666359995,164.0823754116004,164.39542357202504,44543392
2023-09-14 08:36:44.631850,164.446501463384,165.1855416641451,163.5415893371949,164.27956389344968,21882324
2023-09-15 08:36:44.631850,163.16954682757537,163.61507122515388,162.71000509826345,163.5437621439696,20123110
2023-09-18 08:36:44.631850,160.7734282482622,163.34696158945425,160.56897712591032,160.62429775910397,10474089
2023-09-19 08:36:44.631850,160.0180132841802,159.80850457029018,154.86766332078744,158.81961524962924,66848322
2023-09-20 08:36:44.631850,161.7550005438286,161.58051699329133,160.20514465037888,161.26668001117596,30538203
2023-09-21 08:36:44.631850,163.34502460472257,164.14039746293633,162.19178019922114,162.9306850513537,18887701
2023-09-22 08:36:44.631850,159.4502849130686,161.90340729358084,158.22444153595313,159.79408934265766,46923465
2023-09-25 08:36:44.631850,158.97105314258906,161.13928808149453,160.0650130515418,160.15948187522784,14851593
2023-09-26 08:36:44.631850,162.44486553855648,162.6745923195278,161.8876862868425,162.61436516712928,29600772
2023-09-27 08:36:44.631850,158.18236158532352,157.90877192277046,156.6951608751169,157.23376387675532,22157474
2023-09-28 08:36:44.631850,157.77560614271314,160.09050289157483,158.71860565879373,158.98962536969225,33242461
2023-09-29 08:36:44.631850,156.10243865258477,159.13725463580903,155.41949693458818,156.930316193386,23399219
2023-10-02 08:36:44.631850,158.86851643431078,158.90022516602625,158.44024670307394,158.768279877881,11693410
2023-10-03 08:36:44.631850,155.62232144285994,158.74555004728703,155.43795249226736,156.3922834941384,25085189
2023-10-04 08:36:44.631850,150.19627037133068,151.93992585047457,150.55710300978964,150.79380851597423,40809769
2023-10-05 08:36:44.631850,145.62150026990773,146.05088501370952,145.07465171918136,145.93058020393352,23804657
2023-10-06 08:36:44.631850,145.1170167701466,148.24439767172964,145.7870875333391,146.11470066130212,35589370
2023-10-09 08:36:44.631850,146.2019427514202,147.37180289280167,145.86763359713186,146.91752058338128,14320967
2023-10-10 08:36:44.631850,144.8119354177144,145.38979147532032,141.3462413169034,144.30439671190288,23839861
2023-10-11 08:36:44.631850,145.23509535902474,146.65732554237832,144.49626327677103,146.19072202108924,17676467
2023-10-12 08:36:44.631850,140.24709421547303,143.27168619054865,140.90121735999065,141.3766028865831,35092234
2023-10-13 08:36:44.631850,140.78727413351308,143.8805199470041,140.6312444392901,141.23217311840534,24538301
2023-10-16 08:36:44.631850,138.35836821293813,138.0124216618154,136.2034027553662,137.85385377885999,34107806
2023-10-17 08:36:44.631850,135.96404417720169,136.3159851533845,134.23122642451796,136.09804754513885,41610171
2023-10-18 08:36:44.631850,135.95135686563708,137.1827152775667,135.30115397659935,136.26789429185035,34134162
2023-10-19 08:36:44.631850,133.99355268431532,134.24944670058034,133.57728939582225,133.96384030998172,27689372
2023-10-20 08:36:44.631850,131.81303284064478,133.9736201453152,131.93151266590175,132.97369871172427,14663821
2023-10-23 08:36:44.631850,136.0254329148862,136.12272400624298,133.3356683818137,135.6898003579029,24121326
2023-10-24 08:36:44.631850,134.42215813670217,135.23292806265107,133.01545267649627,134.1649404459364,18503210
2023-10-25 08:36:44.631850,136.16835577901983,137.9157875104124,135.68957132074928,136.44760157699736,20337316
2023-10-26 08:36:44.631850,134.07659995746323,133.4340509784598,133.13295358650137,133.40562004140796,20029824
2023-10-27 08:36:44.631850,134.09895260886418,137.4231497316979,133.23800936455777,134.85921882452672,14798512
2023-10-30 08:36:44.631850,139.57055328894307,138.87204279252776,138.23869618706203,138.78785295145158,9077693
2023-10-31 08:36:44.631850,132.07074636056268,132.9036805809698,131.54986536453998,131.9688046386984,17295008
2023-11-01 08:36:44.631850,129.6864895236592,131.8714810232003,129.47268638981615,129.90508899435622,26607128
2023-11-02 08:36:44.631850,131.4302913554956,133.81345988509096,131.32060182354058,131.44335264180555,12309864
2023-11-03 08:36:44.631850,130.87877524951776,133.02341659815457,130.25585118060488,130.94900632199926,24345099
2023-11-06 08:36:44.631850,132.76545926537767,132.31281585956185,129.96181490437996,131.96031469026553,62466077
2023-11-07 08:36:44.631850,129.7038349338347,131.06926852660945,129.98648488146685,130.40586127852706,40286552
2023-11-08 08:36:44.631850,130.17262428441794,132.7369741990588,128.37763392935582,130.67081935317717,54941017
2023-11-09 08:36:44.631850,130.9783389265181,131.4694344672631,130.27919325246057,130.30317116091672,29372338
2023-11-10 08:36:44.631850,132.9883973769758,134.02990999677507,133.0851063886183,133.3855762294471,43303971
2023-11-13 08:36:44.631850,134.70814016786514,134.30116907880839,133.17534222413866,134.10431331808624,16818964
2023-11-14 08:36:44.631850,136.1975684276214,137.22732842213023,133.33579293433652,135.05002407552075,17502072
2023-11-15 08:36:44.631850,133.70890060939647,135.1796271084531,131.69706310238433,133.97805919892357,6140580
2023-11-16 08:36:44.631850,133.16380560732685,133.0680534448601,132.44316795688025,132.7116819055923,43709356
2023-11-17 08:36:44.631850,130.8442358707242,132.77622405238156,129.45580600139957,131.60338491761243,52177503
2023-11-20 08:36:44.631850,133.18178486137157,135.5361428193965,131.70849450211432,132.68109067558748,18318304
2023-11-21 08:36:44.631850,131.73498613468314,132.55019421970115,129.21112352664406,131.6037614013356,21274593
2023-11-22 08:36:44.631850,132.7191171721215,132.68550075445472,131.37959974286105,132.40595175229802,16569412
2023-11-23 08:36:44.631850,137.4963257338374,139.3033129539925,137.1787096551111,137.9415818980663,29248146
2023-11-24 08:36:44.631850,139.22028440047515,140.57051750004157,140.05771260773292,140.38625076507273,42391832
2023-11-27 08:36:44.631850,139.8640331952491,139.62020056726064,139.1662525267281,139.51298221345766,10105738
2023-11-28 08:36:44.631850,141.4321658667837,143.22786873125077,141.1908966464966,142.90653483927002,29642487
2023-11-29 08:36:44.631850,141.55809940778042,142.70466768997923,141.58406751128433,141.78307404948674,21034281
2023-11-30 08:36:44.631850,136.6863987112318,136.27562596861787,133.37005458874697,136.04617773383762,25564039
2023-12-01 08:36:44.631850,133.47200792022974,133.9333674291882,131.8543639480434,133.34406579863543,30386135
2023-12-04 08:36:44.631850,129.64567518615888,129.7949056832377,128.15627255088287,128.39488899811846,21985611
2023-12-05 08:36:44.631850,128.184421499522,129.33012951091803,127.13541272031253,127.53075676952139,22935731
2023-12-06 08:36:44.631850,127.19875472864472,127.74180841845364,127.5437782305739,127.61599419328248,21705199
2023-12-07 08:36:44.631850,131.9511009698076,131.9579521664523,130.32485753048545,131.93308327771493,39238073
2023-12-08 08:36:44.631850,132.8038514205519,133.77607278370942,130.24356164505548,132.83531393127006,29780964
2023-12-11 08:36:44.631850,131.24652359896686,132.60160757516104,132.10312187296074,132.2930787749128,26971512
2023-12-12 08:36:44.631850,133.8947126130317,135.80948764496748,132.08158143417614,134.52725905630248,12794476
2023-12-13 08:36:44.631850,128.2578367683453,128.98775245675702,127.6413275455068,128.61845778355055,19989348
2023-12-14 08:36:44.631850,127.94708975534583,130.0547866683152,129.1410306510551,129.26313094279115,37857307
2023-12-15 08:36:44.631850,131.3259770788114,131.76943417826928,130.74387278327498,131.294798852007,24614549
2023-12-18 08:36:44.631850,127.29285062443864,128.90927066626452,126.35054118968024,127.45157361716244,33590899
2023-12-19 08:36:44.631850,129.3145032029468,130.5468417239275,128.73678439032284,130.4052741420019,58425085
2023-12-20 08:36:44.631850,131.59265084031088,131.37087008681507,129.95916191438624,131.32723006055232,40600991
2023-12-21 08:36:44.631850,130.74216067437945,130.54698201866108,129.51563866547022,130.27585600136615,25306685
2023-12-22 08:36:44.631850,132.11346425054978,132.13328555164358,131.79274704070374,131.96366274354935,18708816
2023-12-25 08:36:44.631850,137.77262983854214,140.5931115236078,137.196049574438,137.99623077200215,6737673
2023-12-26 08:36:44.631850,138.94925749272844,139.29976790536975,137.5602408938898,138.53956679528758,22204544
2023-12-27 08:36:44.631850,139.7425638088341,139.39820018415912,138.077373193271,139.2688961152406,20521706
2023-12-28 08:36:44.631850,138.24333946817688,138.25183474522254,135.75438508307573,138.0311830761257,29361154
2023-12-29 08:36:44.631850,135.16688331621472,137.121319373576,134.27338980052113,135.72649195609236,22365885
2024-01-01 08:36:44.631850,138.21206507613846,139.7681261673684,137.01417530689227,138.02118125418014,20579530
2024-01-02 08:36:44.631850,136.51056382639248,136.87482795339574,135.20899233802814,135.6994335904656,9922351
2024-01-03 08:36:44.631850,135.52886139153378,137.2521989483406,134.1765495232459,135.93437337764016,15097143
2024-01-04 08:36:44.631850,136.08926856178473,135.2518830138605,133.9056768381279,134.67655237534984,30655588
2024-01-05 08:36:44.631850,135.64965467159544,136.88601741170038,135.3942497278124,136.00710237283985,56965353
2024-01-08 08:36:44.631850,136.97770442144144,139.38689896301108,134.39469626907908,136.9555128257857,23005348
2024-01-09 08:36:44.631850,139.36833877709324,141.5077000505838,138.21391426621034,139.83853578249497,28457022
2024-01-10 08:36:44.631850,138.60865221469587,139.7266949466063,138.06207103597836,138.45408841441156,38889664
2024-01-11 08:36:44.631850,136.5483783315315,139.12660419999077,137.33388963403027,137.74831887789705,16103593
2024-01-12 08:36:44.631850,134.7243496238018,135.99914442622625,133.45926136442984,135.0931822450065,29017423
2024-01-15 08:36:44.631850,133.20193346325516,135.79826498655763,133.41231838145745,133.93329039260618,16680566
2024-01-16 08:36:44.631850,135.0754749570213,135.32165542783105,134.64468284071265,134.98413230972895,37222062
2024-01-17 08:36:44.631850,137.74979242125966,137.4639639056609,136.80197526886786,137.06825658114616,26054512
2024-01-18 08:36:44.631850,135.0160872303533,134.93172992940598,133.56423052274542,134.5813851928282,28042335
2024-01-19 08:36:44.631850,135.3382740263438,137.14636749024677,135.52608038782185,136.96241499438014,16333041
2024-01-22 08:36:44.631850,142.1537013056016,141.85787694866204,138.3874943102915,140.71693241887317,34398247
2024-01-23 08:36:44.631850,142.13222794761876,143.04883388876985,141.23640984357053,141.92269332532948,68500832
2024-01-24 08:36:44.631850,146.72060608830844,149.86792436939288,146.3907927007278,147.29246846412588,14592877
2024-01-25 08:36:44.631850,145.1711524523527,146.9492290820238,144.34465774509505,145.05718978052823,20381139
2024-01-26 08:36:44.631850,141.61442996750532,143.84204100125532,140.9832096688234,141.48978466727297,27120588
2024-01-29 08:36:44.631850,136.0436963987396,137.90823005349205,136.30854117323554,136.49881670265748,35790859
2024-01-30 08:36:44.631850,140.7630910124921,142.2083489771982,139.5838025682569,140.62393191272858,18260062
2024-01-31 08:36:44.631850,142.07366474874118,144.06120669125684,139.78555182683897,142.50650852240562,5858972
2024-02-01 08:36:44.631850,142.10294971458225,142.97579883022183,140.51369521379513,142.39083692738603,47659605
2024-02-02 08:36:44.631850,142.73937178693444,144.8145637528353,143.12675258342722,143.23085351876605,35330354
2024-02-05 08:36:44.631850,139.04650151780044,140.3507239549652,139.47343260920437,140.0497276374103,10104851
2024-02-06 08:36:44.631850,147.0494282455694,147.39491312997197,146.81115782675855,146.9422805279814,17826837
2024-02-07 08:36:44.631850,147.79739086319654,148.51507982480257,147.3107579121924,147.36612431557901,52909380
2024-02-08 08:36:44.631850,148.11308175395502,149.6685111122201,145.17520449529977,147.73275589089812,49818562
2024-02-09 08:36:44.631850,150.53608776586466,152.0138954142016,147.68023248409642,149.92146578730913,38621513
2024-02-12 08:36:44.631850,151.6542540797761,152.2598857904878,151.34614380008705,151.40871440862924,22118917
2024-02-13 08:36:44.631850,151.7268736333104,152.45039049244224,151.4581484385834,152.13209686880649,25178316
2024-02-14 08:36:44.631850,150.40139899403556,152.29393501630963,148.34744488272406,149.77260576930465,22624345
2024-02-15 08:36:44.631850,150.20331291911918,152.44851411599652,149.6854965124554,151.22979843875606,42461990
2024-02-16 08:36:44.631850,156.26065026730953,158.48203487055363,156.22433393317252,156.9675310834621,15589042
2024-02-19 08:36:44.631850,160.46103637812533,163.84330595686694,160.80682647777144,161.23836660109,16144664
2024-02-20 08:36:44.631850,167.32313267572434,168.47865193202725,165.01516116472055,166.42439429847107,40029902
2024-02-21 08:36:44.631850,165.54947569453236,165.74896606206792,161.26765538730288,164.77274643064175,23625076
2024-02-22 08:36:44.631850,161.95462773097114,161.60364157203554,161.40088244950613,161.56098017227077,48121214
2024-02-23 08:36:44.631850,162.0669948722577,161.65463150634864,160.2312383025774,161.20300330423945,17265897
2024-02-26 08:36:44.631850,160.72130706693116,162.7379759275977,160.7332181591509,161.4310246696268,23502346
2024-02-27 08:36:44.631850,165.29979534605553,165.71193552456413,164.23655296197322,165.01218313725929,15230240
2024-02-28 08:36:44.631850,159.3763294495343,160.23180182939757,158.3476466529105,159.47614112356376,24244039
2024-02-29 08:36:44.631850,165.09866737642878,164.4262795154046,163.23168784117283,164.40251961793868,11533040
2024-03-01 08:36:44.631850,163.8378575722093,164.82783878653007,163.7508861542249,163.93230244090563,18928575
2024-03-04 08:36:44.631850,162.26896648625893,162.5923316459918,161.124112316854,162.58189019833955,11779520
2024-03-05 08:36:44.631850,159.7706088358485,160.03500374604565,157.99805389299215,159.3396679172429,34173519
2024-03-06 08:36:44.631850,154.78893229370522,154.2827073826937,153.54478438089333,154.11378356670357,34563012
2024-03-07 08:36:44.631850,156.17361707438752,156.8357186987959,152.14208558351515,156.69725636607726,10169144
2024-03-08 08:36:44.631850,156.92610355460394,157.55486129116116,156.38566670380325,156.97404002900228,47060420
2024-03-11 08:36:44.631850,152.16176943322043,153.36720852827077,151.38265052178804,152.971324762775,84200175
2024-03-12 08:36:44.631850,147.1932752037266,151.4378816768879,146.6235193935668,149.05501785150946,24717033
2024-03-13 08:36:44.631850,148.24716555053087,148.92944102884894,146.2661133777186,148.09872646992585,17530326
2024-03-14 08:36:44.631850,153.55283206126683,153.5390965663156,152.91926545520138,153.08675533479186,99152070
2024-03-15 08:36:44.631850,152.53749491994526,153.39960698173584,150.31385811825896,152.33788140752773,12490960
2024-03-18 08:36:44.631850,146.363106674893,148.2972686397239,147.34097173911738,147.80387051333665,24399012
2024-03-19 08:36:44.631850,146.86368819743907,148.84769795733428,146.22947759683916,147.12177615401646,26424736
2024-03-20 08:36:44.631850,144.7400161079221,146.90446219976303,145.69616409877813,146.36344116725584,47326162
2024-03-21 08:36:44.631850,139.46144394785784,138.66146525453271,137.87693899191575,138.51283800962727,28914954
2024-03-22 08:36:44.631850,137.65240975051296,139.02363918957454,137.44262657608041,138.40398114001545,18824750
2024-03-25 08:36:44.631850,138.67126953035444,139.9710227969818,136.21547317985986,137.80625716708585,15012711
2024-03-26 08:36:44.631850,140.42743503227794,141.34127358721707,137.3179623123807,139.76643091125277,20360129
2024-03-27 08:36:44.631850,144.32397718618904,146.7077150039203,144.41150181152415,144.97680072656848,14600061
2024-03-28 08:36:44.631850,147.44692431049813,148.49877539750136,148.0524371649403,148.28680964267176,24739523
2024-03-29 08:36:44.631850,147.79230008620502,150.08988871934255,147.3912901507444,147.53384276413712,18217658
2024-04-01 08:36:44.631850,143.7038674215462,147.53316099596006,143.71280774905924,144.3131025282716,11444056
2024-04-02 08:36:44.631850,151.86156473718458,152.75224532764898,150.34829801336517,151.7837872016007,45243650
2024-04-03 08:36:44.631850,151.64211938724338,152.7704194316869,151.08450079872466,152.0090903014985,18833800
2024-04-04 08:36:44.631850,150.74249598995843,154.8363961217292,150.09372193728578,152.0970406084336,12812497
2024-04-05 08:36:44.631850,150.37335427551255,152.89452278783477,150.88918255192127,152.06928263353907,22205941
2024-04-08 08:36:44.631850,152.89044866263598,153.92043808124782,151.18679623938647,152.7173555677412,24994985
2024-04-09 08:36:44.631850,151.89455528706628,153.2679329605306,151.17611772932116,152.32224396725766,10087086
2024-04-10 08:36:44.631850,150.20377815605858,150.87356969952026,148.41103454193447,150.62031095711268,28511664
2024-04-11 08:36:44.631850,149.53661743508803,149.7216363528665,148.27095564278986,149.01813577481371,14309314
2024-04-12 08:36:44.631850,149.83923505159464,151.9136929980232,147.51234819595606,148.96522459018382,56826561
2024-04-15 08:36:44.631850,147.19003325578066,148.4932378511547,146.6308974864162,147.39088629596466,31389382
2024-04-16 08:36:44.631850,145.0862616671695,146.89282194655735,143.91178644336154,145.3337641278309,19777391
2024-04-17 08:36:44.631850,146.05104336526895,146.03527328391283,144.92603000795182,145.68672236921816,16641599
2024-04-18 08:36:44.631850,144.00379905566453,147.99465293915205,143.38730927454034,144.98749248423155,22919901
2024-04-19 08:36:44.631850,149.55887879474224,150.76568097043216,148.8980189008461,149.3921921745462,32814969
2024-04-22 08:36:44.631850,141.90683038645736,145.09709595061432,140.41221686781503,141.5163260109112,23849002
2024-04-23 08:36:44.631850,145.14007174053916,145.06180137643827,142.72345035833862,144.64810169871052,21669593
2024-04-24 08:36:44.631850,146.860306273585,149.92905649221717,146.5215791237097,148.2963732822132,24870306
2024-04-25 08:36:44.631850,141.65004653757208,144.97593758823436,140.92057646221733,142.1913371569,17859935
2024-04-26 08:36:44.631850,140.63913549139883,142.99630541314414,139.99806868409837,141.25945041345975,20346043
2024-04-29 08:36:44.631850,140.3224845409505,140.94907036486381,137.68635066508108,140.25243759675047,8512989
2024-04-30 08:36:44.631850,136.67411330775946,136.98080834297625,135.78778158995186,136.34637440542733,39305032
2024-05-01 08:36:44.631850,135.27101692030573,134.40848147124814,133.30982051241455,134.26622861164788,28047186
2024-05-02 08:36:44.631850,130.99924701601194,134.79691599049912,128.3278896683907,131.3242518730736,16407876
2024-05-03 08:36:44.631850,135.62769663475305,138.00948930417647,135.1261788067509,135.96596124987363,62418202
2024-05-06 08:36:44.631850,139.347601236193,138.90271852370603,136.42434322276094,138.55115928114924,25229089
2024-05-07 08:36:44.631850,142.3269752658661,142.78090119797537,139.44443383350324,142.11623327895944,14388332
2024-05-08 08:36:44.631850,145.12413517786774,145.77590794182922,143.1822917670051,144.21009445703265,37071858
2024-05-09 08:36:44.631850,141.20049306458316,141.13509748614538,138.34175998519075,140.99694423388743,29474148
2024-05-10 08:36:44.631850,138.75269150409383,139.9900439503957,139.04051927479688,139.56012822247374,29423081
2024-05-13 08:36:44.631850,140.02829800296476,141.52003870793249,140.35146840101206,140.96793979121617,19523358
2024-05-14 08:36:44.631850,136.49744747200896,137.93483682177265,137.30987737420784,137.5646133855325,30257294
2024-05-15 08:36:44.631850,140.02955459958415,140.04653488751413,138.97376686452048,139.56754983737127,21191714
2024-05-16 08:36:44.631850,139.76429738153575,139.8021907670824,138.62974117668534,138.93858756263006,31895347
2024-05-17 08:36:44.631850,139.21422097099102,138.448563461963,136.17467643564436,137.93872766709833,9318644
2024-05-20 08:36:44.631850,140.53141462597372,140.46920745492227,138.60880184469562,139.94148755412309,19444275
2024-05-21 08:36:44.631850,142.0480077380086,141.26821433481618,140.2707882121733,141.22688737389086,57143576
2024-05-22 08:36:44.631850,139.84295731658673,141.82897489755794,139.16604038019034,140.2496928791847,16460370
2024-05-23 08:36:44.631850,142.71369985025098,143.6174532069197,142.35199288024663,143.54368076439889,17860119
2024-05-24 08:36:44.631850,141.080256786966,142.9739595057797,139.21823940627786,140.48314768496624,19307792
2024-05-27 08:36:44.631850,142.5529517675768,144.05102142089464,141.61396960899611,142.25586408596732,13158742
2024-05-28 08:36:44.631850,144.06333590359492,145.29011104517818,142.28191848830554,143.98598348404843,8007263
2024-05-29 08:36:44.631850,143.41500976309086,144.07355888237026,141.45155085466783,143.13777230912143,21524595
2024-05-30 08:36:44.631850,144.3472310594929,144.97278614477028,141.71164348955702,144.1143527264177,25852806
2024-05-31 08:36:44.631850,141.45373061334905,142.4833121789943,138.4105835530558,140.55151856727562,23529075
2024-06-03 08:36:44.631850,144.11830442659158,146.24924854855018,142.13780642528076,143.19115203778028,22467058
2024-06-04 08:36:44.631850,143.09289607529132,147.18229332600473,140.16187369306326,142.70458238476124,24680411
2024-06-05 08:36:44.631850,141.85286586699866,142.74723261884532,138.91542305099085,141.25549435255525,40282219
2024-06-06 08:36:44.631850,144.6322343498487,144.5834850025975,143.5048609169243,144.26143733638065,21960960
2024-06-07 08:36:44.631850,141.94446419727245,142.35062218376092,141.22638831806773,142.27252310405137,18127826
2024-06-10 08:36:44.631850,138.8306908507883,138.70244071083553,137.3096380130415,138.30749801442167,20987493
2024-06-11 08:36:44.631850,133.10850818428017,134.74164930211845,132.63547911990284,134.04312053729902,32270800
2024-06-12 08:36:44.631850,136.42307015028715,136.5835716997446,134.67998153729386,135.70796277256073,48935489
2024-06-13 08:36:44.631850,131.48336801397505,133.00830282322084,130.46053141957304,132.2733859833633,17644384
2024-06-14 08:36:44.631850,137.15103076434664,137.0780048703579,136.00320201023214,136.95531936225788,25379869
2024-06-17 08:36:44.631850,130.73896253048434,131.5528728901956,130.92123237489804,131.29377981913873,28607478
2024-06-18 08:36:44.631850,136.1635688357148,135.9932620724163,134.4464393474255,135.78785133090545,14705189
2024-06-19 08:36:44.631850,136.3785225699617,136.66751798519647,135.24654108130122,136.4016598555994,24402803
2024-06-20 08:36:44.631850,135.0928844587355,137.72269764897396,134.47702844658502,136.17874377377765,11607512
2024-06-21 08:36:44.631850,135.01888527435062,135.53520089920363,133.68540992374352,134.73546946290986,9973826
2024-06-24 08:36:44.631850,135.45888907283162,139.84600641509348,135.79843735741255,135.8514459386853,29016442
2024-06-25 08:36:44.631850,136.3882011293299,136.68059411312416,135.22246764777142,135.78994679762914,19936496
2024-06-26 08:36:44.631850,138.82795006603098,139.0973763340717,136.01466095799546,138.8270298588834,26725806
2024-06-27 08:36:44.631850,139.46102067313814,139.21187561067438,137.69536078391513,139.18583567167138,23939790
2024-06-28 08:36:44.631850,138.9773856292687,140.18853938387355,136.97676886063928,139.6459889478128,14824621
2024-07-01 08:36:44.631850,138.26372259843265,140.2311764519584,136.89670526368613,138.67234300513505,23614532
2024-07-02 08:36:44.631850,138.23827335166678,139.86886389730992,138.29347336849798,138.5560090467308,13038920
2024-07-03 08:36:44.631850,140.0478696241689,140.52831355890575,138.04564556733087,139.45053154294897,48423034
2024-07-04 08:36:44.631850,135.85259263236364,135.2710806610738,133.0320233131023,134.7226888747335,12261990
2024-07-05 08:36:44.631850,130.60256957702387,132.40462054110264,130.88827064145676,131.13048237803994,21902412
2024-07-08 08:36:44.631850,133.8358584562585,134.955648571645,131.87056826120136,133.11911310642287,14344314
2024-07-09 08:36:44.631850,132.16446201572998,134.45133964097923,133.59725711331998,133.61395795203742,32127103
2024-07-10 08:36:44.631850,132.3672817463636,134.31077103985638,129.34275331764803,133.162387304077,20466179
2024-07-11 08:36:44.631850,132.612637148532,134.52148290504664,131.0279977750126,133.25143015095605,18637134
2024-07-12 08:36:44.631850,133.31006759860708,134.90637232311707,132.7967194647597,134.21772076667636,37006375
2024-07-15 08:36:44.631850,131.75750521768603,133.77207284404375,132.57958340453106,132.80907980184892,24513028
2024-07-16 08:36:44.631850,131.05166713863102,131.45667008062006,129.77207427922255,130.78160383806724,31274768
2024-07-17 08:36:44.631850,131.19252658150015,132.17557509911506,130.75351509893633,131.33309745053367,14788154
2024-07-18 08:36:44.631850,129.0469849224425,129.3589704853905,127.85831827488897,128.80264283285953,11966139
2024-07-19 08:36:44.631850,130.3414020231598,130.93263996219008,129.59551410099277,129.89296430330583,25485086
2024-07-22 08:36:44.631850,125.67554599549582,126.45556201187804,123.17702864251304,125.50885956602363,20595369
2024-07-23 08:36:44.631850,128.55127079948568,129.6532284505026,127.35693496121073,128.12987523102714,33039597
2024-07-24 08:36:44.631850,129.33441109836153,130.29579052894218,128.99363571424234,129.37939132271805,23208885
2024-07-25 08:36:44.631850,129.30867988251867,130.53787086838287,129.2499309166963,130.0807045638358,26763181
2024-07-26 08:36:44.631850,133.37804590515478,134.0961473499694,131.27243912152076,132.67631148640817,10727367
2024-07-29 08:36:44.631850,136.73155358494367,137.17186456319718,136.63135721741412,137.13549450317748,62097635
2024-07-30 08:36:44.631850,139.3040334813994,141.1930187696696,139.7514938484167,139.95875796103806,22250588
2024-07-31 08:36:44.631850,134.72785698378513,135.0677084086042,133.6597147578904,134.84781616883322,34236178
2024-08-01 08:36:44.631850,130.8374202753666,132.4163873005028,130.50118352807038,131.43730732199887,15901979
2024-08-02 08:36:44.631850,129.56326528489777,130.71086172915767,128.29346110310476,129.83424908585386,28176671
2024-08-05 08:36:44.631850,130.16448306522506,130.1287385318946,128.0745617332209,129.9409495988193,12592067
2024-08-06 08:36:44.631850,131.55396427951507,132.36588129279923,131.01253488985046,131.325233977462,30281088
2024-08-07 08:36:44.631850,128.8773035284518,129.85714428615697,129.39890757716984,129.45846202625376,20216566
2024-08-08 08:36:44.631850,129.66390848240385,132.4422071513367,128.80504468888165,129.98087032659805,24510085
2024-08-09 08:36:44.631850,128.74403275299946,128.32929369500278,126.55437060979517,128.05615796815317,34242804
2024-08-12 08:36:44.631850,126.84244597719805,126.52992767665536,125.68646113156727,126.52840240793812,13042578
2024-08-13 08:36:44.631850,124.2829439127819,124.01178313954935,120.61888161339019,123.00670930238843,17154209
2024-08-14 08:36:44.631850,121.48496781243911,121.56852002294343,119.71156236747571,120.77233364472585,30360778
2024-08-15 08:36:44.631850,118.21616514256695,118.64569735927756,117.09931900505873,117.54364326138055,68965072
2024-08-16 08:36:44.631850,114.48475199298994,117.13802381341755,115.01793054530032,115.28475240403316,22543533
2024-08-19 08:36:44.631850,118.19843237496575,118.64681312459872,116.9874813825777,117.74871450264388,32461588
2024-08-20 08:36:44.631850,115.5175471583331,116.43695950755713,115.2990290067703,115.54822914279067,22896949
2024-08-21 08:36:44.631850,121.33105592305313,122.80978005080469,120.60413643725009,121.66623533191758,63791007
2024-08-22 08:36:44.631850,123.00638590174025,123.92258844727645,121.81986032876172,122.9031378389576,10083280
2024-08-23 08:36:44.631850,123.97751637522599,123.63351807143393,122.50450729634647,123.39434757207108,25325200
2024-08-26 08:36:44.631850,121.61682291488948,121.63392689539424,120.20147598230551,121.31303591096527,10715780
2024-08-27 08:36:44.631850,122.50808947313699,125.5142880401297,121.38071126778654,123.04856417272948,6897807
2024-08-28 08:36:44.631850,122.12052119504557,122.4419563956859,120.24508326293572,121.66885058193992,28028461
2024-08-29 08:36:44.631850,121.613311550937,123.51417020455267,121.83840237082745,122.00224711526684,25899880
2024-08-30 08:36:44.631850,128.4245557050522,128.36245403470335,128.1834565481227,128.28556911887827,20948582
2024-09-02 08:36:44.631850,127.88333107939197,128.43285051665146,127.36796895547003,128.07759281150035,22905851
2024-09-03 08:36:44.631850,130.91651632325738,132.8432176415508,129.9305917906824,131.0599393116065,113708614
2024-09-04 08:36:44.631850,129.7512999641222,130.94782220187966,129.21727458498526,129.25609210135298,21229715
2024-09-05 08:36:44.631850,128.5324312897249,133.10576256816375,126.42344475551968,129.20441941798012,31172977
2024-09-06 08:36:44.631850,135.12060724012417,134.06511188504766,132.64622116952816,133.81908610445106,17458157
2024-09-09 08:36:44.631850,130.97766168582467,134.5611664582854,130.11722772965618,132.18122865646728,27997234
2024-09-10 08:36:44.631850,136.60287740140734,138.70982566974604,134.9524462358067,137.01231657051775,21442450
2024-09-11 08:36:44.631850,139.25011891067163,139.28424647511565,138.53399163295728,138.99283491016936,19672666
2024-09-12 08:36:44.631850,137.87258686067685,138.14681268923985,137.17997510313836,137.47095572615586,59975653
2024-09-13 08:36:44.631850,139.18099424062592,140.37487682986472,138.3768255052173,139.2509509388053,43513965
2024-09-16 08:36:44.631850,141.96056108837874,143.38375720905995,141.59228989208884,142.0013088630927,25864277
2024-09-17 08:36:44.631850,144.1050715891592,144.49491529469228,141.76987780157734,143.80986582573067,7632255
2024-09-18 08:36:44.631850,139.17575032977274,140.04103826415763,135.8703013629608,139.33673265980454,20165734
2024-09-19 08:36:44.631850,138.3089778353433,138.80841689699156,135.59825532291083,137.3521953141042,93317086
2024-09-20 08:36:44.631850,137.28720800593527,140.48628303766503,136.25133282871298,136.7134564132154,21523785
2024-09-23 08:36:44.631850,137.14687439188623,137.08679715170967,134.90274990295202,136.55094942284026,41934053
2024-09-24 08:36:44.631850,137.618947504654,138.99081242910967,136.79996493635298,138.28698199168332,49672956
2024-09-25 08:36:44.631850,138.76483930592963,138.85544503415352,136.4927749473175,138.81994278860003,26949679
2024-09-26 08:36:44.631850,134.95109413702585,137.54511955097715,133.87624852752722,135.1541402218523,15856485
2024-09-27 08:36:44.631850,135.53746560957552,137.16874758708644,134.6512710750758,136.222392737257,7148004
2024-09-30 08:36:44.631850,138.17514988902215,138.49127851979594,136.35810728322977,137.92676847895464,34007158
2024-10-01 08:36:44.631850,139.13730714867006,140.24351629058364,139.04002519186147,139.5123482596686,16072527
2024-10-02 08:36:44.631850,143.03705122272933,142.78705921177826,141.23264804325066,142.56984710366478,26378905
2024-10-03 08:36:44.631850,144.21462329814713,146.18289159166548,144.67637558842196,144.9904611392038,12930376
2024-10-04 08:36:44.631850,147.62353403933284,148.00629496807016,144.8641449348021,146.3654929062109,21154881
2024-10-07 08:36:44.631850,145.54876864926098,146.2043085124325,144.59456079430282,146.20400577522756,24565646
2024-10-08 08:36:44.631850,141.5461211146907,141.40423396352242,139.89040022466935,141.39108413863616,27626797
2024-10-09 08:36:44.631850,143.2131724388352,143.11612169744885,141.88948692758206,142.6483851792551,13833294
2024-10-10 08:36:44.631850,142.87488858067277,143.50606892185334,142.76550458715317,143.28370595871752,43945266
2024-10-11 08:36:44.631850,144.71917226117424,145.29395493682256,141.5669882925808,144.10494751557138,17922233
2024-10-14 08:36:44.631850,139.60515561434636,141.6865077581986,140.4680226585453,140.46846326964274,10456823
2024-10-15 08:36:44.631850,138.47165542434576,138.37825267195436,135.8487528656035,137.47351678984873,22873470
2024-10-16 08:36:44.631850,140.42030489192703,140.83683421914984,139.77926338394653,140.41037137418445,24573708
2024-10-17 08:36:44.631850,139.92290930293984,142.23022971231822,137.41382745332854,140.3414154087412,26174460
2024-10-18 08:36:44.631850,142.0835108769465,143.4621475050081,140.8524073264439,142.2963732827902,47729785
2024-10-21 08:36:44.631850,142.9956842524591,143.09788636070462,141.9048602166585,142.41965423918748,21461594
2024-10-22 08:36:44.631850,142.1305751737123,143.7935540635481,141.95350541164333,142.5471373174288,22752604
2024-10-23 08:36:44.631850,144.7206180394202,145.6463043078297,145.18659004705,145.26489486928764,13914023
2024-10-24 08:36:44.631850,143.64991565773198,144.08761079738346,142.3965676485394,143.80921067390148,36407186
2024-10-25 08:36:44.631850,143.28064372821365,145.3552036437917,142.51189406978722,144.12881449832855,26486733
2024-10-28 08:36:44.631850,144.13973734887693,143.0357305445627,139.52557457183013,142.83950935601945,19579352
2024-10-29 08:36:44.631850,141.2399728947755,142.19415534542867,141.36329390051975,141.64109664995678,9319901
2024-10-30 08:36:44.631850,141.39324988825248,140.95310364404227,139.5347611042358,140.8077594065179,49734334
2024-10-31 08:36:44.631850,141.62373939986185,141.85098779065078,139.2841642547671,141.4755649077851,13074312
2024-11-01 08:36:44.631850,139.4734048275921,140.98019719218743,139.8017950808234,140.16338294328415,17972637
2024-11-04 08:36:44.631850,143.72137327007485,147.23085836623952,142.1390975780127,143.72565249240986,28894801
2024-11-05 08:36:44.631850,141.75070484810064,141.38680825381948,140.52628622340575,141.19720982343813,13279353
2024-11-06 08:36:44.631850,140.57940088399081,142.71382916988227,140.7084714022496,140.7118538913711,11447078
2024-11-07 08:36:44.631850,140.3488550685485,140.80878386646006,138.6944284614449,139.51655999907103,8352122
2024-11-08 08:36:44.631850,144.32938993365917,144.98223431344903,142.02765962295175,143.5959625034661,34639266
2024-11-11 08:36:44.631850,144.86608457102307,145.9860748839626,142.99978985312626,144.20353073857382,18391641
2024-11-12 08:36:44.631850,146.88434474774002,147.35322841608158,145.8774250208399,147.2227043130893,104389019
2024-11-13 08:36:44.631850,142.1211987621273,143.1746565688862,140.68397168137938,142.89270681360594,14692129
2024-11-14 08:36:44.631850,143.2579064259871,144.58632348034936,141.41418635013568,143.69876533255706,15237567
2024-11-15 08:36:44.631850,146.44220082615143,146.76106222820695,145.45879344369652,146.298651900815,18206760
2024-11-18 08:36:44.631850,146.98331832438097,147.4859199159826,144.5317301817701,146.58330223046556,27277352
2024-11-19 08:36:44.631850,148.12493588948988,151.55373775620947,147.74106134309943,149.75090985791138,19094260
2024-11-20 08:36:44.631850,148.2405330390258,148.4532710979901,146.22175966374306,148.24654680963835,32807447
2024-11-21 08:36:44.631850,152.59015763418859,153.15604054406168,152.242505630706,152.46963859893154,14808409
2024-11-22 08:36:44.631850,159.30424571045756,159.52646504184514,158.7235528237837,159.525622812191,12105907
2024-11-25 08:36:44.631850,159.43863069884475,159.36824627110778,155.57011947331713,158.41583955234634,9829441
2024-11-26 08:36:44.631850,157.38307793465293,159.31947219113965,155.94296103901343,157.05187118520425,7946267
2024-11-27 08:36:44.631850,162.72317690113434,165.37622255259103,161.2717932253339,161.6641217802171,18642705
2024-11-28 08:36:44.631850,166.63969141145063,167.73822849409075,165.10763658660923,166.81982389131213,20780172
2024-11-29 08:36:44.631850,165.89940822215829,167.14110777976322,163.0943581015129,165.12540148548922,17615354
2024-12-02 08:36:44.631850,165.1262840635717,164.619537719739,162.207204099999,163.7872687684976,44978848
2024-12-03 08:36:44.631850,163.98181219187063,163.15410418830174,160.26035763831885,162.9133503198029,44634385
2024-12-04 08:36:44.631850,157.71567752758534,159.30041436867128,158.1306637259319,158.58164558306353,20431706
2024-12-05 08:36:44.631850,155.5180867242682,157.97731176811837,153.23880901714736,155.7155933289075,9850565
2024-12-06 08:36:44.631850,152.37167925376616,153.1338277011288,151.59881304437857,152.6351005012953,18194819
2024-12-09 08:36:44.631850,150.7047992391918,150.78875810091156,150.13107890580798,150.33703386115934,17896027
2024-12-10 08:36:44.631850,150.79356518048564,151.2128860064238,149.497308827098,150.27784650952694,17390463
2024-12-11 08:36:44.631850,150.3933988784991,152.7468196518168,150.5120130602594,151.02687557600765,17041132
2024-12-12 08:36:44.631850,155.80835965680797,157.37400259546183,155.08840161082665,155.75552853885586,17422421
2024-12-13 08:36:44.631850,151.1501355039104,152.80795818218823,152.57445996468545,152.69227197173404,19909930
2024-12-16 08:36:44.631850,156.8669198827028,156.7882817760038,154.8192221957171,155.74404812084668,17579244
2024-12-17 08:36:44.631850,154.72681328207798,156.78693174720448,154.86728712232414,155.1242215582353,26806668
2024-12-18 08:36:44.631850,155.06059782077176,157.42589329888284,154.89549044693686,155.01729843559843,28924060
2024-12-19 08:36:44.631850,156.91266099982738,158.441340004358,153.81054464245497,157.15597751727609,15320118
2024-12-20 08:36:44.631850,154.5548495572668,154.25271938436958,152.97018824730372,153.67427477495536,45605216
2024-12-23 08:36:44.631850,152.69812002155447,156.29294700605695,153.37816173948718,154.89570786562203,14797500
2024-12-24 08:36:44.631850,155.44492019135095,156.80979059548127,153.66488568942066,155.45783123032083,10757348
2024-12-25 08:36:44.631850,156.9524901414356,158.8029096934464,154.38584576325408,157.03557668947667,29220732
2024-12-26 08:36:44.631850,157.632530591209,159.8700450055908,155.15669606630487,157.9908826576151,16051228
2024-12-27 08:36:44.631850,167.2275929417436,168.5200762360228,163.54929503564733,165.79658064829013,28364409
2024-12-30 08:36:44.631850,163.00519801031547,165.20621834376308,162.5707259658807,163.73161744785338,7261999
2024-12-31 08:36:44.631850,162.667233787994,163.07637964208112,158.87681857413392,162.04191712704107,48458967
2025-01-01 08:36:44.631850,160.35616074904064,160.5970549767964,159.2292509671125,160.07103199135074,33805927
2025-01-02 08:36:44.631850,159.3394868300869,159.29582881291662,158.0592865577464,158.34073738671685,11407273
2025-01-03 08:36:44.631850,155.84811169236485,157.22058237241976,155.7435208996607,156.36975265316258,11531712
2025-01-06 08:36:44.631850,159.5483174340714,160.3958767225383,159.9253065140102,160.13518799635472,55735784
2025-01-07 08:36:44.631850,165.635475531026,164.80009010421213,164.6051081582383,164.73268284878316,16706527
2025-01-08 08:36:44.631850,163.24811909207344,164.5342716050923,160.95453753294692,162.90169128973076,15917147
2025-01-09 08:36:44.631850,159.0009252765938,161.42580662736626,157.9137714651926,160.23871918485546,7779276
2025-01-10 08:36:44.631850,161.36128009214457,162.62793838592643,158.87357102177685,161.79757129979436,20269156
2025-01-13 08:36:44.631850,160.36836400700514,160.42503869039294,157.3658945276551,160.0591436235755,21555470
2025-01-14 08:36:44.631850,162.81243921631778,163.74546323475687,160.4730005971008,162.13329186110377,34544073
2025-01-15 08:36:44.631850,162.2869139903688,167.01244607556046,162.38430039281974,162.8399433959625,12000522
2025-01-16 08:36:44.631850,155.6507541636698,158.25405444724746,156.42881182084264,157.95232166120306,11294840
2025-01-17 08:36:44.631850,163.31448294653654,166.81821755170017,162.06418921215513,162.88834814435884,30264359
2025-01-20 08:36:44.631850,167.7578895887342,170.11208164795684,167.55853122365977,168.78776560159943,39959021
2025-01-21 08:36:44.631850,165.08762154417823,166.80189774660548,163.159118072514,166.76977725422412,11011203
2025-01-22 08:36:44.631850,163.1825427361179,165.96182456723733,163.55599468705248,165.5266701315676,41481456
2025-01-23 08:36:44.631850,167.2004264900839,166.56010586743744,166.16871105245752,166.52269505725815,24612645
2025-01-24 08:36:44.631850,167.79438186604057,168.60398992685728,165.9644270063567,167.6865447867521,41695454
2025-01-27 08:36:44.631850,169.75368466924346,171.9521684522196,168.06600378079386,169.94543102366038,23321583
2025-01-28 08:36:44.631850,178.05701455200673,178.79935916423324,175.831693957688,176.82891618869476,6843850
2025-01-29 08:36:44.631850,176.81783919545907,177.51708089287413,174.81754382200307,176.25617713434403,22387566
2025-01-30 08:36:44.631850,174.89705711341605,174.74097359683867,173.35938330275144,173.49495757669976,41040580
2025-01-31 08:36:44.631850,167.58571093442197,169.50088308073205,167.30680250241406,168.76090744499064,15450114
2025-02-03 08:36:44.631850,166.31575085168456,166.37711860951842,166.11316807354635,166.3444873808361,19895766
2025-02-04 08:36:44.631850,164.94001164378201,167.40304273572136,163.66188525675315,166.28418094062695,22118684
2025-02-05 08:36:44.631850,172.10458248494848,173.3219066444497,170.91891372253917,172.30219788462148,5667411
2025-02-06 08:36:44.631850,170.35814500328362,171.17406512271518,170.44400160995676,170.57017725450993,55710198
2025-02-07 08:36:44.631850,171.92173951895953,172.36784545190636,171.2550999902613,171.3847793192557,15391287
2025-02-10 08:36:44.631850,171.41894573210618,171.55446328373392,167.9993612139006,171.37990206466725,31104644
2025-02-11 08:36:44.631850,176.05170475123253,178.22325289457024,173.0721771974798,175.50465049164347,23130194
2025-02-12 08:36:44.631850,185.07573674360052,186.71231860163005,183.494626307576,184.42706973116995,45299634
2025-02-13 08:36:44.631850,184.49090028806503,185.20285613372738,179.80627363109733,182.5242664080598,29592397
2025-02-14 08:36:44.631850,180.507316095851,181.0902071514436,176.6857252149076,180.79233218404605,21477960
2025-02-17 08:36:44.631850,183.7534275720274,184.71604542802592,183.8754884897387,184.6220954865144,15451898
2025-02-18 08:36:44.631850,187.42565534332752,187.51981432449463,186.27539385918973,187.195326829345,35996250
2025-02-19 08:36:44.631850,193.38651000342088,194.6390577214538,193.05910766393217,194.16538505537983,9466590
2025-02-20 08:36:44.631850,197.94716879408006,196.9297802951431,196.1071030751154,196.49120748986655,33362571
2025-02-21 08:36:44.631850,194.8618668251053,198.04549281519536,194.94531537030704,195.13820011690737,13942853
2025-02-24 08:36:44.631850,196.94341587257776,200.66374421070284,196.64086818815983,197.5019279879755,45178950
2025-02-25 08:36:44.631850,201.46471156233798,203.61367232766077,196.82696751137462,201.94060046101785,26183755
2025-02-26 08:36:44.631850,206.0524651361171,205.5269533932209,203.91456525500746,205.3149559279274,33333114
2025-02-27 08:36:44.631850,207.29593871549446,210.86852175226898,207.19780118599326,207.4595693215093,25165747
2025-02-28 08:36:44.631850,211.2676457706642,212.3203638946378,211.4761143228654,211.94764462647214,10057321
2025-03-03 08:36:44.631850,218.77445670275716,220.57267340793084,212.5267856048506,216.9678178452017,15707288
2025-03-04 08:36:44.631850,222.07582827706747,223.07717185234924,221.5252792798325,223.030588594566,33807548
2025-03-05 08:36:44.631850,226.03132882047947,226.51250434078239,225.08022470656311,225.99114073226906,26253973
2025-03-06 08:36:44.631850,226.03842856394053,228.14279046811373,220.81655279679012,225.30359396233288,43596827
2025-03-07 08:36:44.631850,224.18861542417483,227.42546324685475,224.15156025686053,226.03228745725937,29551270
2025-03-10 08:36:44.631850,232.11032868760554,232.42308011422958,230.28048119939672,231.5542967742481,14896681
2025-03-11 08:36:44.631850,226.63848265664654,228.56434731708316,227.50548036057492,227.8404637671754,16223444
2025-03-12 08:36:44.631850,230.53329837459475,232.5313003390109,227.6585577362943,229.58878985974917,25430471
2025-03-13 08:36:44.631850,226.75483526666633,229.12225054440913,227.3780616390624,227.8515428581649,7594827
2025-03-14 08:36:44.631850,228.8408223353122,230.58557912184543,225.10304576576738,228.05088936612,55768566
2025-03-17 08:36:44.631850,235.24389646266775,234.52704510135052,232.70533612208285,233.95034631851718,30125223
2025-03-18 08:36:44.631850,235.92650573686223,236.08508133780492,233.48792052995398,234.91468528530078,44612172
2025-03-19 08:36:44.631850,235.49888479835903,237.88500076382536,235.0217057612535,235.2033322328031,10959289
2025-03-20 08:36:44.631850,228.61234194311234,232.49453404679514,227.9023809601625,228.87703931815858,45004929
2025-03-21 08:36:44.631850,231.692019377374,234.72039877309206,231.38995852571242,232.36170856541258,73717402
2025-03-24 08:36:44.631850,237.16277004295688,237.34014424907505,231.2498486229146,235.43113322161994,12479037
2025-03-25 08:36:44.631850,244.82842587696294,248.7774270586866,243.0737405030085,245.68771278068297,35523354
2025-03-26 08:36:44.631850,242.98256034986773,244.8206638180258,243.6321754190045,244.2490724827316,24168361
2025-03-27 08:36:44.631850,246.20927652750336,246.53730279422277,241.99534925076156,245.39289248980052,11159292
2025-03-28 08:36:44.631850,245.70845329595164,249.12610998950643,245.59465517465142,246.69045002725832,30905415
2025-03-31 08:36:44.631850,253.33812981218537,254.7406416397698,251.7439223846986,254.547310351903,36645514
2025-04-01 08:36:44.631850,252.3041527895715,254.95138591006736,252.95285871901174,254.13853011585553,17884352
2025-04-02 08:36:44.631850,255.01573569111207,256.02091755248426,252.19157714503038,255.63297408348942,43269487
2025-04-03 08:36:44.631850,258.71059129698244,260.97912891038584,257.46595510163246,258.8176318299907,10497191
2025-04-04 08:36:44.631850,260.1770823250898,265.2911328062136,259.60678798072985,259.8612317462037,11439947
2025-04-07 08:36:44.631850,258.8443470310083,261.7606141851938,251.76475131704953,257.61897433632737,25862347
2025-04-08 08:36:44.631850,259.3778180046096,259.1742023417105,256.39637931610366,258.69628532661636,24463496
2025-04-09 08:36:44.631850,264.0765200126228,269.6777588571093,262.8122134644159,264.3287851221631,16881235
2025-04-10 08:36:44.631850,258.7246880154103,258.9989432457248,255.6759427276092,258.98133291764697,36208237
2025-04-11 08:36:44.631850,260.4103218869718,260.2413827241425,256.4014104006593,259.7477605864859,31498395
2025-04-14 08:36:44.631850,257.81867840817233,257.10432302210324,255.4386849758283,256.1885886382532,37097848
2025-04-15 08:36:44.631850,262.5543084236484,262.86191859204564,262.0067603782564,262.3885913992678,22712631
2025-04-16 08:36:44.631850,253.87706269288265,257.9675126735108,252.9111885731789,254.47397064900707,32647868
2025-04-17 08:36:44.631850,250.45614148767632,257.2730739263088,251.3508301259462,251.7056916050482,19330115
2025-04-18 08:36:44.631850,251.8470315276602,257.5701474500711,249.65009996095642,253.68013083042476,67450823
2025-04-21 08:36:44.631850,262.5708924873884,265.42556447225024,259.8792197908773,261.69908168076074,16090299
2025-04-22 08:36:44.631850,262.18897036031495,262.13057414554936,258.4504777689964,261.4334557464035,69209501
2025-04-23 08:36:44.631850,259.3554879858923,259.718995572705,258.32055937925475,258.60893116528405,24580007
2025-04-24 08:36:44.631850,268.2435228315692,269.9959665139874,266.25553383357294,268.41619422627457,12142770
2025-04-25 08:36:44.631850,262.55741490772346,264.88999420957765,259.7124874171559,260.723311477813,47871920
2025-04-28 08:36:44.631850,248.73238839198922,250.48829157597422,248.30463660245726,249.3359290651138,25724404
2025-04-29 08:36:44.631850,252.8067104598592,256.69822145699476,250.40317811008381,251.6049580779558,36967956
2025-04-30 08:36:44.631850,249.10578817741393,252.55045620480598,246.02683227500333,249.1540529239572,44541324
2025-05-01 08:36:44.631850,243.39729971797436,244.60306170549376,243.8282572037973,244.13991323249303,28601730
2025-05-02 08:36:44.631850,248.40568242307984,249.31146078696494,246.28344915796913,247.67191683808957,17963986
2025-05-05 08:36:44.631850,249.4637727008969,250.0141328978344,241.66089432553414,248.95387021526517,39344104
2025-05-06 08:36:44.631850,246.65943431361833,246.26711086266894,241.1651382072415,246.21996521177704,24164079
2025-05-07 08:36:44.631850,240.08663078856097,241.5285997780781,237.37617260498854,239.9891011113159,34035985
2025-05-08 08:36:44.631850,244.20242616080805,245.44032456840677,243.32959320167706,244.24870284108798,8228668
2025-05-09 08:36:44.631850,250.45378210425565,251.96392231123352,247.45161652987193,247.4981933379833,30204179
2025-05-12 08:36:44.631850,248.5445655483101,247.55321385533472,244.1865844147372,247.0815258538221,17552502
2025-05-13 08:36:44.631850,257.2072822162205,258.1256512427357,251.93523168201364,256.28104804520973,55210009
2025-05-14 08:36:44.631850,251.0133204491265,254.11755719825217,246.1132968008456,250.8730834513977,32984347
2025-05-15 08:36:44.631850,244.51925823543127,245.62103440243843,242.91285473957913,243.2940813061809,27232696
2025-05-16 08:36:44.631850,240.62192134435708,241.13410337694873,237.5438498757722,240.00032676637096,30803996
2025-05-19 08:36:44.631850,239.8849401981158,243.41321812962488,239.43308218967144,239.85351368797492,14662145
2025-05-20 08:36:44.631850,240.7268503360428,241.9501443114786,237.87003757668586,241.09278618086017,54386599
2025-05-21 08:36:44.631850,239.90480697302775,240.7532537985229,239.01352460502773,240.00190855039705,65377270
2025-05-22 08:36:44.631850,237.93131777978334,241.76550158963346,241.44483441402798,241.7637884645401,29398574
2025-05-23 08:36:44.631850,236.0330617111018,238.73305046548234,234.71302501330422,235.78477934897927,53500512
2025-05-26 08:36:44.631850,242.07119167690368,244.13080943541755,242.13327665179182,242.66386915484955,18172606
2025-05-27 08:36:44.631850,244.26778789785527,244.47619385484904,242.11647003103636,242.33796585950856,16214933
2025-05-28 08:36:44.631850,247.8499010428875,248.94632830842315,247.6254933405731,247.8259312310739,24654312
2025-05-29 08:36:44.631850,248.1151831488914,250.77222409007447,249.46856690133018,249.59900357289413,30022886
2025-05-30 08:36:44.631850,251.8911487232213,252.62387703971274,249.28174949848977,251.95398624155592,19835953
2025-06-02 08:36:44.631850,253.5673903325691,256.01387674296154,253.07299618179087,254.90067518711865,31606839
2025-06-03 08:36:44.631850,257.8685126146183,257.4297021541849,253.95485372033946,257.25956967438407,28153851
2025-06-04 08:36:44.631850,261.022847115169,266.11647128111616,258.0950647336768,260.6436791577555,14663128
2025-06-05 08:36:44.631850,268.932408020513,268.3117420856521,262.01480019758077,267.650576373814,31308384
2025-06-06 08:36:44.631850,267.71997431714766,269.7460085126818,265.68219861259496,268.7828516335312,37197946
2025-06-09 08:36:44.631850,272.7212132869599,274.4405311558661,268.8946214195459,272.6748475246918,26317236
2025-06-10 08:36:44.631850,270.40902280980214,274.29346785760805,271.4445377890795,272.26727664380337,42983378
2025-06-11 08:36:44.631850,281.17365491852604,280.6986663014409,272.89713962888317,280.19089267276223,13141662
2025-06-12 08:36:44.631850,277.20187006016175,278.2799869394745,275.4856027262594,276.4845706823446,30522516
2025-06-13 08:36:44.631850,287.23646644806036,290.31204261941974,286.3422564886578,286.52616090190577,13454977
2025-06-16 08:36:44.631850,286.38431098875117,290.4474800541144,283.48782136138266,286.3819926816201,13838419
2025-06-17 08:36:44.631850,278.8500431474802,279.9437591084917,276.83922939673903,278.2729427829483,17619813
2025-06-18 08:36:44.631850,281.3079941537522,284.27832607020844,274.79907819283306,279.06938451619743,15081357
2025-06-19 08:36:44.631850,274.9593857786815,278.12610000111226,273.52100247226707,275.35189199404726,18365823
2025-06-20 08:36:44.631850,280.25810098712384,281.9813547519283,277.4745825853722,280.0639533957782,21702214
2025-06-23 08:36:44.631850,274.99091497500234,278.67846358574633,272.0752025652047,276.49244354731064,36710641
2025-06-24 08:36:44.631850,272.9180776684095,279.5082777659193,273.2116834866663,274.1080643259772,20571567
2025-06-25 08:36:44.631850,263.960560854493,266.1864829124871,263.2683634145733,263.83152970078356,10931806
2025-06-26 08:36:44.631850,262.9675515244104,264.69153138646396,260.2263457069096,261.5240257976775,42713856
2025-06-27 08:36:44.631850,248.60545662472796,250.74347982821337,247.59189534214212,248.92442941446143,15894042
2025-06-30 08:36:44.631850,240.82925111697853,241.14807892851593,239.88036924097523,241.113664611603,23456068
2025-07-01 08:36:44.631850,244.35479078502075,247.18867457897719,240.11464470867057,244.85292599833298,30197456
2025-07-02 08:36:44.631850,248.10932214441743,249.78709375468236,246.7457327184179,248.77449123804467,26690151
2025-07-03 08:36:44.631850,251.3361223621628,252.68840921939264,250.84529755964138,250.96598335494477,41744980
2025-07-04 08:36:44.631850,244.34467861657694,246.44840990709173,245.73681682516374,246.18771077712736,30691661
2025-07-07 08:36:44.631850,247.60237445175326,247.4644597663416,245.14913714273325,246.02664809942718,15702731
2025-07-08 08:36:44.631850,245.2639850039418,250.94640862242403,243.17737629641604,246.08272968151502,71791819
2025-07-09 08:36:44.631850,241.32341186529797,244.21678833897377,238.94707402656343,240.45548360675585,26619823
2025-07-10 08:36:44.631850,246.18436836842594,251.7643950743781,247.64558485499842,247.7576275659378,22439422
2025-07-11 08:36:44.631850,253.0227574238973,252.44258304356265,252.05030827535907,252.17941884678453,39112892
2025-07-14 08:36:44.631850,251.9843832617738,253.39783216801015,249.8804363990293,251.14062033359207,27363634
2025-07-15 08:36:44.631850,251.8338529300536,254.6947617139079,247.90129909684964,251.35100504535762,29491542
2025-07-16 08:36:44.631850,251.21861840223104,252.95143464124513,251.65852840846898,252.47395491110703,83980232
2025-07-17 08:36:44.631850,242.54225232204695,244.4726047823884,242.09222353420932,242.23999955536058,21050592
2025-07-18 08:36:44.631850,239.68888274764845,241.42268682314239,239.90899103348207,241.1151465745895,20606550
2025-07-21 08:36:44.631850,237.59808617249266,241.49376511664317,236.62931803997753,237.89874648021086,25604770
2025-07-22 08:36:44.631850,234.40475170181134,236.58863925092322,230.35742381770444,233.204433208085,41274604
2025-07-23 08:36:44.631850,232.88734596020365,231.99135977302217,229.92952429558068,231.96331784850548,11372775
2025-07-24 08:36:44.631850,240.3911013043639,243.38326732723664,236.25757338503172,240.3728534682515,9040473
2025-07-25 08:36:44.631850,242.3388371611913,244.4113272824166,239.26984425346058,243.52578986804215,18010083
2025-07-28 08:36:44.631850,241.59425350627913,242.95268613179405,239.7699114713691,240.81691131214484,10670980
2025-07-29 08:36:44.631850,243.67051961633436,244.67208182646422,242.48853656197548,243.6469087230726,19532383
2025-07-30 08:36:44.631850,247.63232786024497,257.0635460338638,248.54579479614668,250.53897532226964,31054362
2025-07-31 08:36:44.631850,256.24609316699156,255.75508224261014,254.16401857302654,255.24727252417472,15473285
2025-08-01 08:36:44.631850,255.5972835062068,256.7446836367895,252.3574452245746,255.6282564915666,11835176
2025-08-04 08:36:44.631850,253.9149166325178,253.41786816335718,246.80224458961888,252.3974385576111,25007055
2025-08-05 08:36:44.631850,254.5958193466875,259.16132795395816,254.7107378950792,255.99775330712393,37179635
2025-08-06 08:36:44.631850,253.98981571241015,260.85345378617114,251.654317907157,258.0891801256592,10350167
2025-08-07 08:36:44.631850,263.15409917228635,264.5749227856474,260.2497551285777,262.787400563917,36401341
2025-08-08 08:36:44.631850,266.5926175893437,269.37904885228596,261.86762489467776,266.2045397175962,36348122
2025-08-11 08:36:44.631850,269.5740809825714,276.707802268793,270.29061074672256,271.87231502933025,38920923
2025-08-12 08:36:44.631850,267.7272689768201,269.9035666676478,265.88531550943475,269.0435640027954,44421764
2025-08-13 08:36:44.631850,280.018139825903,277.6056152259342,275.66627521509736,276.21300496428404,72638595
2025-08-14 08:36:44.631850,276.96359771683456,277.61359415024026,271.6513476011227,277.38746047761015,20215374
2025-08-15 08:36:44.631850,290.03987974227147,289.98843196008573,283.6904403856545,288.98370358147486,25515222
2025-08-18 08:36:44.631850,284.15964405581883,286.47614360004206,282.08996860435326,285.0871177298541,19614522
2025-08-19 08:36:44.631850,291.9867269048312,297.06447851150114,290.6521806240614,295.0706622077278,24178839
2025-08-20 08:36:44.631850,296.07487603119336,296.4283396059423,290.8222605615976,296.32713672507765,51983487
2025-08-21 08:36:44.631850,292.16685801668035,295.73617469837706,292.25278462022044,292.55537822965044,12329345
2025-08-22 08:36:44.631850,289.2324294649267,292.95872696364574,286.2209548876103,289.8118767790847,15704771
2025-08-25 08:36:44.631850,287.8769043657868,289.9988917180626,282.0051014746777,288.04201124993995,48090271
2025-08-26 08:36:44.631850,290.9559208689841,293.91004962869465,285.9389733339493,290.5719760994218,40225764
2025-08-27 08:36:44.631850,293.47712958853816,295.65451816475263,291.70352367564664,293.69757451091925,20144345
2025-08-28 08:36:44.631850,288.5803609918184,291.75923598384907,288.0564530272663,290.41579779019924,37028594
2025-08-29 08:36:44.631850,291.0673100004229,295.3725410352382,290.21910105117536,290.36146336270974,28648393
2025-09-01 08:36:44.631850,299.9370084068095,304.94149726400804,302.4035135168449,302.8892269266205,51143057
2025-09-02 08:36:44.631850,310.2318047093696,317.1880563440806,312.4081405395136,313.44517800018184,25071813
2025-09-03 08:36:44.631850,317.4434022021152,319.37765876638156,311.6853352693314,316.2744825597153,40338465
2025-09-04 08:36:44.631850,317.4123933343484,318.0801047118322,313.8254353684665,316.60975551234554,90513172
2025-09-05 08:36:44.631850,317.3736951785874,318.9316809107739,314.04451040871277,317.46480021912106,32574801
2025-09-08 08:36:44.631850,319.2125742586458,323.9736983344285,317.03062405747244,321.4554468720608,24758120
2025-09-09 08:36:44.631850,313.86136305697283,315.76852640614766,313.9899468473326,314.9762386840569,34664389
2025-09-10 08:36:44.631850,313.0375926539931,315.32227369274733,311.29577819313124,313.4493816819995,20122709
2025-09-11 08:36:44.631850,300.66464124643244,307.3940460083069,298.63824631353674,303.08308357167687,79716237
2025-09-12 08:36:44.631850,304.4647505118299,310.90793640993127,302.1970418498942,305.59396399739484,26430666
2025-09-15 08:36:44.631850,310.6511674677073,312.6721737062514,309.5302948795301,309.6412256405296,21073636
2025-09-16 08:36:44.631850,308.93090033044103,307.0035354712431,305.1116356288792,306.741829040236,15905181
2025-09-17 08:36:44.631850,315.82626863110625,319.0480833700616,311.52788481716607,316.4900031620822,41808494
2025-09-18 08:36:44.631850,309.99421532730724,311.390727653582,307.7553676945733,308.8260985918392,37266065
2025-09-19 08:36:44.631850,297.0041185239729,301.44088676144366,292.3424976350033,299.87400279879495,18836797
2025-09-22 08:36:44.631850,302.303606935979,302.57078644584936,295.765770023308,301.3101103049756,32224115
2025-09-23 08:36:44.631850,306.47361247758323,312.0233958902404,307.61119860010496,307.7105294392715,11361284
2025-09-24 08:36:44.631850,318.6550229906318,320.23559984291757,316.1280978276766,318.16608822762237,26495495
2025-09-25 08:36:44.631850,314.95087672859904,320.0813459543945,314.9533931773836,315.34150983676614,30291514
2025-09-26 08:36:44.631850,324.3666147098265,325.6289564058074,321.87462624614733,322.2391691426413,56721557
2025-09-29 08:36:44.631850,320.67943748067887,325.30229229039395,317.90304653776633,322.0876621490468,16429525
2025-09-30 08:36:44.631850,322.07980085897333,322.30509124203445,320.32485230801524,321.0722659784707,12747218
2025-10-01 08:36:44.631850,326.3861863924243,327.6607233920413,324.36953183291683,326.842961627929,15437127
2025-10-02 08:36:44.631850,330.94299939301817,337.814910996441,323.9520237180378,331.2051573467834,12381521
2025-10-03 08:36:44.631850,320.5673756991392,330.84089193049454,317.02933815786224,320.86233464610336,47125682
2025-10-06 08:36:44.631850,329.03672164054785,332.43873579252556,327.2670852180471,330.4339170227417,52394891
2025-10-07 08:36:44.631850,339.6296832133133,340.27586099794627,339.47815865621385,339.6536270378517,28349169
2025-10-08 08:36:44.631850,335.4009360342647,337.2993289988478,334.7374709229596,335.5060303158169,44484326
2025-10-09 08:36:44.631850,338.6705843046449,341.2651776409303,334.6285558340241,338.2625715706828,25828244
2025-10-10 08:36:44.631850,341.85066846564695,342.8020302096338,340.93970605165566,341.70628876706485,23033130
2025-10-13 08:36:44.631850,344.9611938012093,349.7584496433382,340.4841615264949,343.5902779556674,20449749
2025-10-14 08:36:44.631850,341.48132224212645,340.69380260202115,338.9005880240289,339.9117650236504,20682624
2025-10-15 08:36:44.631850,333.6857380091356,337.1175535290353,331.0468631638044,335.44788486461846,11140517
2025-10-16 08:36:44.631850,336.8339099624891,337.6104353473612,334.30123625437193,335.3770780488026,27566928
2025-10-17 08:36:44.631850,341.3072134063519,344.7913113813477,342.6775544530728,343.34381980866215,23672700
2025-10-20 08:36:44.631850,348.200116056204,350.09228878571025,342.77026428064454,347.1796580251454,35063819
2025-10-21 08:36:44.631850,345.77856885494714,346.838152813036,343.7212500597543,344.7104167810955,25311306
2025-10-22 08:36:44.631850,346.787995667225,352.08888630834826,347.2211238800611,350.13408158967036,22267708
2025-10-23 08:36:44.631850,330.4452360871847,333.9254026779611,328.1834899565062,330.29168472728037,15625323
2025-10-24 08:36:44.631850,337.18761739693184,339.4647507065345,335.22352633896116,337.97932740335483,25042291
2025-10-27 08:36:44.631850,325.0829702499234,328.8628085406399,322.8416271158172,326.32097534506045,34939152
2025-10-28 08:36:44.631850,326.2421716635747,325.5368586820002,317.16803539629404,324.0534300075909,13637453
2025-10-29 08:36:44.631850,315.85825368915965,322.20035450150635,312.675055184139,316.8939886399964,25234858
2025-10-30 08:36:44.631850,307.5385417610598,308.80080088339105,302.8537429043878,308.7835212993981,27140061
2025-10-31 08:36:44.631850,316.1646550680108,318.1585648493191,312.1801409623844,316.04504001629607,16868653
2025-11-03 08:36:44.631850,314.25713782000315,316.60258830594404,312.9604055995615,313.18356063061526,18003411
2025-11-04 08:36:44.631850,315.2244883414065,316.66899997830336,311.36755942080674,315.4479020878596,27107077
2025-11-05 08:36:44.631850,317.0849877523655,317.43917504667604,313.053362629244,315.2465164950422,13705249
2025-11-06 08:36:44.631850,319.19397695324614,321.0519060073358,315.42595339936355,318.3487996301507,28773398
2025-11-07 08:36:44.631850,315.45990539704286,319.8709862677533,314.9799796488045,318.9334274061267,15437695
2025-11-10 08:36:44.631850,310.02241363393233,311.067888213772,309.61366385465436,310.84532528643115,41096225
2025-11-11 08:36:44.631850,316.2413852351196,321.9459441233634,313.7441008520896,317.1322765552796,77742595
2025-11-12 08:36:44.631850,314.84851930753234,315.2171065959919,312.19817555636723,314.0956932526041,15707071
2025-11-13 08:36:44.631850,300.41648463790773,307.12203825962285,297.3990647688529,304.4116085493001,31550624
2025-11-14 08:36:44.631850,305.74415266986955,303.63299116070095,297.43007768716143,301.89646753598544,16795625
2025-11-17 08:36:44.631850,311.87439246384923,312.6058313713103,307.1316917331647,311.0485180644971,40648686
2025-11-18 08:36:44.631850,316.6665830852827,316.588536272568,312.80334214472515,316.4310368781288,12830950
2025-11-19 08:36:44.631850,316.17642780668507,314.3416799445885,311.2599597682048,314.3194790611832,30715973
2025-11-20 08:36:44.631850,315.87686221782343,314.279847719626,309.07375128711215,312.21820491131206,15611299
2025-11-21 08:36:44.631850,311.6544425066704,312.471952801581,309.26039454187963,310.3034640062325,21780109
2025-11-24 08:36:44.631850,324.8186821035713,324.64593927902814,322.54960028881356,323.28499690877214,14425201
2025-11-25 08:36:44.631850,326.06439011571405,327.4547130493791,323.16665660388367,325.85146243772533,36439912
2025-11-26 08:36:44.631850,328.5191776301556,330.4811609457173,326.3877265184202,328.7518118693834,15894915
2025-11-27 08:36:44.631850,334.82614520756283,342.8517367708915,328.74491504734095,335.6245884579845,31831984
2025-11-28 08:36:44.631850,335.9347919658756,341.0291510014862,337.32584275852145,337.32814609905193,20336970
2025-12-01 08:36:44.631850,334.5286101007049,337.2890701211703,333.0562331181259,335.6817004066573,22811236
2025-12-02 08:36:44.631850,332.2056209003951,337.3498598104994,331.81890873016556,334.46418389247054,26007043
2025-12-03 08:36:44.631850,333.95882423051256,336.40237493202704,331.48018591347676,334.0855620117263,16503576
2025-12-04 08:36:44.631850,331.12421459138835,335.24615500505365,330.32393097221563,333.9370794442554,26834087
2025-12-05 08:36:44.631850,339.2204153632302,342.4890019187603,334.32323817989294,338.89691026247846,51917541
2025-12-08 08:36:44.631850,339.28902125951925,341.4444791346493,337.94163465560797,339.35066533957604,16369863
2025-12-09 08:36:44.631850,344.67794937583443,346.7792915082437,344.30770961288096,344.4249084923288,43397182
2025-12-10 08:36:44.631850,343.07422617429216,348.67072813387966,343.5891291395564,343.9722199505223,51087418
2025-12-11 08:36:44.631850,349.91806041856455,348.7929355023574,343.99919324396404,344.61637803609256,16061288
2025-12-12 08:36:44.631850,333.1981441472671,331.8121114258,329.6375535927972,330.9475092996495,11669307
2025-12-15 08:36:44.631850,335.01417022182915,338.35679804247593,334.77622143863266,337.1119207853419,28091580
2025-12-16 08:36:44.631850,339.9445130944079,340.0360366140354,337.0547066430165,339.5491622743767,18371226
2025-12-17 08:36:44.631850,345.3753436867483,352.58188197771017,343.013391640621,346.42849695794314,61484865
2025-12-18 08:36:44.631850,324.8095543123947,327.79962807356446,325.5378491464312,326.4655175575506,24579019
2025-12-19 08:36:44.631850,337.91964720177384,343.7010164353278,336.1345312413055,340.19910378982456,16173752
2025-12-22 08:36:44.631850,340.08476488468415,343.9417037209783,336.3154004531001,339.3513981930266,13611427
2025-12-23 08:36:44.631850,345.7923636443957,352.2566691176171,342.2109995542021,346.97447137875173,41655854
2025-12-24 08:36:44.631850,341.5067846880238,343.6437541397982,338.66760039572057,339.86214753320513,18154118
2025-12-25 08:36:44.631850,345.8392270702607,346.2947588655156,337.3216269907149,344.12927928400256,24690136
2025-12-26 08:36:44.631850,339.29721941230804,342.15068613743983,336.8241329866993,336.9822952969577,38954364
2025-12-29 08:36:44.631850,331.4606980526826,334.6629808019446,326.5621324515761,332.87940806334143,18960545
2025-12-30 08:36:44.631850,346.5438263639195,351.6248182276347,342.4450297182683,345.72210436755745,23606569
2025-12-31 08:36:44.631850,345.596784239709,348.35386743769885,341.63305429565094,344.5073585817125,23955674
2026-01-01 08:36:44.631850,345.2882689585137,350.3861087369371,343.4644805544048,346.10885528544657,33992900
2026-01-02 08:36:44.631850,350.8762236509249,352.78457951777193,346.8011569947277,352.235450867822,32455230
2026-01-05 08:36:44.631850,358.6966594563746,357.78404361271225,353.58150460812016,355.8330561690233,21637600
2026-01-06 08:36:44.631850,357.41637829914896,357.58156798683655,354.8809302464829,357.01028646033075,24936035
2026-01-07 08:36:44.631850,360.8671482329901,361.52831553507616,357.4416122918877,359.72328618701516,20057435
2026-01-08 08:36:44.631850,375.5723774406732,381.33645650569605,376.23259831938884,377.1224942207713,11538430
2026-01-09 08:36:44.631850,374.5039057799309,382.25900430173886,373.9969445536501,376.8010440800114,27475367
2026-01-12 08:36:44.631850,377.3520878391895,379.7910419514322,376.8343159730186,378.4295710085493,62214327
2026-01-13 08:36:44.631850,386.2554054507248,391.6201827090185,385.4638337695608,386.49507372704,15527767
2026-01-14 08:36:44.631850,393.05396083755716,396.79046378038265,393.81656462223896,395.1566287884731,16411373
2026-01-15 08:36:44.631850,404.6365148276171,405.70967546884276,403.158957542024,404.6564336534094,15628959
2026-01-16 08:36:44.631850,406.4861669552007,413.8980587708733,409.43991785408707,409.947156457765,34701583
2026-01-19 08:36:44.631850,398.4547005516261,404.5339996816224,398.86428716325014,400.69870832887995,30226897
2026-01-20 08:36:44.631850,415.2976777210691,415.3321657007331,411.85234869406133,413.9091960441129,22314140
2026-01-21 08:36:44.631850,405.7650090907648,404.7405308310972,403.805139498932,404.54371080266134,15263737
2026-01-22 08:36:44.631850,406.3159674785185,407.2471804466607,403.08340600270907,407.11365939846786,25296798
2026-01-23 08:36:44.631850,399.05317628579604,404.13655481833337,400.9538599473296,401.09427346634203,11047215
2026-01-26 08:36:44.631850,398.64168779344277,401.62330714994823,397.45041007699626,400.70009127782095,25950807
2026-01-27 08:36:44.631850,402.7020191535125,407.18386872944814,398.96032771303015,403.4550038615507,37346964
2026-01-28 08:36:44.631850,407.4780213856935,409.78481480406833,405.1185022283497,406.16910389471775,12921464
2026-01-29 08:36:44.631850,411.61997471490105,413.95998490285194,408.8467441598744,409.7183781191327,11225975
2026-01-30 08:36:44.631850,422.01431181886215,430.8752048868627,419.75257498656384,423.064636910794,53207980
2026-02-02 08:36:44.631850,424.56616896110836,430.9983241227433,425.1880114008034,427.02904279379925,17789521
2026-02-03 08:36:44.631850,425.64117605779205,431.4332375400105,423.337393983332,425.07191202143895,42625956
2026-02-04 08:36:44.631850,431.61097911117923,436.212735992541,431.0084288856775,433.3955611146388,22364851
2026-02-05 08:36:44.631850,442.68570899829746,444.20613196688856,441.861738974837,443.8358043825091,22276048
2026-02-06 08:36:44.631850,435.9415277844924,439.3498341500186,429.4961555758792,433.07182908187224,30075046
2026-02-09 08:36:44.631850,440.1890316014994,442.41730648532643,437.7213196508466,438.37609344946713,15525595
2026-02-10 08:36:44.631850,445.00637409007055,449.1193018248572,443.0359850368027,444.655153629652,25809380
2026-02-11 08:36:44.631850,439.33044138784965,443.058703780686,442.1105482319409,442.1422872697186,19960288
2026-02-12 08:36:44.631850,454.92042847591085,454.75522156668717,444.9583020837546,454.4400930969022,12481439
2026-02-13 08:36:44.631850,455.6206479923626,456.48360515397275,452.4852404290756,453.21259962601584,28594960
2026-02-16 08:36:44.631850,453.63321727325706,455.29044758342263,444.4311580614852,454.4868200244967,21175302
2026-02-17 08:36:44.631850,456.1105999261554,455.5267228714577,451.4188309425988,453.0499888094118,22331026
2026-02-18 08:36:44.631850,456.25724769572537,454.55855169276856,450.0264950100347,453.3270655527035,13189340
2026-02-19 08:36:44.631850,447.21316451982193,450.94579593846964,441.8677511856823,443.5236403087546,53527183
2026-02-20 08:36:44.631850,431.5403852193879,436.6585808537671,429.5367813361227,430.8827652072861,37444001
2026-02-23 08:36:44.631850,446.0591459356374,450.53285061710426,439.44820051611765,444.7529250524362,39117400
2026-02-24 08:36:44.631850,440.4450724856404,440.9814363267886,431.85126135329585,437.3525801885333,20733838
2026-02-25 08:36:44.631850,429.7712654250116,432.2913919258913,425.6757794440495,428.8120259223121,10174636
2026-02-26 08:36:44.631850,409.44396345316676,415.1859850574495,408.04915673954133,410.47267798577906,64132299
2026-02-27 08:36:44.631850,404.441208144046,408.6692105730217,404.77410159111224,405.3502929950831,23428206
2026-03-02 08:36:44.631850,395.2164439680926,400.81651997472136,393.40864808474134,394.745601374651,16611405
2026-03-03 08:36:44.631850,405.19595751796817,412.4056377254061,403.629178651865,407.82759029214986,29751817
2026-03-04 08:36:44.631850,415.88845179416677,420.0050874380198,412.55610456573885,416.1865639728863,43295549
2026-03-05 08:36:44.631850,412.8345618361933,414.761790861208,405.89039336170003,410.5834413889527,23878158
2026-03-06 08:36:44.631850,424.5004110653224,430.36813898565606,425.68273080744126,429.20287331068863,45776782
2026-03-09 08:36:44.631850,441.11783355338486,440.173303471955,437.4759852337788,437.759165531363,41512285
2026-03-10 08:36:44.631850,437.487960047311,436.52825655780305,434.7294987350502,435.04653497335977,14101749
2026-03-11 08:36:44.631850,412.4794908392012,415.04514674680695,413.1272747772932,413.42989301888457,17246244
2026-03-12 08:36:44.631850,433.6718788249339,438.2337544128109,431.84700871471256,432.49680484076225,38988160
2026-03-13 08:36:44.631850,420.61346062016503,425.0119307622234,415.59443758714644,420.6068408428155,6222570
2026-03-16 08:36:44.631850,409.39406789900295,411.65066816174124,406.55106208440253,406.891703517383,22415699
2026-03-17 08:36:44.631850,417.3759944183322,416.2880202174659,410.6854094875959,415.3352795293764,11811502
2026-03-18 08:36:44.631850,432.6759476914431,435.91562552143034,434.011472438108,435.7261850666231,19033727
2026-03-19 08:36:44.631850,449.23541464144137,454.7783207081026,447.11977150881637,447.9201812081633,20802629
2026-03-20 08:36:44.631850,452.640426405313,455.436403376248,447.53663335094706,453.10628276730154,20193630
2026-03-23 08:36:44.631850,458.8219015484041,461.2555914488983,455.86596829695577,458.6319532303651,18326696
2026-03-24 08:36:44.631850,464.8987993450516,466.88779751165026,462.6290383777473,466.59761570914617,13956112
2026-03-25 08:36:44.631850,477.96139088871894,479.14729014867163,462.0445565126084,473.8198804036191,75978095
2026-03-26 08:36:44.631850,479.10531431248467,478.21900941380284,475.3647182566642,476.626708105254,61449791
2026-03-27 08:36:44.631850,475.9958202599729,480.46047489193563,471.66965169132686,477.76299670083586,13510356
2026-03-30 08:36:44.631850,474.12312884676805,482.17517381995424,476.5840865120978,477.30823199268303,53279296
2026-03-31 08:36:44.631850,469.3471339653028,470.36470928516394,467.74581142514484,470.25395436433996,19781688
2026-04-01 08:36:44.631850,468.77146374423376,468.5708104659623,463.82860117521375,467.75525925488694,25766705
2026-04-02 08:36:44.631850,452.600731384956,453.0763187903462,446.55085258780963,452.0577967620376,23402724
2026-04-03 08:36:44.631850,454.1320314259603,452.9720011577784,446.5323614637345,451.3043102006015,17367751
2026-04-06 08:36:44.631850,444.26435586077565,443.09838099101387,438.65697649155,442.5165929399978,39504540
2026-04-07 08:36:44.631850,434.98076216794743,436.45802752749114,431.5182617996707,432.88221622469376,25724213
2026-04-08 08:36:44.631850,435.27974747251574,436.467584804992,432.084906319142,434.5695404663047,19033750
2026-04-09 08:36:44.631850,443.6946653243689,453.97650713924014,445.3122623477276,446.79834720654094,12581087
2026-04-10 08:36:44.631850,454.6930839316185,463.1014623213627,450.89140905475307,455.1384335461859,15451281
2026-04-13 08:36:44.631850,443.31645832936465,447.0709947517265,439.99691970585747,440.9790713839219,10631267
2026-04-14 08:36:44.631850,432.27187091294553,437.9707867298915,427.7776339105938,432.3832591717333,24303034
2026-04-15 08:36:44.631850,441.75687834911776,443.68763513971794,434.24751524728293,440.64844839742904,13278638
2026-04-16 08:36:44.631850,431.43332120473167,434.2954767197605,428.1623876292224,432.1220120212945,21151465
2026-04-17 08:36:44.631850,428.0945769767991,431.44408259787133,426.70891430942254,430.31027005003295,47920355
2026-04-20 08:36:44.631850,434.90484430615,436.4536091059208,434.5623498063057,435.17322447650486,43997782
2026-04-21 08:36:44.631850,427.5354492781472,427.8764550984624,425.5627007525798,426.8758248673088,23768258
2026-04-22 08:36:44.631850,426.50067727925756,431.2572937083295,425.65889195342464,427.90353273690636,23125758
2026-04-23 08:36:44.631850,416.1242148960923,419.49211847584604,410.9817371992955,416.61521935599546,61832351
2026-04-24 08:36:44.631850,409.7954023585598,415.50165737542505,409.9834176104751,411.7294256638356,31339130
2026-04-27 08:36:44.631850,416.80577509281176,417.93400553734637,414.3227145551546,414.48621713317834,20503307
2026-04-28 08:36:44.631850,400.814103877106,401.67474113939824,395.641270236329,401.4050840677503,11839961
2026-04-29 08:36:44.631850,408.0039595975334,407.9609510253351,399.7318159049025,405.06168157738495,29412685
2026-04-30 08:36:44.631850,408.1200083702327,407.78658499148264,403.8859544706581,405.02410968474373,36567187
2026-05-01 08:36:44.631850,409.45506128897017,415.7131253022568,400.885491317786,409.62105195560054,17613465
2026-05-04 08:36:44.631850,409.50305887191917,413.96571061937607,407.41054092224266,411.5783371340531,27940879
2026-05-05 08:36:44.631850,418.51987109371396,423.94333905683635,422.26194227430483,422.93082363091264,20139897
2026-05-06 08:36:44.631850,420.9953497055407,426.2361780629567,410.3624226142459,424.116928918875,22031499
2026-05-07 08:36:44.631850,417.71261380345345,422.5870508616468,410.89466349901,420.60180081029483,6962777
2026-05-08 08:36:44.631850,424.663646717199,422.0770988219397,420.99147864910856,421.75675235073754,21619566
2026-05-11 08:36:44.631850,426.7130479057013,429.63336015634866,426.01258038476556,426.4660716221416,39219500
2026-05-12 08:36:44.631850,427.84258129796115,429.07000958096774,422.7595145521672,427.010754688648,17615657
2026-05-13 08:36:44.631850,422.73953054429114,432.7763473270365,420.20470340624763,427.4855196889557,24797742
2026-05-14 08:36:44.631850,419.0865549655941,425.276405457499,414.7058136331186,421.61193971527445,16552118
2026-05-15 08:36:44.631850,417.9944698733465,419.8411336100854,408.7147064647842,416.14868446343525,28925115
2026-05-18 08:36:44.631850,405.17982586895823,407.68793544766544,402.0829314481175,404.59968229515584,21676480
2026-05-19 08:36:44.631850,418.5703203642888,419.0375395726237,416.4376629066316,418.878626088733,15102626
2026-05-20 08:36:44.631850,409.737662218322,411.37570633753364,406.5535905395075,408.58373521489983,47029034
2026-05-21 08:36:44.631850,406.340607849192,403.8877414887211,398.7324635706931,403.0441144581589,38434498
2026-05-22 08:36:44.631850,396.93484861495455,401.63776741231794,392.60674485732295,397.37403128906345,17850581
2026-05-25 08:36:44.631850,404.7459747119446,414.1699990257427,395.2343890001972,404.60563764575545,30981293
2026-05-26 08:36:44.631850,402.7277007491943,405.5025914783535,398.8881167972838,402.34025328387406,31601211
2026-05-27 08:36:44.631850,417.4350341737577,418.19811943017555,409.08497225973787,412.5012925909092,33302752
2026-05-28 08:36:44.631850,402.7958164977017,408.3054784100236,398.8520950449771,407.0687279177174,10353881
2026-05-29 08:36:44.631850,410.8610146560337,412.41677053938554,408.8682632401749,409.46224451035096,39956553
2026-06-01 08:36:44.631850,402.51304188467725,403.6740225765157,399.5497523448401,402.7442215962471,18167603
2026-06-02 08:36:44.631850,421.33460180079993,426.2497602676688,419.63115749174597,420.1439731761852,20197836
2026-06-03 08:36:44.631850,408.94220054517854,415.7829460449372,408.4122603328521,410.2907700019618,90326448
2026-06-04 08:36:44.631850,412.85508672555835,415.8176391252693,412.29809258795683,412.95618878819437,28090350
2026-06-05 08:36:44.631850,419.8024842166029,420.84892111884096,416.764315856745,418.3145173506666,19912112
2026-06-08 08:36:44.631850,428.46868991113723,429.15606444621295,416.21453770992247,421.90197510048307,8019228
2026-06-09 08:36:44.631850,422.16383611774455,428.8429124039592,417.460098419996,420.4650811081682,48393790
2026-06-10 08:36:44.631850,417.72070365847327,422.71563991139743,417.3127525163621,419.49951921164194,12328141
2026-06-11 08:36:44.631850,419.1030665078871,422.3010481060092,418.64191971057,419.9929468960293,14625549
2026-06-12 08:36:44.631850,417.9345087888257,422.48482610555476,418.1801728152911,418.88414870282685,20466988
2026-06-15 08:36:44.631850,423.25042730037796,428.7382641138291,422.83475883795046,427.084887613259,49042895
2026-06-16 08:36:44.631850,445.3583751198815,446.2972094392848,445.28495656958194,446.09463243356635,35556018
2026-06-17 08:36:44.631850,442.8713999047029,441.3666065331106,431.6481797604661,441.2545789649404,22321954
2026-06-18 08:36:44.631850,426.56319006713034,437.53944318038657,428.5321212810979,429.2983185982481,28180647
2026-06-19 08:36:44.631850,430.91638207955657,428.72843954003866,422.54404961336013,428.6691213954355,17890978
2026-06-22 08:36:44.631850,452.0142806728378,454.0246397722109,444.2674804660309,450.91455683641175,25901899
2026-06-23 08:36:44.631850,442.1727886663793,445.99054921432133,441.20170088620694,443.8020599703273,25057114
2026-06-24 08:36:44.631850,458.15962346410794,465.1028916332962,456.97516673407614,458.48406888407965,39207748
2026-06-25 08:36:44.631850,477.79366342219134,479.9615090101247,468.067051820431,474.00559601690287,39176555
2026-06-26 08:36:44.631850,470.6195210254203,472.7128360437672,466.79799523928705,468.899719206533,30922316
2026-06-29 08:36:44.631850,474.3971430325211,475.6996432966256,471.0924376808619,474.3763092435599,20152244
2026-06-30 08:36:44.631850,489.3857915480124,491.3388132574753,480.32098286459353,489.9680777376208,35001838
2026-07-01 08:36:44.631850,486.5861715566498,490.24422613441527,485.896735437133,486.39985835156915,23069357
2026-07-02 08:36:44.631850,483.3254347070714,486.21311988552776,474.6701562490529,484.5653491427356,14062789
2026-07-03 08:36:44.631850,474.0318221937306,481.80712593292066,477.74471963502947,479.07347044433465,19743919
2026-07-06 08:36:44.631850,474.28828668164095,474.03990401652396,469.3897333683968,469.4943319128723,25197705
2026-07-07 08:36:44.631850,463.8985332824708,465.0742797020881,462.0455620340953,463.5385376675103,38076501
2026-07-08 08:36:44.631850,453.2312008144687,455.10006448794064,452.28055705747545,452.3307295998634,22037055
2026-07-09 08:36:44.631850,452.6436729797261,457.6880566080147,449.09364487556854,452.7747688200431,13195687
2026-07-10 08:36:44.631850,444.299029225015,449.6189323523127,442.2667933026512,445.93811221688514,24850062
2026-07-13 08:36:44.631850,447.7403578494443,461.373546968858,447.1452086020677,448.1569746138876,25564827
2026-07-14 08:36:44.631850,430.87226071019785,439.7519243809152,434.2692095894045,434.34571199392104,26506984
2026-07-15 08:36:44.631850,442.3297667236016,443.2592722955068,433.0845772337698,437.35034390843725,38260774
2026-07-16 08:36:44.631850,442.027048049068,450.65436099590573,438.9747886343213,444.77243257195596,40203379
2026-07-17 08:36:44.631850,424.9665625145043,429.2290818555213,424.3312759565678,427.1706912686892,17946300
2026-07-20 08:36:44.631850,429.5469165783808,432.85050774182,428.1142684063253,430.49456254637744,17750571
2026-07-21 08:36:44.631850,444.0352625990171,443.6154489238903,436.7738182167081,441.1938074324722,14359189
2026-07-22 08:36:44.631850,430.68368472133733,431.7504163950593,428.5096420700769,430.6524430414446,34257217
2026-07-23 08:36:44.631850,442.4360249075715,445.7460932576883,441.70620399107776,445.1875864654633,49844068
2026-07-24 08:36:44.631850,451.86829961800225,450.52433347893054,445.6405220493272,449.05198397065936,20634170
