Date,Open,High,Low,Close,Volume,MA_7,MA_30,Volatility_7,Return_1d,Return_7d,Lag_1,Lag_3,Lag_5,Lag_7
2021-11-09 08:36:44.631850,133.28067088931465,133.8510040546592,132.59789716399908,133.1744891998638,40769951,135.79364937737014,148.2521578598676,2.0806855084197258,-0.005533874995865551,-0.0669144595075577,133.91556117540972,134.45207018957382,137.23220790134553,142.72484506573755
2021-11-10 08:36:44.631850,131.02429526281304,133.06396280649514,129.79869491275886,131.61180213198716,20427201,134.78094636243156,147.63921793093382,2.153807067163315,-0.01173413224458797,-0.051109474695958834,133.1744891998638,135.5026733372846,137.57782060155634,138.70072323655717
2021-11-11 08:36:44.631850,136.87753007284505,139.46619426841144,135.75585052327864,136.5269190708865,12353718,134.68019081522314,147.20244166341382,2.033141456786908,0.03734556369017872,-0.005139382665664494,131.61180213198716,133.91556117540972,134.45207018957382,137.23220790134553
2021-11-12 08:36:44.631850,136.55471997447063,137.06155279823122,135.1365173999694,136.5310224564182,35033870,134.53064822306052,146.69969669328057,1.8108360673614274,3.0055505241266545e-05,-0.0076087710981394,136.5269190708865,133.1744891998638,135.5026733372846,137.57782060155634
2021-11-15 08:36:44.631850,132.367989302738,137.0165105287226,130.89186554065952,133.6837746712816,21803077,134.42089172044737,145.946586202249,1.8394500289233577,-0.020854218579117956,-0.005714270648335296,136.5310224564182,131.61180213198716,133.91556117540972,134.45207018957382
2021-11-16 08:36:44.631850,136.36822952995013,135.93134974845574,133.7673803260166,135.92309797741524,24537127,134.4809523833232,145.29095225577825,1.8869101569677247,0.016750898242063883,0.003102703657249295,133.6837746712816,136.5269190708865,133.1744891998638,135.5026733372846
2021-11-17 08:36:44.631850,133.18280005219736,133.75727445894464,130.15143109692906,132.64505788580612,53961919,134.2994519133798,144.54878096152507,2.0076032180483114,-0.024116872999420558,-0.009487346193766233,135.92309797741524,136.5310224564182,131.61180213198716,133.91556117540972
2021-11-18 08:36:44.631850,132.5768398004614,133.34797445091075,130.74609159878923,133.23894587616473,23907905,134.3086600099942,143.66176605304835,2.0017226960617833,0.00447727190009517,0.0004840016784610768,132.64505788580612,133.6837746712816,136.5269190708865,133.1744891998638
2021-11-19 08:36:44.631850,128.32587191324203,128.18346488351636,127.55790236401926,128.05682992851249,27912685,133.80080683806926,142.51863280190372,3.001341243385599,-0.03889340247759554,-0.027011044191231126,133.23894587616473,135.92309797741524,136.5310224564182,131.61180213198716
2021-11-22 08:36:44.631850,124.15958191589934,125.83961045742956,123.61087577633069,124.69358107794686,13396958,132.11032998193505,141.31258078415172,4.273058714931782,-0.026263720977968585,-0.08667402790211365,128.05682992851249,132.64505788580612,133.6837746712816,136.5269190708865
2021-11-23 08:36:44.631850,125.28308817002386,125.58542320516213,124.55246291078734,125.22193580178927,21642407,130.4947461741309,140.0643422232156,4.4570330160015486,0.004237224717382526,-0.08283162647697073,124.69358107794686,133.23894587616473,135.92309797741524,136.5310224564182
2021-11-24 08:36:44.631850,126.30530137306141,127.44882622987816,123.75867548786883,127.10894667596885,32761448,129.55548503194336,138.9276331575581,4.3648045940973015,0.015069331599908198,-0.04918194456642,125.22193580178927,128.05682992851249,132.64505788580612,133.6837746712816
2021-11-25 08:36:44.631850,126.43888112850051,127.99315903197227,127.57842163087919,127.58272819428622,11098417,128.3640036343535,137.8551583039267,3.3594889080404178,0.0037273656237994945,-0.061360945323029936,127.10894667596885,124.69358107794686,133.23894587616473,135.92309797741524
2021-11-26 08:36:44.631850,127.08219581281209,128.17656078518766,126.90850725845708,127.32590854518301,26706633,127.60412515712163,136.7467551187338,2.781645290969491,-0.002012965647764764,-0.04010062210687382,127.58272819428622,125.22193580178927,128.05682992851249,132.64505788580612
2021-11-29 08:36:44.631850,126.51902150802853,127.85323951462223,125.42723887189328,126.5973402856022,25403449,126.65532435846985,135.81728102682922,1.2507433590830797,-0.005722073911785808,-0.04984732914905665,127.32590854518301,127.10894667596885,124.69358107794686,133.23894587616473
2021-11-30 08:36:44.631850,122.64742262900259,123.10679161708829,121.64578566924827,122.89178045700206,24658783,125.91746014825408,134.94038879359877,1.7211959692868202,-0.02927043980734856,-0.04033404133456853,126.5973402856022,127.58272819428622,125.22193580178927,128.05682992851249
2021-12-01 08:36:44.631850,120.44210716620024,122.07504548233746,121.05557122128056,121.15938926271342,40571623,125.41257560322072,134.06018652349366,2.4877062103650656,-0.01409688416789412,-0.028343013206302836,122.89178045700206,127.32590854518301,127.10894667596885,124.69358107794686
2021-12-02 08:36:44.631850,119.839424393471,120.723761296417,118.96827736110608,120.07952283628794,28551477,124.67794517957768,133.24215230960507,3.2083076639701735,-0.008912775419195773,-0.041066390904874184,121.15938926271342,126.5973402856022,127.58272819428622,125.22193580178927
2021-12-03 08:36:44.631850,122.81947216881426,123.75633114877077,122.3410821308757,122.65432134321887,50578439,124.04157013204197,132.4782007592275,3.0851769573202388,0.02144244452437838,-0.03504572612111945,120.07952283628794,122.89178045700206,127.32590854518301,127.10894667596885
2021-12-06 08:36:44.631850,123.50631391421638,123.56885632484736,122.42798549090173,123.53404300178457,14697753,123.46318653311315,131.8302399812933,2.6610145747270573,0.007172365791369151,-0.03173380323342989,122.65432134321887,121.15938926271342,126.5973402856022,127.58272819428622
2021-12-07 08:36:44.631850,119.32397812587469,119.22606487686411,118.72867544167471,119.21519364735605,25853648,122.30451297628073,131.17150190176292,2.4567303046004327,-0.03496080310725469,-0.06370042821998623,123.53404300178457,120.07952283628794,122.89178045700206,127.32590854518301
2021-12-08 08:36:44.631850,119.62152443081956,121.32700461046926,118.82845865701778,120.02367286883833,25196946,121.36541763102875,130.40252871527815,1.6740025663558573,0.006781679387895867,-0.051925794032747774,119.21519364735605,122.65432134321887,121.15938926271342,126.5973402856022
2021-12-09 08:36:44.631850,119.8332650051197,119.70083334233304,118.35956706139139,119.13530017765349,14152088,120.8287775911218,129.62405016271438,1.704966774129431,-0.007401645608326346,-0.030567384290301702,120.02367286883833,123.53404300178457,120.07952283628794,122.89178045700206
2021-12-10 08:36:44.631850,116.86679093626698,117.58755587950193,116.54895553398569,117.55813465364062,38963953,120.31431264696856,128.7851598156445,2.0887217822181765,-0.013238440006119179,-0.02972328129901758,119.13530017765349,119.21519364735605,122.65432134321887,121.15938926271342
2021-12-13 08:36:44.631850,119.32172786025204,120.00495248688475,118.75228005754039,119.0315525645966,77232943,120.1646026081555,128.1295207932458,2.145149862859373,0.012533525776817322,-0.008727302098960776,117.55813465364062,120.02367286883833,123.53404300178457,120.07952283628794
2021-12-14 08:36:44.631850,122.23981853145764,123.21109523651762,121.47522404921303,121.521691507487,23950433,120.00279834590809,127.60583691345052,1.9608558578142432,0.0209199904499191,-0.00923432475373176,119.0315525645966,119.13530017765349,119.21519364735605,122.65432134321887
2021-12-15 08:36:44.631850,124.11929667963373,124.51225216013319,122.02789419473226,123.82156272178513,31093537,120.04387259162247,127.14729498412481,2.048218618455679,0.01892560238232388,0.002327453332005014,121.521691507487,117.55813465364062,120.02367286883833,123.53404300178457
2021-12-16 08:36:44.631850,121.65712723466395,121.79305215330503,121.41549713225777,121.780444686823,25197598,120.41033702583204,126.72490746736645,2.1039683787352184,-0.016484350464452735,0.02151781967536026,123.82156272178513,119.0315525645966,119.13530017765349,119.21519364735605
2021-12-17 08:36:44.631850,120.74407001328078,122.65201796642381,121.00307876106297,121.06385840755244,16906482,120.55893495993404,126.24361363637537,2.108834956250835,-0.005884247517024321,0.008666503147681803,121.780444686823,121.521691507487,117.55813465364062,120.02367286883833
2021-12-20 08:36:44.631850,122.53376526968539,123.20065575530916,118.70745218881862,121.90225814817552,9719258,120.95421467000861,125.84317020213425,2.05617639023686,0.006925268628071191,0.0232253409895804,121.06385840755244,123.82156272178513,119.0315525645966,119.13530017765349
2021-12-21 08:36:44.631850,123.43275024286872,124.69669886863926,122.93488505553158,124.31725190405325,16972641,121.91980284863898,125.54792895894056,1.761500512424339,0.019810902542447106,0.05749595525930129,121.90225814817552,121.780444686823,121.521691507487,117.55813465364062
2021-12-22 08:36:44.631850,122.56573676971357,123.9138490467779,121.35982771493093,123.16315459098156,12043321,122.51003170955111,125.26630737424037,1.2505097244569,-0.009283484756905769,0.034710141448779375,124.31725190405325,121.06385840755244,123.82156272178513,119.0315525645966
2021-12-23 08:36:44.631850,122.49878991243658,122.97227040126812,121.51920449482148,122.74277663247787,56630090,122.68447244169269,124.80683595962675,1.1723903137528635,-0.003413179533276356,0.010048289402848187,123.16315459098156,121.90225814817552,121.780444686823,121.521691507487
2021-12-24 08:36:44.631850,120.80669342370093,120.13172293337175,119.72676446332927,120.0637069335652,22803968,122.1476359005184,124.25792544219831,1.4026806197788453,-0.021826699480120615,-0.03034896108251728,122.74277663247787,124.31725190405325,121.06385840755244,123.82156272178513
2021-12-27 08:36:44.631850,117.44990169915634,117.84825056082067,115.16572259808784,117.22730601473305,20318458,121.49718751879128,123.70937648698003,2.3423034475744755,-0.023624132481613436,-0.0373880936614992,120.0637069335652,123.16315459098156,121.90225814817552,121.780444686823
2021-12-28 08:36:44.631850,118.5906806106396,119.25149008723693,118.72404976211253,119.167478471071,37677622,121.22627609929393,123.15085583676857,2.504806439328182,0.016550516447883856,-0.01566429454195517,117.22730601473305,122.74277663247787,124.31725190405325,121.06385840755244
2021-12-29 08:36:44.631850,122.24565921689222,123.03127412030283,121.95915331782851,122.43562280273866,13785452,121.3024710499458,122.81054133399965,2.536705863128671,0.027424800571416386,0.004375346795584489,119.167478471071,120.0637069335652,123.16315459098156,121.90225814817552
2021-12-30 08:36:44.631850,121.92037502599484,122.37487105204251,122.23105696271733,122.2960214079037,16462044,121.01372383621015,122.4457771850576,2.2332291216089084,-0.0011402024316067294,-0.016258648459423153,122.43562280273866,117.22730601473305,122.74277663247787,124.31725190405325
2021-12-31 08:36:44.631850,124.34440867003129,127.25240266366788,123.2604136022826,124.78727182960883,24991245,121.24574058458548,122.33679191509415,2.55495151114629,0.020370657957840432,0.013186713542868267,122.2960214079037,119.167478471071,120.0637069335652,123.16315459098156
2022-01-03 08:36:44.631850,126.34262497798525,126.9082601182613,124.34869875177142,125.72725947037769,40401783,121.67209527571401,122.37124786150851,3.0478711062626593,0.007532720500952772,0.02431493664866413,124.78727182960883,122.43562280273866,117.22730601473305,122.74277663247787
2022-01-04 08:36:44.631850,123.29133474311382,124.32166919142125,123.36606160110331,124.1427948726847,31041715,122.25482212415966,122.33527649720503,3.07889479798516,-0.01260239509210248,0.03397436280537791,125.72725947037769,122.2960214079037,119.167478471071,120.0637069335652
2022-01-05 08:36:44.631850,126.08344099896203,126.59038481824147,123.42725174233473,125.07733092159692,27348235,123.37625425371165,122.26755597205928,2.264395673429889,0.007527912110168344,0.06696413296299153,124.1427948726847,124.78727182960883,122.43562280273866,117.22730601473305
2022-01-06 08:36:44.631850,129.49637642221333,129.73600632704407,128.70055574489135,128.96232429274102,25117085,124.77551794252165,122.31354250867444,2.2564625483166427,0.031060731329319413,0.08219395045811773,125.07733092159692,125.72725947037769,122.2960214079037,119.167478471071
2022-01-07 08:36:44.631850,129.61171610633107,130.8818784067908,127.8772902212875,128.90860880455241,29506405,125.70023022849504,122.36629918398675,2.4553146613535555,-0.00041652078219889255,0.05286848593274729,128.96232429274102,124.1427948726847,124.78727182960883,122.43562280273866
2022-01-10 08:36:44.631850,132.67339086200687,134.60192628755237,132.89672638314184,132.98120212611084,26717422,127.22668461681035,122.5790945786704,3.195958218332911,0.03159287311628023,0.08737144998828716,128.90860880455241,125.07733092159692,125.72725947037769,122.2960214079037
2022-01-11 08:36:44.631850,125.95905661592018,126.3226117587731,124.49372460820933,126.05355942263172,14432798,127.40758284438505,122.68448721085805,3.0681512455563786,-0.0520949020817949,0.01014757013641554,132.98120212611084,128.96232429274102,124.1427948726847,124.78727182960883
2022-01-12 08:36:44.631850,127.24506180780658,130.07401626418408,127.57735663491121,128.16345021395597,24717933,127.75561009346767,122.91795590923282,2.9827643909097112,0.016738050087504508,0.0193767903145321,126.05355942263172,128.90860880455241,125.07733092159692,125.72725947037769
2022-01-13 08:36:44.631850,128.0881253890617,128.61595051898786,128.3700283630926,128.42502430094845,14120746,128.3673571546482,123.19613929138815,2.5218161697372556,0.0020409413647635155,0.03449438553929296,128.16345021395597,132.98120212611084,128.96232429274102,124.1427948726847
2022-01-14 08:36:44.631850,128.0107389228111,128.12599507236155,127.62145883216071,127.6955512832439,25154346,128.74138863488346,123.36418028938898,2.113649862241813,-0.0056801470093174045,0.02093281286349291,128.42502430094845,126.05355942263172,128.90860880455241,125.07733092159692
2022-01-17 08:36:44.631850,128.7974831501354,128.75316920885754,126.88248700461828,127.96820880754645,18994804,128.59937213699854,123.51198581624772,2.129667740975739,0.002135215530709944,-0.007708572954516213,127.6955512832439,128.16345021395597,132.98120212611084,128.96232429274102
2022-01-18 08:36:44.631850,122.23922974787732,123.29148138319661,120.1578172651132,122.91968659252801,85985635,127.74381182099503,123.63546891442012,3.0069980741869116,-0.039451378292017836,-0.04645866763719897,127.96820880754645,128.42502430094845,126.05355942263172,128.90860880455241
2022-01-19 08:36:44.631850,122.1928026775764,122.89171506881632,121.6738211034946,122.41652250638225,23677902,126.23457187531953,123.71523056900492,2.5579074210211035,-0.004093437756750196,-0.079444909888164,122.91968659252801,127.6955512832439,128.16345021395597,132.98120212611084
2022-01-20 08:36:44.631850,123.23428021488857,123.53774724403893,123.06700598770799,123.32757704608977,11969594,125.84514582152784,123.85497313128612,2.7872814448438983,0.007442251430235025,-0.021625588273967655,122.41652250638225,127.96820880754645,128.42502430094845,126.05355942263172
2022-01-21 08:36:44.631850,126.12348207707309,127.21382196865036,125.4856583442882,127.00987715257992,22587560,125.68034966990267,124.17003121458409,2.6584953931712283,0.029857880894830213,-0.009000795932461836,123.32757704608977,122.91968659252801,127.6955512832439,128.16345021395597
2022-01-24 08:36:44.631850,126.10322743196068,125.73530118658759,125.11299519562327,125.73147138063015,31317242,125.2955563955715,124.39336184178522,2.374815785286769,-0.010065404365472985,-0.020973738840853073,127.00987715257992,122.41652250638225,127.96820880754645,128.42502430094845
2022-01-25 08:36:44.631850,123.28821021069777,124.27677939361084,121.41415533876814,123.7361290161726,55766393,124.72992464313275,124.46717642540807,2.1706666955676397,-0.01586987205786372,-0.03100673615707128,125.73147138063015,123.32757704608977,122.91968659252801,127.6955512832439
2022-01-26 08:36:44.631850,122.41183296576739,123.99045759012765,121.77219838869541,122.53154036928247,17989050,123.95325772338073,124.42417568032465,1.7509374620394291,-0.009735140871690695,-0.042484523999552715,123.7361290161726,127.00987715257992,122.41652250638225,127.96820880754645
2022-01-27 08:36:44.631850,124.52956981288206,125.99676628982566,124.01860641970852,124.81161246218002,10949299,124.22353284761674,124.52521460616987,1.7103535234691614,0.018608042354041565,0.015391561124977748,122.53154036928247,125.73147138063015,123.32757704608977,122.91968659252801
2022-01-28 08:36:44.631850,125.17371542123038,127.53576181684514,124.17464460502335,125.6696950678258,36339596,124.6882717849658,124.67874249484566,1.5740646898012114,0.006875022193193692,0.026574619951926337,124.81161246218002,123.7361290161726,127.00987715257992,122.41652250638225
2022-01-31 08:36:44.631850,124.37151877897166,127.55236230556865,123.59936471400792,124.37589991101669,12111919,124.8380321942411,124.76119722027369,1.46941976303571,-0.010295204075340791,0.008500311852677855,125.6696950678258,122.53154036928247,125.73147138063015,123.32757704608977
2022-02-01 08:36:44.631850,125.55447484642781,126.86432111842821,125.4580447834832,125.68997465875982,19422102,124.64947469512393,124.80695464543058,1.205209841097846,0.010565348662267215,-0.01039212479699092,124.37589991101669,124.81161246218002,123.7361290161726,127.00987715257992
2022-02-02 08:36:44.631850,125.73749726940216,127.69359568585976,125.20990791933752,125.97171514550726,21235603,124.68379523296353,124.90057333058144,1.2439548660378097,0.002241550986960883,0.001910768737843016,125.68997465875982,125.6696950678258,122.53154036928247,125.73147138063015
2022-02-03 08:36:44.631850,127.98208980370782,128.73865510957614,125.61689570962662,128.44994407654156,23328428,125.3571973844448,125.09081224538356,1.7979643536805534,0.019672899810657896,0.03809570493152292,125.97171514550726,124.37589991101669,124.81161246218002,123.7361290161726
2022-02-04 08:36:44.631850,126.88730021034866,128.16726202750255,125.5484579834965,126.68490544681833,34092304,125.95053525266421,125.311518862492,1.336049977430341,-0.01374106187754709,0.03389629368094571,128.44994407654156,125.68997465875982,125.6696950678258,122.53154036928247
2022-02-07 08:36:44.631850,126.93360578613289,128.16127603509574,124.28773916821821,125.89271395724758,17161565,126.10497832338815,125.60036579390915,1.241598888396647,-0.006253242931955394,0.008661866261804319,126.68490544681833,125.97171514550726,124.37589991101669,124.81161246218002
2022-02-08 08:36:44.631850,125.03060038013383,125.61973149689744,124.1291780865678,124.94321058018333,21065251,126.00119482515352,125.79289019754623,1.31239237482826,-0.0075421630626431035,-0.005780904356061156,125.89271395724758,128.44994407654156,125.68997465875982,125.6696950678258
2022-02-09 08:36:44.631850,121.92783149831064,122.24460254661888,119.94328756360248,121.32356841632304,23983216,125.5651474687687,125.75582171799904,2.1695578142654526,-0.02897029896264236,-0.024541181184436822,124.94321058018333,126.68490544681833,125.97171514550726,124.37589991101669
2022-02-10 08:36:44.631850,121.2299118739027,122.78228806911856,121.83251503284096,122.07849286072604,26031007,125.04922149762102,125.74857076642645,2.533765574894824,0.006222405541291609,-0.028733252654706276,121.32356841632304,125.89271395724758,128.44994407654156,125.68997465875982
2022-02-11 08:36:44.631850,122.84932914845167,125.9330703101703,122.74449601465734,122.7525010922056,25365830,124.58933377572077,125.68074507517967,2.6287912622886567,0.00552110544359774,-0.025555054557947487,122.07849286072604,124.94321058018333,126.68490544681833,125.97171514550726
2022-02-14 08:36:44.631850,122.12808616778388,123.47267908968995,122.06654986285987,122.80188063437502,30038873,123.78246756969699,125.58323244731292,2.049256219577045,0.00040226913284913124,-0.04397092955370174,122.7525010922056,121.32356841632304,125.89271395724758,128.44994407654156
2022-02-15 08:36:44.631850,121.3597032156231,122.74159600771077,121.44543614190985,122.26256637554343,36833553,123.15070484522914,125.52055816407488,1.6476645770151077,-0.004391742667502974,-0.034908176753002174,122.80188063437502,122.07849286072604,124.94321058018333,126.68490544681833
2022-02-16 08:36:44.631850,118.39897972445681,120.5958214440863,117.96582823958666,118.83830795953727,29394468,122.14293255984197,125.31259073200623,1.837466980432237,-0.028007414841008327,-0.05603506172808337,122.26256637554343,122.7525010922056,121.32356841632304,125.89271395724758
2022-02-17 08:36:44.631850,118.57665469033253,118.09031789276416,117.77753229081114,117.87418388375457,30304075,121.13307160320929,124.94298605170668,1.9790415875428615,-0.008112906455307156,-0.05657791778843524,118.83830795953727,122.80188063437502,122.07849286072604,124.94321058018333
2022-02-18 08:36:44.631850,117.65784413865391,117.11953033879072,116.56611957947959,117.10160226010554,10950420,120.5299335808925,124.54941916689178,2.4889643543106375,-0.0065542903305353395,-0.034799225009025325,117.87418388375457,122.26256637554343,122.7525010922056,121.32356841632304
2022-02-21 08:36:44.631850,115.39781458340224,115.92545215261245,113.57982527007383,115.2577736671293,24769258,119.55554512466439,123.95863821825907,3.052902051324598,-0.015745545384432402,-0.055871587482474894,117.10160226010554,118.83830795953727,122.80188063437502,122.07849286072604
2022-02-22 08:36:44.631850,114.03986830686411,115.05798479006214,114.11093948079363,114.92056235821057,30699403,118.43669673409367,123.58753831611169,3.1203913042340865,-0.00292571423332022,-0.06380268152835489,115.2577736671293,117.87418388375457,122.26256637554343,122.7525010922056
2022-02-23 08:36:44.631850,115.76998490673222,117.01134198484571,114.96932536921753,115.88371356064691,34777131,117.44838715213253,123.1782137610014,2.551034206659799,0.008381017136290803,-0.05633600265720651,114.92056235821057,117.10160226010554,118.83830795953727,122.80188063437502
2022-02-24 08:36:44.631850,120.47150074420959,121.72939958505026,120.18920812171874,120.29004320867534,17086933,117.16659812829423,122.90704772459229,1.974398866835384,0.03802371802421067,-0.016133500427344627,115.88371356064691,115.2577736671293,117.87418388375457,122.26256637554343
2022-02-25 08:36:44.631850,120.85210627631076,120.93754799843407,119.04305484613943,120.74612967461431,17373912,117.43914408759092,122.67540033763797,2.3412236310630608,0.003791556256636852,0.016053928634919723,120.29004320867534,114.92056235821057,117.10160226010554,118.83830795953727
2022-02-28 08:36:44.631850,120.28509526047038,121.43746666094842,120.9068480441217,121.40431777103585,18127662,117.94344892863111,122.45660396975428,2.7881011354997876,0.005451007814455178,0.029948320921251437,120.74612967461431,115.88371356064691,115.2577736671293,117.87418388375457
2022-03-01 08:36:44.631850,120.72017834096347,122.39165847550318,120.21582294403683,121.25997795407854,31585444,118.53750259919867,122.40128034847262,3.0127896339156,-0.0011889183153233063,0.03551083515267739,121.40431777103585,120.29004320867534,114.92056235821057,117.10160226010554
2022-03-02 08:36:44.631850,116.60558174403396,117.16001034935799,115.00602066968918,116.6429528421431,40505184,118.73538533848637,122.20882802633132,2.79940476214517,-0.038075424305980876,0.012018097616689039,121.25997795407854,120.74612967461431,115.88371356064691,115.2577736671293
2022-03-03 08:36:44.631850,116.92879334532864,117.64791494578166,115.80222506700471,116.61609259352204,19702773,118.97760394353087,121.98511187791242,2.4680572836928785,-0.0002302775089843001,0.014753932634148148,116.6429528421431,121.40431777103585,120.29004320867534,114.92056235821057
2022-03-04 08:36:44.631850,115.50910775482018,116.99354004645984,116.27411566043193,116.7915536560883,38033623,119.10729538573678,121.64450109469603,2.29625635909817,0.0015046041988204806,0.007834061125131964,116.61609259352204,121.25997795407854,120.74612967461431,115.88371356064691
2022-03-07 08:36:44.631850,122.48094255443024,124.67852612625549,121.99254463004908,122.58030858915035,25693276,119.43447615437607,121.53946233498002,2.631550782049763,0.0495648422497057,0.019039525794349643,116.7915536560883,116.6429528421431,121.40431777103585,120.29004320867534
2022-03-08 08:36:44.631850,122.2328531632508,123.82120471773602,121.78323570234528,122.14548935325956,22699582,119.63438467989683,121.48644101288292,2.7958233965559076,-0.003547219295622406,0.011589271493970266,122.58030858915035,116.61609259352204,121.25997795407854,120.74612967461431
2022-03-09 08:36:44.631850,123.44095232471737,124.90215603480695,122.34944482684979,122.91878595391583,21732249,119.8507372774511,121.49934919903737,3.0062917424618556,0.006330946846672347,0.012474582541093904,122.14548935325956,116.7915536560883,116.6429528421431,121.40431777103585
2022-03-10 08:36:44.631850,123.2959852076528,124.67795881027398,122.62791336593031,122.8703270178924,35085752,120.08078714371024,121.43463968422778,3.1882137782234308,-0.0003942353941048804,0.013280136537907827,122.91878595391583,122.58030858915035,116.61609259352204,121.25997795407854
2022-03-11 08:36:44.631850,120.38491659361202,120.28653330604678,119.66159085276983,120.03527106277895,28425264,120.5654040323725,121.24682555072621,2.8144755254776994,-0.023073560752390643,0.02908292475437224,122.8703270178924,122.14548935325956,116.7915536560883,116.6429528421431
2022-03-14 08:36:44.631850,122.32363965346292,123.63658333492,120.72706225709653,122.81486257043855,75369460,121.45094260050344,121.19479097270694,2.2913383238110154,0.023156456290300387,0.053155356512612606,120.03527106277895,122.91878595391583,122.58030858915035,116.61609259352204
2022-03-15 08:36:44.631850,123.5090513493655,125.99542546901922,123.36247792484829,124.69867807064168,15774222,122.58053180258246,121.16174775310301,1.3788561609460281,0.01533866065373557,0.067702878907127,122.81486257043855,122.8703270178924,122.14548935325956,116.7915536560883
2022-03-16 08:36:44.631850,126.45988402291778,127.47626922749262,126.46734817468916,126.70890043622116,31297564,123.17033063787831,121.1863205961268,2.0823006002195,0.01612063894086102,0.03368071017759067,124.69867807064168,120.03527106277895,122.91878595391583,122.58030858915035
2022-03-17 08:36:44.631850,125.06559057501454,126.71469306076315,123.27097428319998,124.44236341700133,18539228,123.49845550412712,121.05273457414212,2.074847824765155,-0.017887749095894745,0.018804411656159647,126.70890043622116,122.81486257043855,122.8703270178924,122.14548935325956
2022-03-18 08:36:44.631850,128.8626460187476,128.83858568190954,126.64970536910488,127.97103691484268,15640222,124.22020564140239,121.09560562307628,2.6410687811009144,0.028355886218722093,0.04110234999246587,124.44236341700133,124.69867807064168,120.03527106277895,122.91878595391583
2022-03-21 08:36:44.631850,124.86353947494555,125.02856824402149,123.9263947332103,124.42150154380309,24024061,124.44180200224676,121.0465652092948,2.5731329461434505,-0.02773702125584565,0.012624484393899404,127.97103691484268,126.70890043622116,122.81486257043855,122.8703270178924
2022-03-22 08:36:44.631850,126.18949203378956,128.63564564000896,123.6409170763786,125.91918081031147,25872113,125.28236053760857,121.07909755029907,1.7100410138170543,0.012037141876005464,0.04901817353713667,124.42150154380309,124.44236341700133,124.69867807064168,120.03527106277895
2022-03-23 08:36:44.631850,131.72292663326314,132.26971791089855,131.1866918506132,131.47336412462118,103915307,126.51928933106322,121.41742407390899,2.551975409021238,0.044109112516199644,0.07050043759334645,125.91918081031147,127.97103691484268,126.70890043622116,122.81486257043855
2022-03-24 08:36:44.631850,128.54978187693342,129.86484523386892,127.81555343754984,128.90822327480714,22030250,127.12065293165831,121.64508175437837,2.5474295441565147,-0.019510726502613762,0.03375773720536768,131.47336412462118,124.42150154380309,124.44236341700133,124.69867807064168
2022-03-25 08:36:44.631850,127.40398214866127,127.86844585239366,126.65555923351532,127.48688705843657,13727485,127.23179387768906,121.80289461991941,2.543439431281159,-0.011025954592055465,0.006139952438518836,128.90822327480714,125.91918081031147,127.97103691484268,126.70890043622116
2022-03-28 08:36:44.631850,128.84557996482428,129.44257281067743,126.38689339720644,127.77921797107703,27687880,127.70848738541417,121.96880586447612,2.2264545352208787,0.002293027301752737,0.026814458215439263,127.48688705843657,131.47336412462118,124.42150154380309,124.44236341700133
2022-03-29 08:36:44.631850,125.93456377289698,128.50667104471418,125.53791110294283,126.53087722945946,8560592,127.50275028750228,122.11108289294,2.2643666492803085,-0.009769513082323988,-0.011253793984193239,127.77921797107703,128.90822327480714,125.91918081031147,127.97103691484268
2022-03-30 08:36:44.631850,123.63492071328025,122.68395180095939,122.19029186071555,122.64470040821948,23069491,127.24892155384747,122.2379626412294,2.7208972037757313,-0.03071326862132262,-0.014280499057938822,126.53087722945946,127.48688705843657,131.47336412462118,124.42150154380309
2022-03-31 08:36:44.631850,122.6518662634143,123.7752429073823,121.12293706225273,122.84967152842557,24349275,126.81042022786377,122.4038122293851,3.179593685048867,0.0016712594961205696,-0.024376820609323224,122.64470040821948,127.77921797107703,128.90822327480714,125.91918081031147
2022-04-01 08:36:44.631850,121.07354454908118,120.8296913631521,120.2576680058695,120.27645318399053,35937798,125.2108615220594,122.50964059351462,3.2582832694771082,-0.02094607427452211,-0.08516486221511232,122.84967152842557,126.53087722945946,127.48688705843657,131.47336412462118
2022-04-04 08:36:44.631850,120.59747556579329,122.27487383219344,120.35594481987448,121.45177647617741,39302988,124.14565483654086,122.7161073538162,3.060937728221627,0.009771848612703637,-0.05784306547095941,120.27645318399053,122.64470040821948,127.77921797107703,128.90822327480714
2022-04-05 08:36:44.631850,119.60425760584071,121.65596078337708,118.17235417185081,119.25489787746137,18778350,122.96965638211584,122.8605852044579,3.143535774007304,-0.018088484684676054,-0.064571261962039,121.45177647617741,122.84967152842557,126.53087722945946,127.48688705843657
2022-04-06 08:36:44.631850,122.53435244079353,123.15534101128645,121.11889163449888,122.98741973056721,22402721,122.28511377632871,123.09737541012191,2.3409095731984895,0.03129868810035075,-0.03750060703607094,119.25489787746137,120.27645318399053,122.64470040821948,127.77921797107703
2022-04-07 08:36:44.631850,120.2407818486964,121.540105960601,120.47915240638751,121.09770992808828,16468163,121.50894701898999,123.12429763410233,1.4168934641111024,-0.015365065846724701,-0.042939458101743155,122.98741973056721,121.45177647617741,122.84967152842557,126.53087722945946
2022-04-08 08:36:44.631850,120.48552825334458,120.57629117380016,119.11367582525642,120.3540209996972,13742018,121.1817071034868,123.11122734493844,1.3747629580311693,-0.006141230324113511,-0.0186773615239616,121.09770992808828,119.25489787746137,120.27645318399053,122.64470040821948
2022-04-11 08:36:44.631850,122.96586450162836,123.99651507023916,121.54347898985334,122.3483285712556,28203239,121.11008668103395,123.14269437161244,1.2834090719940008,0.016570344347393462,-0.004080946663776452,120.3540209996972,122.98741973056721,121.45177647617741,122.84967152842557
2022-04-12 08:36:44.631850,118.86883263133889,120.53299550971853,118.35307555900847,119.37314923355306,12777638,120.98104325954287,123.07980008092825,1.4194056580787933,-0.024317286328679133,-0.007510231026314429,122.3483285712556,121.09770992808828,119.25489787746137,120.27645318399053
2022-04-13 08:36:44.631850,119.05296344016222,121.3919340038312,118.6422166546815,119.9520133526862,19632296,120.76679138475843,123.19010209794637,1.4493826421467684,0.004849198692082668,-0.012348630600602206,119.37314923355306,120.3540209996972,122.98741973056721,121.45177647617741
2022-04-14 08:36:44.631850,123.06734563704836,123.93268082914085,122.02777973152752,123.12388705900305,14686114,121.31950412497865,123.40702858012905,1.5130487262401784,0.026442855085648587,0.03244302121257281,119.9520133526862,122.3483285712556,121.09770992808828,119.25489787746137
2022-04-15 08:36:44.631850,119.15032002129243,120.45037589858617,118.99759586759785,119.20243254069361,31795699,120.77879166928243,123.48739120961591,1.4938406092612193,-0.03184966469122452,-0.030775401241570077,123.12388705900305,119.37314923355306,120.3540209996972,122.98741973056721
2022-04-18 08:36:44.631850,120.00647936638563,120.32062663519774,119.016247333177,119.6783693717843,59454094,120.57602873266758,123.39065990237036,1.5389817690627954,0.003992677170645997,-0.011720622604232789,119.20243254069361,119.9520133526862,122.3483285712556,121.09770992808828
2022-04-19 08:36:44.631850,120.90767344386614,121.76315260765416,118.92165257854215,120.33631986346451,12599982,120.57349999892006,123.33035425271053,1.5394218319475936,0.005497655884968422,-0.00014707556993653892,119.6783693717843,123.12388705900305,119.37314923355306,120.3540209996972
2022-04-20 08:36:44.631850,122.21773576887094,123.1330040751899,121.15979533010285,122.25405450291889,9563752,120.56003227487194,123.30819653767729,1.5216161793006011,0.01593645743554628,-0.0007705382610259104,120.33631986346451,119.20243254069361,119.9520133526862,122.3483285712556
2022-04-21 08:36:44.631850,120.37278087116908,120.4542350076876,118.55399401235007,119.2662859267675,22692761,120.5447660881883,123.1880618346398,1.5359769771998728,-0.024439014217561672,-0.0008952038835507992,122.25405450291889,119.6783693717843,123.12388705900305,119.37314923355306
2022-04-22 08:36:44.631850,116.28257365208508,117.0313819481774,115.0508182314215,116.15234669314552,24345288,120.00195656539677,123.05863102231869,2.2743075406666224,-0.02610913226168554,-0.031676555927150574,119.2662859267675,120.33631986346451,119.20243254069361,119.9520133526862
2022-04-25 08:36:44.631850,117.19633533368561,119.06888842544727,116.85588441302814,117.39968715081541,26945575,119.18421372136996,122.87812517499792,1.9739672964048407,0.010738831312337993,-0.046491383962272925,116.15234669314552,122.25405450291889,119.6783693717843,123.12388705900305
2022-04-26 08:36:44.631850,117.18033502043886,119.90578406238778,116.51719489900496,118.13222521148393,19323639,119.0313269600543,122.65924341302598,2.013372324017194,0.006239693464663798,-0.008978066188744305,117.39968715081541,119.2662859267675,120.33631986346451,119.20243254069361
2022-04-27 08:36:44.631850,118.60352388131228,119.14270336761213,117.75220306229961,118.75949043526587,21849319,118.90005854055165,122.3942630796608,1.9940168888715923,0.00530985700691744,-0.007677903211263715,118.13222521148393,116.15234669314552,122.25405450291889,119.6783693717843
2022-04-28 08:36:44.631850,119.4168088731145,119.918039972796,118.14367881818724,119.61799853883787,29027528,118.79744120846213,122.23345091705536,1.9250757194700328,0.0072289641899394574,-0.0059692811400718915,118.75949043526587,117.39968715081541,119.2662859267675,120.33631986346451
2022-04-29 08:36:44.631850,118.59372958241431,119.59464798099951,117.37515685736672,118.02702001535653,40638052,118.19357913881038,121.90198368707249,1.1781572268716962,-0.013300494431569776,-0.03457582249316271,119.61799853883787,118.13222521148393,116.15234669314552,122.25405450291889
2022-05-02 08:36:44.631850,118.88494982465288,119.27042051062985,117.86860729976179,118.61067235663037,9088092,118.0999200573622,121.70828938083339,1.1022847062683105,0.004945073943219969,-0.005497056985070192,118.02702001535653,118.75949043526587,117.39968715081541,119.2662859267675
2022-05-03 08:36:44.631850,118.63774770276939,119.88554926226877,118.50994817819513,119.34148602048091,20085933,118.55551138983868,121.48903288783906,0.7730555433056082,0.006161449465973634,0.027456520837762843,118.61067235663037,119.61799853883787,118.13222521148393,116.15234669314552
2022-05-04 08:36:44.631850,117.7736010798489,120.21986031353845,116.98736949480096,117.67225327092497,26880304,118.59444940699721,121.02899585938252,0.709376637979292,-0.013987028360527343,0.0023216937516998826,119.34148602048091,118.02702001535653,118.75949043526587,117.39968715081541
2022-05-05 08:36:44.631850,122.50851768436144,122.88427920940592,121.78055652902911,122.09855276334349,15264065,119.16106762869143,120.80200684233372,1.4627022337676503,0.03761549022289512,0.03357532243855488,117.67225327092497,118.61067235663037,119.61799853883787,118.13222521148393
2022-05-06 08:36:44.631850,124.23424087107999,124.43622375002977,122.62791825836715,123.29226860707163,57401719,119.80860736752082,120.66218622728822,2.113740374942057,0.009776658418235717,0.03816771320921508,122.09855276334349,119.34148602048091,118.02702001535653,118.75949043526587
2022-05-09 08:36:44.631850,120.92592656742471,120.46032513460679,119.17747008314059,120.39168607226071,17580397,119.91913415800981,120.41593516399435,2.1223228660440236,-0.02352606994405293,0.006467985945874499,123.29226860707163,117.67225327092497,118.61067235663037,119.61799853883787
2022-05-10 08:36:44.631850,122.47282495963138,122.33638137881546,119.61410188551613,122.00867549688748,23661354,120.4879420839428,120.26519510624193,2.06344436837299,0.013431072172676695,0.03373511828912479,120.39168607226071,122.09855276334349,119.34148602048091,118.02702001535653
2022-05-11 08:36:44.631850,119.70283722647704,121.49595627213206,119.24847038474857,119.66688570722596,31896634,120.63882970545644,120.16593461620884,1.9381020953759025,-0.019193633404546384,0.008904876176907939,122.00867549688748,123.29226860707163,117.67225327092497,118.61067235663037
2022-05-12 08:36:44.631850,121.82261261498103,122.20400498984417,119.68395541291913,121.58654503929742,17972576,120.95955242243024,120.12383039990456,1.8722740487338345,0.016041692074848957,0.018812058519459107,119.66688570722596,120.39168607226071,122.09855276334349,119.34148602048091
2022-05-13 08:36:44.631850,125.21785820745204,125.11027154135468,124.32176695759678,124.4404136737955,9594623,121.92643247998318,120.26262908289806,1.6226788910773389,0.023471911580148053,0.05751704598778895,121.58654503929742,122.00867549688748,123.29226860707163,117.67225327092497
2022-05-16 08:36:44.631850,121.61933035238417,123.74835162410035,122.11267143835413,122.43522485408852,19495081,121.97452849294675,120.29541069549511,1.6335836068824627,-0.016113646367034162,0.0027573798634417113,124.4404136737955,119.66688570722596,120.39168607226071,122.09855276334349
2022-05-17 08:36:44.631850,124.61287461522542,125.28655294635007,123.98319830702333,124.83097888160654,40415352,122.19434424645173,120.48128006229993,1.919036627239865,0.019567522584886365,0.012480184620811352,122.43522485408852,121.58654503929742,122.00867549688748,123.29226860707163
2022-05-18 08:36:44.631850,125.41265701171952,126.95554157293193,125.51871290027927,125.89898511873382,20410344,122.98110125309074,120.57833224190549,2.1694120112473554,0.008555618538729881,0.045744845230986764,124.83097888160654,124.4404136737955,119.66688570722596,120.39168607226071
2022-05-19 08:36:44.631850,128.24935628160296,129.34411123149454,127.58497041914381,128.00668561126642,15819957,123.83795984085917,120.80863143134476,2.8109764217276174,0.016741203199889698,0.04916052149530925,125.89898511873382,122.43522485408852,121.58654503929742,122.00867549688748
2022-05-20 08:36:44.631850,133.71862087128454,135.51444142917424,131.92846683147084,132.9011312769546,38371904,125.7285663508204,121.22686844058668,3.8107741314220096,0.03823585965307896,0.11059237893185614,128.00668561126642,124.83097888160654,124.4404136737955,119.66688570722596
2022-05-23 08:36:44.631850,131.89388952781275,135.0088852531142,131.84551035859698,132.28875445196365,20472898,127.25745340977271,121.5582159699436,4.013503348869921,-0.004607762320057329,0.08802133006746127,132.9011312769546,125.89898511873382,122.43522485408852,121.58654503929742
2022-05-24 08:36:44.631850,128.77653237814775,131.77208278134373,129.9221652952626,130.3342247109342,18716566,128.09942641507823,121.92358515252297,3.9416078310395744,-0.014774723287149683,0.04736251562606153,132.28875445196365,128.00668561126642,124.83097888160654,124.4404136737955
2022-05-25 08:36:44.631850,127.79070760862903,128.33796704176345,127.45372257741978,128.05464150725885,26029161,128.90220022267403,122.1936727576754,3.0720606445726597,-0.01749028859251045,0.045897058300560456,130.3342247109342,132.9011312769546,125.89898511873382,122.43522485408852
2022-05-26 08:36:44.631850,126.5791973421519,126.35248700601228,124.0688144591317,126.00369202812736,35511782,129.06973067217697,122.2896662566462,2.8359413783583243,-0.016016205699308728,0.009394407998939647,128.05464150725885,132.28875445196365,128.00668561126642,124.83097888160654
2022-05-27 08:36:44.631850,126.18548720056022,126.23405382933161,124.89479383818907,125.84719113477867,79467347,129.06233153161196,122.5111582097824,2.845643790174657,-0.0012420341882820596,-0.00041139318086080845,126.00369202812736,130.3342247109342,132.9011312769546,125.89898511873382
2022-05-30 08:36:44.631850,127.01495499241567,127.77750040351687,125.96734061473421,126.74360564773424,36529037,128.88189153682166,122.74666608564738,2.9614276612455077,0.007123039496332861,-0.009867296832978933,125.84719113477867,128.05464150725885,132.28875445196365,128.00668561126642
2022-05-31 08:36:44.631850,127.30453258371843,128.57996197662524,126.18690632179842,127.48300452056138,43138221,128.10787342876546,122.98488890755061,2.3884859685285025,0.005833815986600488,-0.040768101101429366,126.74360564773424,126.00369202812736,130.3342247109342,132.9011312769546
2022-06-01 08:36:44.631850,128.80127994169192,130.38613048797436,129.3138833244715,129.6302855394414,18755861,127.728092155548,123.23076327543468,1.734816374881035,0.01684366498072043,-0.020095955423691025,127.48300452056138,125.84719113477867,128.05464150725885,132.28875445196365
2022-06-02 08:36:44.631850,130.03705920081953,129.91964508581248,129.6519007187959,129.70288340423693,14462446,127.63790054030554,123.57864985801702,1.5868448262073664,0.0005600378375580917,-0.004844017817250301,129.6302855394414,126.74360564773424,126.00369202812736,130.3342247109342
2022-06-03 08:36:44.631850,132.9554108816524,133.88962460770617,133.33277567647,133.5123454879306,24919611,128.41757253754437,124.15731648450983,2.744347841806219,0.02937068154314626,0.0426201183840913,129.70288340423693,127.48300452056138,125.84719113477867,128.05464150725885
2022-06-06 08:36:44.631850,134.2964393986423,133.17607556814312,132.40218149053362,132.84570010047682,25484601,129.39500226216572,124.67218358283189,2.9519085067914004,-0.00499313666475909,0.054300060277774564,133.5123454879306,129.6302855394414,126.74360564773424,126.00369202812736
2022-06-07 08:36:44.631850,140.51248619565857,142.36490639969148,138.10728114682624,140.11280935705355,14086727,131.4329477224907,125.40486972101755,4.5733732304067845,0.05470338333179248,0.11335666766687558,132.84570010047682,129.70288340423693,127.48300452056138,125.84719113477867
2022-06-08 08:36:44.631850,141.49612984138415,142.6048567364427,140.37300853346204,141.90812339622732,22127964,133.59930740084687,126.17649081971626,5.483034937227148,0.012813346955300231,0.11964720169505583,140.11280935705355,133.5123454879306,129.6302855394414,126.74360564773424
2022-06-09 08:36:44.631850,139.0914473657396,140.54322980133003,137.6871621955908,139.51794342752757,29492861,135.3185843875563,126.83982231600591,5.120412267432773,-0.016843151128325795,0.09440426158943493,141.90812339622732,132.84570010047682,129.70288340423693,127.48300452056138
2022-06-10 08:36:44.631850,136.50815672493326,137.4769321479968,135.72205334046598,136.57162443132674,28924417,136.31020422925423,127.45797579653826,4.4654586722892775,-0.021117849961222346,0.053547200509508786,139.51794342752757,140.11280935705355,133.5123454879306,129.6302855394414
2022-06-13 08:36:44.631850,137.76526372498464,139.54901436527666,136.09743321678573,137.93043674851748,31082139,137.48556899272288,128.1019679429345,3.389690633988283,0.009949448304863662,0.06343385072356678,136.57162443132674,141.90812339622732,132.84570010047682,129.70288340423693
2022-06-14 08:36:44.631850,138.1223850674743,137.60401231881175,136.8240672151976,137.35536948800134,27937554,138.0345724213044,128.70243072518517,2.9172084003011003,-0.004169255706516939,0.028784034809860692,137.93043674851748,139.51794342752757,140.11280935705355,133.5123454879306
2022-06-15 08:36:44.631850,139.48790506668482,141.16525135583035,137.837643499167,139.35801213246043,18746088,138.96490271158777,129.425289353903,1.8179257717156367,0.014580009881841827,0.04902162453928183,137.35536948800134,136.57162443132674,141.90812339622732,132.84570010047682
2022-06-16 08:36:44.631850,140.20403689536678,141.28124475257584,137.887165631061,140.7188086286373,18681600,139.05147403609973,130.04596454941282,1.8945165965829727,0.009764752491470796,0.004325081156851818,139.35801213246043,137.93043674851748,139.51794342752757,140.11280935705355
2022-06-17 08:36:44.631850,141.88462075178245,141.4715778772182,139.11717054864422,140.55605631477002,13263471,138.85832159589157,130.62142413966941,1.6009021424826133,-0.0011565782531374191,-0.009527763803078071,140.7188086286373,137.35536948800134,136.57162443132674,141.90812339622732
2022-06-20 08:36:44.631850,138.25185986262275,138.94842568149727,137.87319460641365,138.21778342118813,58961044,138.67258445212877,131.21562738463368,1.5869796367787228,-0.01663587436136804,-0.009318944749316826,140.55605631477002,139.35801213246043,137.93043674851748,139.51794342752757
2022-06-21 08:36:44.631850,134.587070349081,134.85782028923936,132.67050465022484,134.0716722438581,24317946,138.31544842534754,131.61772727619936,2.272024183891682,-0.02999694449371737,-0.018305062987119314,138.21778342118813,140.7188086286373,137.35536948800134,136.57162443132674
2022-06-22 08:36:44.631850,132.51038272409312,134.5604525316751,132.7220165448563,132.91459361942103,21586387,137.5988994069052,132.05931753993917,3.065927388945613,-0.008630299041340384,-0.036365020276428295,134.0716722438581,140.55605631477002,139.35801213246043,137.93043674851748
2022-06-23 08:36:44.631850,135.47654844637563,135.25979172343654,135.1987016213122,135.2310259519802,15181740,137.29542175890217,132.51413357036196,3.1964118326387005,0.017427975886469493,-0.015466039252340358,132.91459361942103,138.21778342118813,140.7188086286373,137.35536948800134
2022-06-24 08:36:44.631850,136.06196004643039,136.27018920985216,135.37323911332822,135.85063759313837,104827735,136.79436825328474,132.89447436767338,3.092410913594281,0.004581874882604087,-0.025168086754770003,135.2310259519802,134.0716722438581,140.55605631477002,139.35801213246043
2022-06-27 08:36:44.631850,131.2547486340878,134.7622535661434,130.43507711552022,132.50670463716588,14123293,135.6212105402174,133.23019036044263,2.9076555687325523,-0.024614775574239856,-0.05835825410619766,135.85063759313837,132.91459361942103,138.21778342118813,140.7188086286373
2022-06-28 08:36:44.631850,134.34562177920824,133.3256240762083,131.91685492720396,133.0054093243681,19493195,134.54254668444568,133.50267137520134,2.044173371001504,0.003763618517023559,-0.05371982672516462,132.50670463716588,135.2310259519802,134.0716722438581,140.55605631477002
2022-06-29 08:36:44.631850,134.93548229348275,137.55838113800397,132.01584690586338,134.07029686337793,29737469,133.9500486047585,133.77504843335615,1.2470061230561207,0.008006347594576635,-0.030006895315139337,133.0054093243681,135.85063759313837,132.91459361942103,138.21778342118813
2022-06-30 08:36:44.631850,131.478903753349,132.48554282137334,131.0820136925472,131.74053737530915,32609247,133.61702933782297,133.89951015882426,1.4956035773816037,-0.01737714872402263,-0.01738722900620604,134.07029686337793,132.50670463716588,135.2310259519802,134.0716722438581
2022-07-01 08:36:44.631850,131.45657793998913,134.51256204307347,130.33542188596377,132.18509609782856,38995859,133.51281540616688,133.87564231952004,1.575963907397389,0.0033745021189106605,-0.005488468209000841,131.74053737530915,133.0054093243681,135.85063759313837,132.91459361942103
2022-07-04 08:36:44.631850,132.6086867929918,133.37590150595398,131.89194900034087,132.37863812748824,59638044,133.10533143123945,133.87863844203753,1.418554529294054,0.0014641743689201014,-0.021092702687213416,132.18509609782856,134.07029686337793,132.50670463716588,135.2310259519802
2022-07-05 08:36:44.631850,129.44834474400506,129.88544411812651,126.67498304264892,129.39225468998674,31111212,132.1827053022178,133.84723944133927,1.4355801302192719,-0.022559405956612433,-0.04754032088162852,132.37863812748824,131.74053737530915,133.0054093243681,135.85063759313837
2022-07-06 08:36:44.631850,130.58879026490655,132.0382532503531,129.5415773296965,130.3569706314946,14245969,131.87560044426476,133.92398374548048,1.5776290028641105,0.007455747206965624,-0.016223586659692146,129.39225468998674,132.18509609782856,134.07029686337793,132.50670463716588
2022-07-07 08:36:44.631850,131.9844263409693,132.74576544517845,130.69087156195573,131.85812116337166,21242775,131.71170213555098,134.11913138332196,1.498292275368513,0.011515690527364786,-0.0086258759461314,130.3569706314946,132.37863812748824,131.74053737530915,133.0054093243681
2022-07-08 08:36:44.631850,135.09495027931328,134.94043542440178,133.95563812171935,134.7538606406956,28174170,131.80935410373922,134.4160203668525,1.6879122403444164,0.021961024863505596,0.005098547503137318,131.85812116337166,129.39225468998674,132.18509609782856,134.07029686337793
2022-07-11 08:36:44.631850,138.6303596984281,139.31941979564652,137.4643206097184,137.6343646961436,67938471,132.65132943528698,134.77904566846615,2.7706149086918375,0.021376041040698013,0.04473814543540078,134.7538606406956,130.3569706314946,132.37863812748824,131.74053737530915
2022-07-12 08:36:44.631850,134.26365987659509,134.16320940545265,131.26707036926828,133.8833620411502,12008163,132.89393885576152,134.99239091915246,2.7972116275028935,-0.027253387359141734,0.012847635576591632,137.6343646961436,131.85812116337166,129.39225468998674,132.18509609782856
2022-07-13 08:36:44.631850,130.72265521700703,132.5300325249659,130.74773006569055,131.4123436627583,44069930,132.75589678937152,135.05179285659636,2.850220971695092,-0.01845650079830241,-0.007299474283753771,133.8833620411502,134.7538606406956,130.3569706314946,132.37863812748824
2022-07-14 08:36:44.631850,133.71018576894105,133.57637372789887,131.39912066368913,132.80540719651444,26428596,133.24349000458977,135.15521031633892,2.4415394947968356,0.010600705344173234,0.02637833705506809,131.4123436627583,137.6343646961436,131.85812116337166,129.39225468998674
2022-07-15 08:36:44.631850,135.31085361262132,134.9998504720564,132.22138060198267,134.2099198671283,36723053,133.79391132396603,135.17846279564552,2.0915679052687555,0.010575719018244278,0.029556909898785344,132.80540719651444,133.8833620411502,134.7538606406956,130.3569706314946
2022-07-18 08:36:44.631850,137.77028241924523,137.89760913331298,132.9707635504155,135.63267301722613,22953997,134.3331330173738,135.2713618928705,1.993588832163331,0.01060095372612091,0.028625858009745153,134.2099198671283,131.4123436627583,137.6343646961436,131.85812116337166
2022-07-19 08:36:44.631850,145.3036382758566,146.70119998217368,146.11908794745986,146.12448822903414,15851642,135.95750838713644,135.47175118860318,4.9029796585280945,0.07735462981309449,0.08438071855066864,135.63267301722613,132.80540719651444,133.8833620411502,134.7538606406956
2022-07-20 08:36:44.631850,148.01628168364786,149.60470186952278,146.34143319851907,147.83674724969987,35160589,137.41499160907307,135.66937198371895,6.679195618596044,0.011717810213863311,0.07412670938744226,146.12448822903414,134.2099198671283,131.4123436627583,137.6343646961436
2022-07-21 08:36:44.631850,149.66419574439064,151.9110760239884,149.20983462013479,151.23866488453123,33505344,139.8943205866989,136.0600626989524,8.198190398246018,0.023011312803612016,0.1296300195841118,147.83674724969987,135.63267301722613,132.80540719651444,133.8833620411502
2022-07-22 08:36:44.631850,154.59606967399318,156.0145184245815,153.02499001188963,154.1696755441606,39272240,143.14536799832783,136.64666440271353,8.766590144311275,0.019380035269864093,0.17317499442673467,151.23866488453123,146.12448822903414,134.2099198671283,131.4123436627583
2022-07-25 08:36:44.631850,155.7962106305282,157.1770518218993,155.4662557678904,156.22442200414625,23994799,146.49094154227524,137.25646391123448,8.630521850660479,0.013327825026115958,0.17634082302822418,154.1696755441606,147.83674724969987,135.63267301722613,132.80540719651444
2022-07-26 08:36:44.631850,156.77965749138178,155.49434443169025,153.37485554089895,155.28623422035506,17896021,149.50184359273618,137.85415940231294,7.18784165905333,-0.0060053848928068865,0.15703991459120847,156.22442200414625,151.23866488453123,146.12448822903414,134.2099198671283
2022-07-27 08:36:44.631850,157.07922447830055,157.71313134320582,155.03287103068322,157.68996953341232,11079493,152.65288595219135,138.46522464901133,4.381370497229349,0.015479384409865293,0.16262524379641774,155.28623422035506,154.1696755441606,147.83674724969987,135.63267301722613
2022-07-28 08:36:44.631850,153.98829070430378,156.51888744939112,154.42578719075644,155.2999408335707,36385708,153.96366489569658,138.9512623891758,3.3550553211063496,-0.015156504290751438,0.06279202559228159,157.68996953341232,156.22442200414625,151.23866488453123,146.12448822903414
2022-07-29 08:36:44.631850,154.24665977724223,155.61328518683658,153.25068297534546,154.61097250352054,29857443,154.9314113605281,139.41975959546747,1.9942639412018661,-0.004436372134800082,0.04582233700244265,155.2999408335707,155.28623422035506,154.1696755441606,147.83674724969987
2022-08-01 08:36:44.631850,151.64371117687034,153.34174514982178,150.11319183760475,153.15650519231926,14903530,155.20538854735497,139.9177169878385,1.463500534148385,-0.009407270956582114,0.012680886261805302,154.61097250352054,157.68996953341232,156.22442200414625,151.23866488453123
2022-08-02 08:36:44.631850,154.0295365215763,154.0970294267657,152.638451221366,153.45324328495772,18452550,155.10304108175455,140.56376935587517,1.5692349224100164,0.001937482787726541,-0.004647037471371407,153.15650519231926,155.2999408335707,155.28623422035506,154.1696755441606
2022-08-03 08:36:44.631850,158.94482267528662,162.02845663761832,160.06487481974273,160.60311654101045,19127173,155.72856887273517,141.48672011992815,2.6149993375923013,0.046593171333470185,0.028028233234544953,153.45324328495772,154.61097250352054,157.68996953341232,156.22442200414625
2022-08-04 08:36:44.631850,154.67553061545297,155.3300699723174,154.12408775976016,154.65352528919706,11507479,155.63818188256974,142.13413676450207,2.643614927818882,-0.03704530385183491,-0.004074468895035266,160.60311654101045,153.15650519231926,155.2999408335707,155.28623422035506
2022-08-05 08:36:44.631850,155.1933335271115,157.9554295295375,154.38529814836878,156.82257250092488,16049027,155.5142680207858,142.83320126142823,2.5500871023105245,0.014025203807490172,-0.0055006481075110525,154.65352528919706,153.45324328495772,154.61097250352054,157.68996953341232
2022-08-08 08:36:44.631850,151.56828992659112,152.37741752096065,150.5149812327406,151.81141424001453,13702444,155.0159070788492,143.4766915815232,2.9138837186728312,-0.031954317423793066,-0.022463154685259723,156.82257250092488,160.60311654101045,153.15650519231926,155.2999408335707
2022-08-09 08:36:44.631850,151.66008289575208,153.02183400726886,149.8000072358436,150.42406478487808,19653391,154.41777740475746,144.05731343020685,3.400025486396649,-0.009138637315788678,-0.027080275421895617,151.81141424001453,154.65352528919706,153.45324328495772,154.61097250352054
2022-08-10 08:36:44.631850,154.022519061591,154.35970127781377,153.03299526167353,153.74527950722856,16695524,154.50188802117304,144.71314618500188,3.3707804117799403,0.02207901193934725,0.00384426579967978,150.42406478487808,156.82257250092488,160.60311654101045,153.15650519231926
2022-08-11 08:36:44.631850,153.3242152466938,154.33504797396944,153.92205025276076,153.98905808113196,10707955,154.57843299205507,145.45476354186263,3.3490120021501677,0.0015856003819092468,0.0034917137279351085,153.74527950722856,151.81141424001453,154.65352528919706,153.45324328495772
2022-08-12 08:36:44.631850,150.6925224035265,152.12160067520043,149.87483097872123,150.71603673445244,66405810,153.16599301968967,146.07246156308346,2.30765662524469,-0.021254895558586173,-0.06156219144124342,153.98905808113196,150.42406478487808,156.82257250092488,160.60311654101045
2022-08-15 08:36:44.631850,148.61848373811634,150.71286051264588,144.84604154241927,148.60509674305047,45184757,152.30193179881158,146.61334351693552,2.748165589372656,-0.01400607418519939,-0.03910954202198902,150.71603673445244,153.74527950722856,151.81141424001453,154.65352528919706
2022-08-16 08:36:44.631850,151.0255669745662,153.32251410187055,150.22261504530536,150.66951205660934,16362297,151.42292316390936,147.32258542915628,1.920698364101393,0.013891954978693555,-0.039235808635132874,148.60509674305047,153.98905808113196,150.42406478487808,156.82257250092488
2022-08-17 08:36:44.631850,147.49884635469635,150.7796439044413,148.1554367737922,148.51383322976133,27679723,150.9518401624446,147.92781418243183,2.1944223918849013,-0.014307332634342584,-0.021721561759774577,150.66951205660934,150.71603673445244,153.74527950722856,151.81141424001453
2022-08-18 08:36:44.631850,149.6433884019378,151.085121542773,147.48400096428853,149.20132927721681,29761689,150.77716366135013,148.50592111955999,2.2900180550208287,0.004629171791639575,-0.008128589726716262,148.51383322976133,148.60509674305047,153.98905808113196,150.42406478487808
2022-08-19 08:36:44.631850,147.36213905958763,150.2064544196758,148.80497946074686,149.38207725782513,43817460,150.1538490542925,148.993528340131,1.9097121448477428,0.0012114367980762264,-0.0283794225317876,149.20132927721681,150.66951205660934,150.71603673445244,153.74527950722856
2022-08-22 08:36:44.631850,147.01566629045004,151.25297959203286,147.17858916130209,147.48014361165693,16041625,149.2240041300818,149.3217209706481,1.1739956196637815,-0.012732006952116293,-0.04226868162311692,149.38207725782513,148.51383322976133,148.60509674305047,153.98905808113196
2022-08-23 08:36:44.631850,153.4725711097513,154.71625591065188,151.14740403907334,153.84817129852166,41701739,149.6714519249488,149.98721461256048,2.0826620903382027,0.04317888178650642,0.02078169405149466,147.48014361165693,149.20132927721681,150.66951205660934,150.71603673445244
2022-08-24 08:36:44.631850,156.33837508541615,156.13248513773885,153.39340082880628,155.84487139661067,18366654,150.705705446886,150.80163220368888,3.041685948637916,0.012978380446360127,0.0487182123105665,153.84817129852166,149.38207725782513,148.51383322976133,148.60509674305047
2022-08-25 08:36:44.631850,149.5963886924494,151.88614292653665,148.88271366892445,149.57946313848055,12385893,150.5499841728676,151.36076740175443,3.0716035017103924,-0.0402028517331523,-0.007234701322449633,155.84487139661067,147.48014361165693,149.20132927721681,150.66951205660934
2022-08-26 08:36:44.631850,149.12667942512437,153.19492476687267,149.95560041283974,150.18213170348335,34693686,150.78831252625645,151.89317446296627,2.949584444692552,0.004029086295388451,0.01123328674131674,149.57946313848055,153.84817129852166,149.38207725782513,148.51383322976133
2022-08-29 08:36:44.631850,147.50934227259907,151.29537717183226,148.12979686313784,148.23941630276582,46056488,150.65089638704916,152.31339923915093,3.056317613742162,-0.012935729295367793,-0.0064470804590739395,150.18213170348335,155.84487139661067,147.48014361165693,149.20132927721681
2022-08-30 08:36:44.631850,150.96098835338887,152.63352380818358,150.13001957557344,150.81117252740088,88097480,150.8550528541314,152.46962204909647,3.004732144289078,0.017348666695924386,0.00956671172211121,148.23941630276582,149.57946313848055,153.84817129852166,149.38207725782513
2022-08-31 08:36:44.631850,148.40730218445177,149.98638087394846,148.17645045739295,148.46599624285275,13258340,150.99588894430227,152.49059701553492,2.8386976773524353,-0.015550414768654042,0.006684646536497585,150.81117252740088,150.18213170348335,155.84487139661067,147.48014361165693
2022-09-01 08:36:44.631850,147.74080318684042,149.0477931130877,147.04630145988503,148.16984683997075,34258999,150.1846997359378,152.3883030807162,2.69549101418557,-0.001994728829338044,-0.03690862498152736,148.46599624285275,148.23941630276582,149.57946313848055,153.84817129852166
2022-09-02 08:36:44.631850,149.35084555198446,150.87606595338198,148.01812256325758,149.7107755496761,19679723,149.30840032923288,152.23967308090008,1.033262406170394,0.01039974557960921,-0.03936026763000666,148.16984683997075,150.81117252740088,150.18213170348335,155.84487139661067
2022-09-05 08:36:44.631850,152.8782452370783,153.18766653319918,151.39925865175027,152.3479464134484,35736364,149.70389793994258,152.11045722787682,1.5532881268996,0.017615103883402483,0.018508445055754663,149.7107755496761,148.46599624285275,148.23941630276582,149.57946313848055
2022-09-06 08:36:44.631850,148.35139830326025,149.95335648235755,147.80005732206087,148.73639694332468,11579596,149.49736440277707,151.89212931864247,1.575065181881425,-0.023705928141115495,-0.009626543076463379,152.3479464134484,148.16984683997075,150.81117252740088,150.18213170348335
2022-09-07 08:36:44.631850,147.72087444184675,147.79095466510532,146.59730186186502,147.78596769056625,12846925,149.43258602960572,151.56199592388094,1.6432718168276308,-0.006390024716818821,-0.003058893670179086,148.73639694332468,149.7107755496761,148.46599624285275,148.23941630276582
2022-09-08 08:36:44.631850,148.01517951474094,146.67569381630716,145.1154608268806,146.42649843267304,16388043,148.80620401607317,151.26621451051767,1.852549347263062,-0.009198906223219172,-0.02907393412070447,147.78596769056625,152.3479464134484,148.16984683997075,150.81117252740088
2022-09-09 08:36:44.631850,143.52811474984898,145.21230561539858,143.6441414926641,144.55713214521336,25127716,148.24779485926751,150.9310864985741,2.4612923243088516,-0.012766584651474289,-0.026328345860728186,146.42649843267304,148.73639694332468,149.7107755496761,148.46599624285275
2022-09-12 08:36:44.631850,148.3185317115944,150.74720391809066,149.3256791152676,149.70467932302975,17530615,148.46705664256166,150.81602563626447,2.5208353699371298,0.03560908480562186,0.010358602075877688,144.55713214521336,147.78596769056625,152.3479464134484,148.16984683997075
2022-09-13 08:36:44.631850,151.55360574881155,152.40429309361087,149.72373496169772,150.9621438702487,33582886,148.6458235455006,150.7329889891075,2.664037852856227,0.008399634219219188,0.008358572160073852,149.70467932302975,146.42649843267304,148.73639694332468,149.7107755496761
2022-09-14 08:36:44.631850,146.70103456555768,147.3306530092784,147.1510397458219,147.20051761504945,40363937,147.91047657430073,150.28623569157543,2.1284045439229073,-0.02491767908670106,-0.033787319879124866,150.9621438702487,144.55713214521336,147.78596769056625,152.3479464134484
2022-09-15 08:36:44.631850,149.7082792339126,152.16238299632477,149.26500306714644,149.94687284444637,32598889,148.08340170303242,150.1293472767504,2.252261050130752,0.0186572389410955,0.00813839736606603,147.20051761504945,149.70467932302975,146.42649843267304,148.73639694332468
2022-09-16 08:36:44.631850,155.74537790578816,158.14117085238695,155.5486015162168,156.35607061488986,54265206,149.30770212079295,150.1137972138826,3.8360631375269265,0.0427431239402527,0.05798996385277699,149.94687284444637,150.9621438702487,144.55713214521336,147.78596769056625
2022-09-19 08:36:44.631850,159.42426007090663,159.94076339514325,159.31799886665158,159.63162165979745,29737318,151.19414829609644,150.37447079454205,5.1907531264698825,0.020949305211023006,0.09018260607519846,156.35607061488986,147.20051761504945,149.70467932302975,146.42649843267304
2022-09-20 08:36:44.631850,156.06621937431237,155.93856814805636,154.50999179042847,154.82872131496677,13144995,152.66151817748977,150.5212926788783,4.392255024100503,-0.030087399319080332,0.07105556825404635,159.63162165979745,149.94687284444637,150.9621438702487,144.55713214521336
2022-09-21 08:36:44.631850,153.99083816650597,156.23851674475526,152.23063329689452,153.37570308498084,47759485,153.18595014348278,150.5089734648034,4.195104032134228,-0.009384681457325184,0.024521770318413516,154.82872131496677,156.35607061488986,147.20051761504945,149.70467932302975
2022-09-22 08:36:44.631850,157.98615677112926,157.43804688065381,157.0299036895061,157.3079835609603,17848354,154.0924986707273,150.619604314131,4.318302532453288,0.025638222983732417,0.042035966951859294,153.37570308498084,159.63162165979745,149.94687284444637,150.9621438702487
2022-09-23 08:36:44.631850,154.03024726581125,155.31760019217873,152.7263828484847,155.12873482274554,38080361,155.22510112896958,150.76669425040743,3.068150495080234,-0.013853389312375564,0.0538599818543406,157.3079835609603,154.82872131496677,156.35607061488986,147.20051761504945
2022-09-26 08:36:44.631850,155.65117779631908,158.92159609283686,155.78334409735348,156.55225637075395,53056455,156.16872734701354,151.0315995713309,2.0062368960885446,0.009176388562924576,0.044051492378637036,155.12873482274554,153.37570308498084,159.63162165979745,149.94687284444637
2022-09-27 08:36:44.631850,156.76721897097391,160.02778221282043,158.57161400915624,159.0246362261849,30351120,156.54995100576997,151.31010371031672,2.282313029198803,0.015792681068586667,0.017067233787601443,156.55225637075395,157.3079835609603,154.82872131496677,156.35607061488986
2022-09-28 08:36:44.631850,155.49242813588947,157.72325197361806,155.72428928395777,156.12424799605935,11431926,156.04889762523595,151.5637842025267,1.8339785613557162,-0.018238609431561525,-0.021971672199214476,159.0246362261849,155.12873482274554,153.37570308498084,159.63162165979745
2022-09-29 08:36:44.631850,156.7313760180244,158.87732857741562,155.60851792343226,155.98521824142125,15262263,156.21411147187231,151.78991383466683,1.7561805009267761,-0.0008905071212359505,0.007469524495405722,156.12424799605935,156.55225637075395,157.3079835609603,154.82872131496677
2022-09-30 08:36:44.631850,146.29738267970714,147.70195296811755,145.8300914834605,145.92021793850438,46798992,155.14904216523283,151.6745185240228,4.251903362435311,-0.06452534680138144,-0.04860929727797636,155.98521824142125,159.0246362261849,155.12873482274554,153.37570308498084
2022-10-03 08:36:44.631850,142.8160629985957,143.80666744219175,142.2889379327018,142.97441664634573,22196355,153.10138974885928,151.5243276251791,6.092104300758507,-0.020187752826685834,-0.09111786058245419,145.92021793850438,156.12424799605935,156.55225637075395,157.3079835609603
2022-10-04 08:36:44.631850,142.27922718440178,142.61736904890543,141.05069840269545,142.29509328916197,25135374,151.2680123869188,151.13922502486713,7.209015375847653,-0.004751363027863276,-0.08272897698964443,142.97441664634573,155.98521824142125,159.0246362261849,155.12873482274554
2022-10-05 08:36:44.631850,138.30867252992385,140.11828751456338,137.8849255287883,138.786713331502,35300659,148.73007766702565,150.57061975603017,8.109574786101357,-0.024655663639297054,-0.11347995519897724,142.29509328916197,145.92021793850438,156.12424799605935,156.55225637075395
2022-10-06 08:36:44.631850,143.5062599831525,143.89308307251954,141.63458673704966,143.3594893390587,34214545,146.49219954029334,150.3632872960494,6.860512769441429,0.03294822607863268,-0.0985076731434571,138.786713331502,142.97441664634573,155.98521824142125,159.0246362261849
2022-10-07 08:36:44.631850,139.83545235371284,140.81865914913146,137.85042161745585,139.30201043331854,27768140,144.0890227456161,150.00061658704394,5.786413162926321,-0.02830282755921265,-0.1077490382093973,143.3594893390587,142.29509328916197,145.92021793850438,156.12424799605935
2022-10-10 08:36:44.631850,137.00190560551326,140.7207689134315,137.4449053520871,138.1178194029088,21761780,141.53653719725716,149.66323002371533,2.870104194275821,-0.008500889733939587,-0.11454546167867485,139.30201043331854,138.786713331502,142.97441664634573,155.98521824142125
2022-10-11 08:36:44.631850,138.72794341568022,140.65811403112286,138.03292397645714,138.52040681757433,20659085,140.4794213228386,149.2535378333878,2.290666436448431,0.0029148115457218182,-0.050711349156897345,138.1178194029088,143.3594893390587,142.29509328916197,145.92021793850438
2022-10-12 08:36:44.631850,143.21949388358266,143.25175688409652,141.4572112321469,142.55487818635441,37093392,140.41948725712555,149.05650056483785,2.2188695027269443,0.029125465781322246,-0.002934360355035137,138.52040681757433,139.30201043331854,138.786713331502,142.97441664634573
2022-10-13 08:36:44.631850,138.21639660393606,140.0545749486367,136.70868993831272,138.5038615687347,31857543,139.87788272563594,148.73430105579664,2.1462629045114503,-0.028417243023588723,-0.02664344660657414,142.55487818635441,138.1178194029088,143.3594893390587,142.29509328916197
2022-10-14 08:36:44.631850,142.2641489049725,141.96719701581475,141.12083521370198,141.7674661534101,21239006,140.30370455733708,148.4695240759211,2.188959874348327,0.023563275043099186,0.02147722033584265,138.5038615687347,138.52040681757433,139.30201043331854,138.786713331502
2022-10-17 08:36:44.631850,143.83514970516484,144.347347596762,141.5816769727823,141.83901069589095,41493865,140.08649332259884,148.1192262186692,1.8902535655499768,0.0005046612203918333,-0.010606055100905731,141.7674661534101,142.55487818635441,138.1178194029088,143.3594893390587
2022-10-18 08:36:44.631850,139.0246691064286,139.54675544280863,138.26956852529008,139.09723807801774,22645754,140.05724012898443,147.79792092315898,1.905936932431903,-0.019330173020958852,-0.0014699885139046742,141.83901069589095,138.5038615687347,138.52040681757433,139.30201043331854
2022-10-19 08:36:44.631850,140.70066334490724,140.63178380282133,139.6417549780066,140.4245135889667,15778659,140.38676786984985,147.55253911977235,1.703378547677324,0.00954206948526548,0.016700916623429762,139.09723807801774,141.7674661534101,142.55487818635441,138.1178194029088
2022-10-20 08:36:44.631850,140.50527308403264,141.68292939201226,140.443265099495,141.02569816156483,16527143,140.74466663327706,147.37251244406875,1.4965114169463418,0.004281193911469305,0.018086081333055004,140.4245135889667,141.83901069589095,138.5038615687347,138.52040681757433
2022-10-21 08:36:44.631850,139.50139526970403,141.5977045560871,138.08349922506778,139.37508578801985,14807281,140.29041057637212,147.1997775654956,1.3286411852253335,-0.011704337543175791,-0.022305742453638033,141.02569816156483,139.09723807801774,141.7674661534101,142.55487818635441
2022-10-24 08:36:44.631850,139.9327677402618,140.32851641309765,139.5675790569648,139.61147174542958,21079150,140.44864060161424,146.86333731290895,1.1317882448965593,0.0016960416998004213,0.00799696242508885,139.37508578801985,140.4245135889667,141.83901069589095,138.5038615687347
2022-10-25 08:36:44.631850,138.7124750141315,139.31567457289714,137.40174027375622,138.5774712201253,44761642,139.99292703971642,146.45051489123813,1.154261513723913,-0.007406271937235309,-0.022501600824499812,139.61147174542958,141.02569816156483,139.09723807801774,141.7674661534101
2022-10-26 08:36:44.631850,138.22531336281583,140.55907171290204,138.13739592751398,138.9336633943821,16150352,139.57787742521515,146.17495308388257,0.8662244878046099,0.0025703469050248895,-0.02048341487475569,138.5774712201253,139.37508578801985,140.4245135889667,141.83901069589095
2022-10-27 08:36:44.631850,140.9604826569745,144.85976974260083,138.3004170351629,140.81518829854045,26541971,139.82329888528983,145.87056359901905,0.9469575266216593,0.013542613490420852,0.012350714106624805,138.9336633943821,139.61147174542958,141.02569816156483,139.09723807801774
2022-10-28 08:36:44.631850,146.38659980904606,145.36412378581605,144.80150926579535,145.3241379872332,17394338,140.5232452278993,145.50283251143048,2.303933913663663,0.03202033632290702,0.034891517677661854,140.81518829854045,138.5774712201253,139.37508578801985,140.4245135889667
2022-10-31 08:36:44.631850,142.08806138600644,144.28256772221613,141.34316580880022,141.7700458215444,21207076,140.6295806078964,144.90744665015538,2.3477496725470286,-0.024456309976537027,0.005278099450547025,145.3241379872332,138.9336633943821,139.61147174542958,141.02569816156483
2022-11-01 08:36:44.631850,148.5717815470074,150.31692915742468,147.5887628355151,147.8605816205689,11352850,141.84179429826057,144.6751753270088,3.4999751266758397,0.042960667493125326,0.06088244383544206,141.7700458215444,140.81518829854045,138.5774712201253,139.37508578801985
2022-11-02 08:36:44.631850,141.963767879587,142.78188402634942,138.30453497141087,142.1322030468188,21633008,142.20189876988758,144.3003919924034,3.3590977772379476,-0.03874175599044993,0.018055330768130373,147.8605816205689,145.3241379872332,138.9336633943821,139.61147174542958
2022-11-03 08:36:44.631850,142.274838650697,142.59696738798502,141.24755335973055,141.74337170879127,21925202,142.65417026826844,143.7815715973311,2.981698417200546,-0.0027357019007117067,0.022845708330447634,142.1322030468188,141.7700458215444,140.81518829854045,138.5774712201253
2022-11-04 08:36:44.631850,143.6540060277767,144.12617000621503,142.01334258080485,143.45369600993234,31646685,143.29988921334706,143.392403636904,2.4907011070356333,0.012066344129691542,0.03253374671852938,141.74337170879127,147.8605816205689,145.3241379872332,138.9336633943821
2022-11-07 08:36:44.631850,143.61682259033077,145.74361788545104,144.16516086351265,144.30291855824183,27007913,143.7981363933044,142.9840923764869,2.247818553318686,0.005919837354700697,0.0247681397286994,143.45369600993234,142.1322030468188,141.7700458215444,140.81518829854045
2022-11-08 08:36:44.631850,142.77608662465067,142.97926379511597,140.01703977991514,142.54906227191074,13267180,143.4016970054012,142.43490657801112,2.1774406027090993,-0.012153990396411962,-0.01909576587728501,144.30291855824183,141.74337170879127,147.8605816205689,145.3241379872332
2022-11-09 08:36:44.631850,141.2943772918928,143.0862966657296,141.8840239437275,141.99847435806532,41537164,143.4343296534756,141.96404745674462,2.1504565195220557,-0.0038624450071454985,0.0016112609345451112,142.54906227191074,143.45369600993234,142.1322030468188,141.7700458215444
2022-11-10 08:36:44.631850,140.19592182177507,142.36653703058886,139.46934820050643,140.64096628879966,26833227,142.40295603465142,141.45257239165727,1.1910661242349927,-0.009560018693176575,-0.04882718066330749,141.99847435806532,144.30291855824183,141.74337170879127,147.8605816205689
2022-11-11 08:36:44.631850,139.15698920164644,139.16462158783762,137.75275717303012,139.02538200042235,26673917,141.9591244565948,141.22274452705452,1.7544051680611328,-0.011487295138884246,-0.021858670869775,140.64096628879966,142.54906227191074,143.45369600993234,142.1322030468188
2022-11-14 08:36:44.631850,141.63961015484668,141.71746932960434,140.6522031426534,141.42941473675666,24044307,141.91427346058984,141.17124446340156,1.764822314876934,0.017292041940420555,-0.00221496757308437,139.02538200042235,141.99847435806532,144.30291855824183,141.74337170879127
2022-11-15 08:36:44.631850,141.6344741085497,143.73265784306096,142.31532333169508,142.4816933858176,18645609,141.77541594285915,141.1774644666234,1.6585516037110328,0.007440309719300986,-0.006775723812981749,141.42941473675666,140.64096628879966,142.54906227191074,143.45369600993234
2022-11-16 08:36:44.631850,141.29058721363432,141.7120787483837,139.6566233381823,140.54989924391296,26934031,141.23927032652645,141.23623733037044,1.2653206041866405,-0.013558191905213124,-0.026007923830134616,142.4816933858176,139.02538200042235,141.99847435806532,144.30291855824183
2022-11-17 08:36:44.631850,143.53016773918495,143.4449761379173,140.63217903045228,143.12083765072575,30639304,141.32095252350004,141.22828227409266,1.377452611069877,0.01829199750866506,0.004011077798073082,140.54989924391296,141.42941473675666,140.64096628879966,142.54906227191074
2022-11-18 08:36:44.631850,143.53583582302625,144.5725589402314,143.5806642180497,144.04339319877153,10084923,141.61308378645808,141.38632836627443,1.7194726345082694,0.0064459904175322436,0.014400991630020732,143.12083765072575,142.4816933858176,139.02538200042235,141.99847435806532
2022-11-21 08:36:44.631850,145.30262451393676,147.76610150856015,143.74497144736392,146.4283545727373,18450823,142.4398535413063,141.66334620526874,2.421999847514238,0.016557242376779246,0.041150089029205805,144.04339319877153,140.54989924391296,141.42941473675666,140.64096628879966
2022-11-22 08:36:44.631850,148.20873490753004,149.50743783111923,147.10867448344345,148.31619338539738,21264009,143.76711231058843,141.98987242419616,2.7609763594135814,0.012892576838472225,0.06682816656419477,146.4283545727373,143.12083765072575,142.4816933858176,139.02538200042235
2022-11-23 08:36:44.631850,145.57630100365785,148.0794773682747,145.19827738895899,145.90162055630404,27455726,144.40599885623809,142.10143050319448,2.6448694397609196,-0.0162799002184415,0.031621468757906834,148.31619338539738,144.04339319877153,140.54989924391296,141.42941473675666
2022-11-24 08:36:44.631850,144.3924015404067,144.70202515278348,143.77864298680944,144.31076461107784,43866237,144.66729474556095,142.29499393793927,2.509986565229949,-0.010903620803939473,0.01283723671298187,145.90162055630404,146.4283545727373,143.12083765072575,142.4816933858176
2022-11-25 08:36:44.631850,146.2449053125386,146.54221348832746,145.93395207377026,146.5109080713473,16421952,145.51886743519444,142.45310866853717,1.787452908644342,0.015245872102465308,0.04241204625191153,144.31076461107784,148.31619338539738,144.04339319877153,140.54989924391296
2022-11-28 08:36:44.631850,146.85441470731703,149.45181843671227,145.48380473313975,148.34337938073685,18831076,146.26494482519604,142.669920958032,1.7078655286613196,0.01250740530866934,0.036490435744627625,146.5109080713473,145.90162055630404,146.4283545727373,143.12083765072575
2022-11-29 08:36:44.631850,148.03786064520452,151.921645593051,147.9122139118591,148.32587013288935,18694369,146.87672724435575,142.97754202652774,1.5380184968658215,-0.0001180318792830537,0.02973046412623903,148.34337938073685,144.31076461107784,148.31619338539738,144.04339319877153
2022-11-30 08:36:44.631850,148.49116565925064,150.0331599781806,147.46151602339626,148.71842161832302,16179186,147.20387967943938,143.25400562750627,1.6650627858126164,0.0026465476661756693,0.015639505424122957,148.32587013288935,146.5109080713473,145.90162055630404,146.4283545727373
2022-12-01 08:36:44.631850,153.04665031010848,153.68743652002203,152.4886841294458,152.56328327798437,20305589,147.81060680695185,143.6385917980536,2.631341387486813,0.025853297915768403,0.02863537551527484,148.71842161832302,148.34337938073685,144.31076461107784,148.31619338539738
2022-12-02 08:36:44.631850,150.2775542391483,151.22826403509276,148.6849281472148,150.80401079548554,35512706,148.51094826969205,144.01955596496913,2.6903109103899996,-0.011531427776716563,0.0336006565279352,152.56328327798437,148.32587013288935,146.5109080713473,145.90162055630404
2022-12-05 08:36:44.631850,153.77932549838127,152.60150198893896,152.41942514415462,152.49934158624714,14261615,149.68074498043052,144.44915162632972,2.31348960222608,0.011241947623400694,0.05674266224863933,150.80401079548554,148.71842161832302,148.34337938073685,144.31076461107784
2022-12-06 08:36:44.631850,150.47624394839121,152.712264693095,149.33938610606154,151.9284064613281,29916095,150.45467332185632,144.8941828010365,1.95468520042392,-0.0037438530486778587,0.03697675798543698,152.49934158624714,152.56328327798437,148.32587013288935,146.5109080713473
2022-12-07 08:36:44.631850,152.30452627723244,153.67687373241867,149.42584221845414,151.31254581680858,10314372,150.87883995558087,145.30681221511733,1.7293412607198415,-0.004053624064544459,0.020015496805227073,151.9284064613281,150.80401079548554,148.71842161832302,148.34337938073685
2022-12-08 08:36:44.631850,154.50962225096526,155.50146919193747,154.58720430321443,154.68311403572883,18243711,151.78701765598652,145.76907640635696,1.8314414354491824,0.02227553703974383,0.04285998050875306,151.31254581680858,152.49934158624714,152.56328327798437,148.32587013288935
2022-12-09 08:36:44.631850,157.95906916900745,158.53232233339986,155.78660968236795,157.28307839468894,20486062,153.01054005261022,146.16770775327217,2.2522736292001686,0.016808326979760535,0.05758975036963876,154.68311403572883,151.9284064613281,150.80401079548554,148.71842161832302
2022-12-12 08:36:44.631850,159.95308632814812,161.89476375994795,159.3032838451287,159.88928931528582,55808114,154.05711234365327,146.77168253639687,3.4128770091717673,0.01657019272001281,0.048019457105893615,157.28307839468894,151.31254581680858,152.49934158624714,152.56328327798437
2022-12-13 08:36:44.631850,165.04697078354306,164.59366116917872,161.31564168081968,164.11189767592185,21053952,155.95823904085847,147.31339307157532,4.745215770329896,0.026409576143086477,0.08824623967385015,159.88928931528582,154.68311403572883,151.9284064613281,150.80401079548554
2022-12-14 08:36:44.631850,163.91198843698314,166.4579861102916,162.7118197040991,164.23007085140136,8035487,157.63405750730908,148.0499886650614,5.352617637113614,0.000720076832655181,0.07692314696663671,164.11189767592185,157.28307839468894,151.31254581680858,152.49934158624714
2022-12-15 08:36:44.631850,165.60457613794694,167.29597943361577,163.91677238822598,166.5192835685187,8891048,159.718468522622,148.87585239371896,5.59586896364669,0.013939059425899236,0.09603784734558207,164.23007085140136,159.88928931528582,154.68311403572883,151.9284064613281
2022-12-16 08:36:44.631850,166.71165389433457,165.5949308528113,165.08237439316898,165.53593139312784,24569460,161.75038074781045,149.61192690649216,4.512301028435769,-0.005905335131869083,0.09400004143436491,166.5192835685187,164.11189767592185,157.28307839468894,151.31254581680858
2022-12-19 08:36:44.631850,166.5642530039868,169.35057531151386,166.25319489649354,166.65881575425553,32831055,163.46119527902857,150.3571234796926,3.5548894576939523,0.006783327049768806,0.07742087294519129,165.53593139312784,164.23007085140136,159.88928931528582,154.68311403572883
2022-12-20 08:36:44.631850,166.4592218548021,168.21169428970532,165.77646762081505,166.27502365259062,29143076,164.74575888730027,151.14798885904858,2.381218545617926,-0.002302861087353558,0.05717045565027101,166.65881575425553,166.5192835685187,164.11189767592185,157.28307839468894
2022-12-21 08:36:44.631850,167.6763076769977,167.8716445374466,163.4742709059838,166.6474662871538,26265978,165.71121274042426,151.96962192335155,1.1200964917615441,0.0022399192998543427,0.042267852967571296,166.27502365259062,165.53593139312784,164.23007085140136,159.88928931528582
2022-12-22 08:36:44.631850,167.81073206487656,170.0478313659282,165.93840353288607,168.68108873368115,43190442,166.3639543201041,152.90429267151424,1.3421096984484604,0.012203140508738164,0.02784192445804412,166.6474662871538,166.65881575425553,166.5192835685187,164.11189767592185
2022-12-23 08:36:44.631850,166.4654980162088,166.30421330294163,162.28878697355583,165.97132594685647,18443164,166.6127050480263,153.80249080306208,0.9979237249576066,-0.016064413664669597,0.01060253512909104,168.68108873368115,166.27502365259062,165.53593139312784,164.23007085140136
2022-12-26 08:36:44.631850,172.45648257623554,174.9534026207739,172.69154799390898,172.96664315543745,37786228,167.53375641758612,154.85373175035144,2.5948848107832014,0.042147745513709145,0.038718396144587164,165.97132594685647,166.6474662871538,166.65881575425553,166.5192835685187
2022-12-27 08:36:44.631850,169.4263452647467,171.26059205754123,169.03718717830134,169.53838415970355,10681165,168.1055353842398,155.7556214428143,2.5212190284517004,-0.019820347629994073,0.024178755227892923,172.96664315543745,168.68108873368115,166.27502365259062,165.53593139312784
2022-12-28 08:36:44.631850,165.5320149676072,165.57427717864593,162.9625921579073,165.4722141654086,15363822,167.93602087154736,156.58636527353082,2.6701906642358377,-0.023983772255754654,-0.007119944921465393,169.53838415970355,165.97132594685647,166.6474662871538,166.65881575425553
2022-12-29 08:36:44.631850,168.08421217886678,170.08077953348072,166.8533034517925,169.35455923940006,9786156,168.37595452680586,157.46082265981997,2.6037811317619433,0.023462217470001434,0.018520734618830748,165.4722141654086,172.96664315543745,168.68108873368115,166.27502365259062
2022-12-30 08:36:44.631850,171.4166614696903,173.27954259479907,170.07720488610437,172.08679933921925,21053499,169.15300210567236,158.39560286450157,2.8057718528407296,0.01613325387925868,0.0326397584868936,169.35455923940006,169.53838415970355,165.97132594685647,166.6474662871538
2023-01-02 08:36:44.631850,175.46384971349136,174.59399479117278,173.9086705116558,174.28648101343472,23602646,169.95377243135144,159.32420707919147,3.3881018728662373,0.012782396341043167,0.0332307096298361,172.08679933921925,165.4722141654086,172.96664315543745,168.68108873368115
2023-01-03 08:36:44.631850,177.31120177493597,177.17692012010798,174.59195222777305,176.52900951114407,25573078,171.4620129405354,160.26463428338303,3.658910184383803,0.01286691018528563,0.06361149134681332,174.28648101343472,169.35455923940006,169.53838415970355,165.97132594685647
2023-01-04 08:36:44.631850,176.48343844324438,177.9997472655306,175.49915198307184,176.53873000038993,24914030,171.9723110612429,161.28587126485257,4.123349310988235,5.506454306170028e-05,0.020651882812701583,176.52900951114407,172.08679933921925,165.4722141654086,172.96664315543745
2023-01-05 08:36:44.631850,173.63450550969532,173.57308257434866,171.9716772829872,173.42368867480192,15191146,172.5273545633998,162.25630206697667,4.000792443017993,-0.0176450874297166,0.022916960866150804,176.53873000038993,174.28648101343472,169.35455923940006,169.53838415970355
2023-01-06 08:36:44.631850,173.48303543681308,175.60136166215122,172.68252768104577,173.73864190341075,21963215,173.70827281168582,163.16389319471213,2.5155607941178193,0.0018160911638744892,0.04995659107902495,173.42368867480192,176.52900951114407,172.08679933921925,165.4722141654086
2023-01-09 08:36:44.631850,172.6006285966316,176.44607879968328,170.51352037806964,171.4377803738397,11424567,174.00587583089148,163.9337065611489,1.9811031352483222,-0.013243234230242207,0.012300945092920568,173.73864190341075,176.53873000038993,174.28648101343472,169.35455923940006
2023-01-10 08:36:44.631850,174.65751809234115,175.59590807543682,173.87410604944353,174.83265896186924,47755962,174.39814149127005,164.81726618878156,1.8014913785314262,0.019802394668354983,0.015956247853952554,171.4377803738397,173.42368867480192,176.52900951114407,172.08679933921925
2023-01-11 08:36:44.631850,174.57303267042994,175.94709941770847,172.9178082561965,174.37090009899802,20752700,174.41020136063622,165.67234880480407,1.800901768075137,-0.0026411476300427505,0.0004843696715455259,174.83265896186924,173.73864190341075,176.53873000038993,174.28648101343472
2023-01-12 08:36:44.631850,172.5273326085953,175.59783485105203,169.64902780380194,171.54435758434954,18916723,173.698108228237,166.30505128168292,1.8089434870705763,-0.01620994393585007,-0.028237012945341755,174.37090009899802,171.4377803738397,173.42368867480192,176.52900951114407
2023-01-13 08:36:44.631850,169.83049964521732,172.21470434825488,170.11717423947664,170.49318233676348,53461384,172.83445856200464,166.9613569997255,1.6640734124439804,-0.006127716833059904,-0.034244880223241125,171.54435758434954,174.83265896186924,173.73864190341075,176.53873000038993
2023-01-16 08:36:44.631850,173.2925577209328,173.01702067327,169.85806061497507,171.95237024599248,12979434,172.62427021503188,167.6097912883837,1.6701534667515958,0.008558629085512415,-0.00848395302886451,170.49318233676348,174.37090009899802,171.4377803738397,173.42368867480192
2023-01-17 08:36:44.631850,168.76388875196957,173.56436593842736,169.1925116598478,170.06528049665616,13759037,172.09950429978124,168.21435375622792,1.8310026794648904,-0.010974491056079616,-0.02114303051129396,171.95237024599248,171.54435758434954,174.83265896186924,173.73864190341075
2023-01-18 08:36:44.631850,168.68303321370973,167.35446920133165,166.11845766594297,167.31967723676362,13962557,171.5112038516275,168.74792480355978,2.585266303186642,-0.01614440791132865,-0.024020977920363173,170.06528049665616,170.49318233676348,174.37090009899802,171.4377803738397
2023-01-19 08:36:44.631850,167.87195359040103,169.4097407202884,167.79763781189052,168.18534645140574,23348990,170.5615877787041,169.19799921741568,2.374113158842489,0.005173744229838295,-0.038020999908908726,167.31967723676362,171.95237024599248,171.54435758434954,174.83265896186924
2023-01-20 08:36:44.631850,168.85464480178192,169.36900216148965,167.0653567560157,169.05979780795985,29973248,169.8028588799844,169.59055653119137,1.7094495077048584,0.005199331422174547,-0.030458650428614065,168.18534645140574,170.06528049665616,170.49318233676348,174.37090009899802
2023-01-23 08:36:44.631850,165.81453664715139,169.6979357338616,167.07151226577548,167.39644153273488,34964287,169.21029944403946,169.84079493843967,1.724018833631752,-0.00983886350742258,-0.024179845434875946,169.05979780795985,167.31967723676362,171.95237024599248,171.54435758434954
2023-01-24 08:36:44.631850,165.49247452090208,166.94111631451875,164.988534409133,165.8696577414724,87399284,168.54979593042646,169.89938694062468,2.0121998683167583,-0.00912076611236634,-0.027118530676250474,167.39644153273488,168.18534645140574,170.06528049665616,170.49318233676348
2023-01-25 08:36:44.631850,165.82259681705895,168.02138643085578,165.88264929929477,166.68921951256365,7844190,167.79791725422234,169.98135856266344,1.4271575297288213,0.004940998747152703,-0.030608189499798377,165.8696577414724,169.05979780795985,167.31967723676362,171.95237024599248
2023-01-26 08:36:44.631850,161.41970026801613,162.69324318778573,160.12688616955714,161.91162530496635,32748502,166.6331093696952,169.82776995387837,2.3177117548605644,-0.02866168682994652,-0.04794426685963171,166.68921951256365,167.39644153273488,168.18534645140574,170.06528049665616
2023-01-27 08:36:44.631850,157.29443839811017,158.90306694650545,156.3300269175761,157.40250384721443,18282131,165.21637031404535,169.55665570234794,4.141525135435264,-0.027849275487531133,-0.059270813530891586,161.91162530496635,165.8696577414724,169.05979780795985,167.31967723676362
2023-01-30 08:36:44.631850,155.93121516323876,155.3783958545155,154.55391659659279,155.1880262123747,18016389,163.35961027989805,169.1742960509519,5.331249760157992,-0.014068884425048722,-0.07727974233942192,157.40250384721443,166.68921951256365,167.39644153273488,168.18534645140574
2023-01-31 08:36:44.631850,154.73254220024745,157.08339328713822,154.0963077780806,154.57209377674212,17718395,161.28993827543835,168.78419838842362,5.556930463048991,-0.003968943034236894,-0.0856957373607814,155.1880262123747,161.91162530496635,165.8696577414724,169.05979780795985
2023-02-01 08:36:44.631850,155.81895915371538,156.08226357177102,154.27494949015028,155.57961807258542,15334491,159.60182063827415,168.41527011460465,5.174408882767508,0.0065181513119600965,-0.07059184384059114,154.57209377674212,157.40250384721443,166.68921951256365,167.39644153273488
2023-02-02 08:36:44.631850,159.33939494844208,160.62131230130075,158.79638552787424,160.2169990930877,56078464,158.7942979742192,168.13313379325155,4.419182735994737,0.02980712433899102,-0.03407891910644101,155.57961807258542,155.1880262123747,161.91162530496635,165.8696577414724
2023-02-03 08:36:44.631850,162.29542407336487,163.4889883853724,162.14147384021936,163.01329721427035,36805161,158.26916621732016,168.03453283549868,3.433047268363177,0.017453192464040423,-0.02205254970322923,160.2169990930877,154.57209377674212,157.40250384721443,166.68921951256365
2023-02-06 08:36:44.631850,164.00258971014011,165.08158126704336,160.5431648235582,162.5407590610158,24436732,158.35904246818436,167.68700336568463,3.550524240980582,-0.002898770599268574,0.0038856614209414886,163.01329721427035,155.57961807258542,155.1880262123747,161.91162530496635
2023-02-07 08:36:44.631850,161.93025043386885,163.96300114814423,161.4919014683979,162.5277031113948,47465224,159.0912137916387,167.45331399740766,3.8372641254623994,-8.032415805370174e-05,0.03256110378749266,162.5407590610158,160.2169990930877,154.57209377674212,157.40250384721443
2023-02-08 08:36:44.631850,160.63700185091636,159.4416939443593,158.5873944367559,159.31768552360205,11338737,159.68116512181405,167.2481630426808,3.4333582678865673,-0.01975058729275614,0.026610682615267667,162.5277031113948,163.01329721427035,155.57961807258542,155.1880262123747
2023-02-09 08:36:44.631850,159.11288529571527,159.59400764777388,155.9817219111725,159.3064914296973,12417873,160.35750764366477,166.913227449024,2.6319634588545386,-7.02627198477801e-05,0.030629058177819246,159.31768552360205,162.5407590610158,160.2169990930877,154.57209377674212
2023-02-10 08:36:44.631850,158.43639191838525,163.49356602475686,157.50834283426448,158.43457947738142,8129550,160.76535927292136,166.45815345362942,1.8827468059247077,-0.005473172778402868,0.018350484723931082,159.3064914296973,162.5277031113948,163.01329721427035,155.57961807258542
2023-02-13 08:36:44.631850,160.3583468371329,159.98123038563847,159.45516497977056,159.50470543915884,17026691,160.66360303664578,165.96542760115355,1.9358237734758057,0.0067543712067617,-0.00444580573822273,158.43457947738142,159.31768552360205,162.5407590610158,160.2169990930877
2023-02-14 08:36:44.631850,157.9114984630219,158.09327478474717,155.48619518116132,156.91361229116117,26188979,159.79221947620164,165.31158102715415,2.070051721926237,-0.016244618871046446,-0.03741832738400197,159.50470543915884,159.3064914296973,162.5277031113948,163.01329721427035
2023-02-15 08:36:44.631850,158.50266800918152,159.26669992835843,157.1053266364543,158.5905371264566,25429724,159.22790205697888,164.71330793135633,1.7015226691423266,0.01068693028482337,-0.024302962268536676,156.91361229116117,158.43457947738142,159.31768552360205,162.5407590610158
2023-02-16 08:36:44.631850,163.1822839777408,165.37737700541228,162.4078546525895,163.49967203734857,26027675,159.36675476068655,164.3825073767746,2.024658309230049,0.030954778260051663,0.005980327706271771,158.5905371264566,159.50470543915884,159.3064914296973,162.5277031113948
2023-02-17 08:36:44.631850,163.14744781659266,163.3779264351408,162.71623866286188,163.1930769668912,11928864,159.92038210972785,164.03098854555725,2.486237410198557,-0.0018752029691371241,0.024324929341978274,163.49967203734857,156.91361229116117,158.43457947738142,159.31768552360205
2023-02-20 08:36:44.631850,164.83122623641881,166.91989828358433,164.24491049839924,164.55316632964116,36091840,160.66990709543416,163.80150141075063,3.00670286446482,0.008334234441978783,0.03293447023318086,163.1930769668912,158.5905371264566,159.50470543915884,159.3064914296973
2023-02-21 08:36:44.631850,167.6175162042788,168.4077924809654,163.13881745671733,166.87383986072888,27229561,161.87551572162664,163.53620744071262,3.5953493054801955,0.014102879834222204,0.05326653064744802,164.55316632964116,163.49967203734857,156.91361229116117,158.43457947738142
2023-02-22 08:36:44.631850,165.58833999978214,166.69118329882826,162.07328008505348,165.58483799720065,34848726,162.7441060870612,163.24333870398604,3.660974495919378,-0.007724409437716573,0.038118828791298576,166.87383986072888,163.1930769668912,158.5905371264566,159.50470543915884
2023-02-23 08:36:44.631850,166.89148090793907,169.49336968795575,165.36695790353727,166.3766397945392,9375579,164.09596715897234,163.0710814443257,2.793574481028499,0.004781849636208424,0.06030724400008647,165.58483799720065,164.55316632964116,163.49967203734857,156.91361229116117
2023-02-24 08:36:44.631850,167.83213047507664,168.26639373497127,165.70655062719874,166.46845441305797,28225755,165.22138391420108,162.93692384686886,1.4875789112706377,0.0005518480156359029,0.049674573460329885,166.3766397945392,166.87383986072888,163.1930769668912,158.5905371264566
2023-02-27 08:36:44.631850,167.16169006463397,167.5899226632952,162.2595588874986,166.84359473255233,13337862,165.69908715637305,162.76663132975418,1.3752102592422286,0.002253521970976724,0.020452167600922833,166.46845441305797,165.58483799720065,164.55316632964116,163.49967203734857
2023-02-28 08:36:44.631850,164.57025815804704,166.41910514454108,163.49308548192326,164.3142131889345,19802888,165.8592494738078,162.57492908616348,1.065007402413197,-0.015160195677109356,0.006869998672007105,166.84359473255233,166.3766397945392,166.87383986072888,163.1930769668912
2023-03-01 08:36:44.631850,163.19517557767225,164.55563920581315,163.57867153902728,164.4440548528608,31553101,165.84366211998207,162.47907500670004,1.0878623135654288,0.0007902034851787754,-0.0006630773458456973,164.3142131889345,166.46845441305797,165.58483799720065,164.55316632964116
2023-03-02 08:36:44.631850,163.94601286820733,167.54796876128393,163.82478239674444,166.13124523576062,25280573,165.73757717355804,162.41060496617854,1.0036040254670584,0.010259965824908956,-0.004450036180554284,164.4440548528608,166.84359473255233,166.3766397945392,166.87383986072888
2023-03-03 08:36:44.631850,171.3347569740275,171.83159666022382,170.3442928438651,171.00269050090944,15779623,166.51155610265928,162.4753680559435,2.2191631926850675,0.029322872155900903,0.032719496357513034,166.13124523576062,164.3142131889345,166.46845441305797,165.58483799720065
2023-03-06 08:36:44.631850,174.25209335878247,175.81024290305837,173.66706626582516,174.33474915165172,24230835,167.64842886796106,162.70664497657404,3.689735784009848,0.019485416521704213,0.047831891345684774,171.00269050090944,164.4440548528608,166.84359473255233,166.3766397945392
2023-03-07 08:36:44.631850,181.4263592591646,183.06512205603462,181.63760102330968,181.8945400485575,11231493,169.85215538731813,163.24080772014358,6.4452743798030605,0.043363649150231165,0.09266671988929986,174.33474915165172,166.13124523576062,164.3142131889345,166.46845441305797
2023-03-08 08:36:44.631850,179.37573318274434,181.00283466435496,175.34051038716078,179.157581770394,42932243,171.61129639272409,163.65641979540456,7.131232413414498,-0.01504695125776112,0.07380557256381803,181.8945400485575,171.00269050090944,164.4440548528608,166.84359473255233
2023-03-09 08:36:44.631850,182.2819169913176,182.94740541196438,180.9362602747133,182.33698616099085,21798636,174.185978245875,164.33726515727207,7.308863860777228,0.017746412734413575,0.10968480828455851,179.157581770394,174.33474915165172,166.13124523576062,164.3142131889345
2023-03-10 08:36:44.631850,184.09254671856198,183.79920787074062,182.66598236923141,183.0602878321,42256763,176.845440100052,165.19252462343493,6.5173624953183,0.003966840114767001,0.11320709037426968,182.33698616099085,181.8945400485575,171.00269050090944,164.4440548528608
2023-03-13 08:36:44.631850,191.2148179618692,192.9580749264373,190.16105833854527,191.1325250234577,18563988,180.41705149829446,166.39067458380435,6.517771238832133,0.04409605866435351,0.15049113580180062,183.0602878321,179.157581770394,174.33474915165172,166.13124523576062
2023-03-14 08:36:44.631850,187.39754150065812,188.89681287546117,180.7147689095979,188.1000229359235,18591443,182.85952756043935,167.50827222244374,5.53061303795758,-0.01586596570710308,0.0999828270826133,191.1325250234577,182.33698616099085,181.8945400485575,171.00269050090944
2023-03-15 08:36:44.631850,185.91330998020354,188.81303685389452,181.14186384047105,184.9974189873243,16484096,184.38276610839256,168.48886558626836,4.065772304047823,-0.016494436843615512,0.06116204536134817,188.1000229359235,183.0602878321,179.157581770394,174.33474915165172
2023-03-16 08:36:44.631850,182.6367003520535,184.78702226572295,179.68184385937494,182.83519636567792,37433888,184.51714558226692,169.24280549535473,3.984560303072051,-0.011687852908880525,0.005171437894008868,184.9974189873243,191.1325250234577,182.33698616099085,181.8945400485575
2023-03-17 08:36:44.631850,175.58463405745619,175.16600307008247,174.6202006755803,175.12358908829947,16941629,183.94086091339628,169.64648189115567,5.040660936618346,-0.04217791448619612,-0.022516449721142306,182.83519636567792,188.1000229359235,183.0602878321,179.157581770394
2023-03-20 08:36:44.631850,172.92092486789716,175.78255207510884,172.83664338887206,173.33468403746733,33340976,182.6548177528929,170.0062793903707,6.465173376059486,-0.010215100433615176,-0.049371783054344864,175.12358908829947,184.9974189873243,191.1325250234577,182.33698616099085
2023-03-21 08:36:44.631850,170.20019807972128,170.89099570286066,170.67728960571617,170.75500404201992,19950680,180.89692006859573,170.2805227547249,7.859182858120025,-0.014882653231073961,-0.06721984290424743,173.33468403746733,182.83519636567792,188.1000229359235,183.0602878321
2023-03-22 08:36:44.631850,171.3919388143859,172.09484301482453,170.59303936639256,171.31984037558533,8993551,178.0665365474711,170.68059458312433,7.088439904778299,0.003307875729524179,-0.10365940933099038,170.75500404201992,175.12358908829947,184.9974189873243,191.1325250234577
2023-03-23 08:36:44.631850,172.5532953257395,174.37530537470695,171.5590254822893,172.5422279120489,18162016,175.84399440120328,171.12178579920274,5.726330461859426,0.007135119515543131,-0.08271022395980454,171.31984037558533,173.33468403746733,182.83519636567792,188.1000229359235
2023-03-24 08:36:44.631850,179.4979737236182,179.83532702531645,178.47831860754872,179.06836451126105,13395721,174.99698661890855,171.80957863366538,4.440994427311556,0.037823416784317665,-0.03204939024835529,172.5422279120489,170.75500404201992,175.12358908829947,184.9974189873243
2023-03-27 08:36:44.631850,182.2807278245169,182.86748862403533,179.7566668938123,182.52590186654427,24567902,174.95280169046086,172.57695184791154,4.350631288232623,0.01930847676372105,-0.0016916573246380517,179.06836451126105,171.31984037558533,173.33468403746733,182.83519636567792
2023-03-28 08:36:44.631850,178.81758037586866,182.2536553185432,179.12005721740437,180.47466243630652,13320251,175.71724074017615,173.36232018608308,4.82940928018171,-0.011238073113247982,0.03055598263983139,182.52590186654427,172.5422279120489,170.75500404201992,175.12358908829947
2023-03-29 08:36:44.631850,176.9023594270934,179.39105217948324,176.54812880175683,177.285983144249,38377716,176.281712041145,173.9855017200095,4.734503587396465,-0.017668293426967185,0.02279577874862926,180.47466243630652,179.06836451126105,171.31984037558533,173.33468403746733
2023-03-30 08:36:44.631850,179.79417487494896,183.7208544227768,177.0596100899332,179.08337641815297,23079655,177.47147952344972,174.50495853270294,4.120864404761227,0.010138383430130071,0.04877381147836557,177.285983144249,182.52590186654427,172.5422279120489,170.75500404201992
2023-03-31 08:36:44.631850,174.14914049604826,175.41939434379546,173.62360450558648,174.40846502362595,22102515,177.91271161602694,174.8788048012608,3.465682567655777,-0.026104664140412903,0.01802841189478932,179.08337641815297,180.47466243630652,179.06836451126105,171.31984037558533
2023-04-03 08:36:44.631850,180.62643456728736,181.43842592150838,178.57568117935452,180.84922580526748,33529830,179.09942560077246,175.42200678378168,2.6453961189299062,0.03692917531708706,0.04814472372208467,174.40846502362595,177.285983144249,182.52590186654427,172.5422279120489
2023-04-04 08:36:44.631850,186.08273143570864,185.529437661251,184.17821993822193,185.16949722733136,39112531,179.9710159887825,176.0318620293351,3.5003771198083213,0.023888802414425703,0.03407152755721188,180.84922580526748,179.08337641815297,180.47466243630652,179.06836451126105
2023-04-05 08:36:44.631850,182.83431671923057,184.13552371292815,182.82979007401198,183.4875076842689,23913426,180.10838824845746,176.62861768557067,3.6336853174430184,-0.009083513042093982,0.005268325250778583,185.16949722733136,174.40846502362595,177.285983144249,182.52590186654427
2023-04-06 08:36:44.631850,175.88842430959244,177.85576040608748,175.960116000081,177.2557782351592,16426391,179.64854764829357,176.99125563359135,3.7803233411437924,-0.03396269058181767,-0.017835657137097227,183.4875076842689,180.84922580526748,179.08337641815297,180.47466243630652
2023-04-07 08:36:44.631850,181.96232746227787,182.64654033478044,180.7283482083252,182.10858899490518,9949324,180.33749134124446,177.51259345298624,3.7169130536070254,0.02737744748330817,0.027202409153419982,177.2557782351592,185.16949722733136,174.40846502362595,177.285983144249
2023-04-10 08:36:44.631850,181.30606426916435,182.05221894597156,180.50016455707652,181.74604777955068,17140851,180.71787296430125,178.00934188788622,3.7034005012038547,-0.0019907969050523278,0.014868333480492879,182.10858899490518,183.4875076842689,180.84922580526748,179.08337641815297
2023-04-11 08:36:44.631850,185.39987790757831,188.75461941162328,182.8559789712875,186.29993604544924,17741088,182.41665453884747,178.74219931643668,2.9844273445064986,0.025056326239469184,0.06818173085929313,181.74604777955068,177.2557782351592,185.16949722733136,174.40846502362595
2023-04-12 08:36:44.631850,180.25678609664322,182.23094428363814,180.09824693322795,180.41499060901316,25483168,182.35462093938256,179.27456384164176,3.0266518335375836,-0.03158855317588738,-0.002401089605558404,186.29993604544924,182.10858899490518,183.4875076842689,180.84922580526748
2023-04-13 08:36:44.631850,178.74458331236707,180.33886663986627,177.11413607735813,178.30639032344624,20326307,181.3741770959704,179.68040201123128,3.0740711231605444,-0.011687500459075406,-0.03706391714969848,180.41499060901316,181.74604777955068,177.2557782351592,185.16949722733136
2023-04-14 08:36:44.631850,178.37029754171323,180.7280331236076,178.2036504575402,178.37858194391706,34071318,180.6443305616344,179.92626505933154,3.095108291462849,0.00040487399436361926,-0.02784345269511701,178.30639032344624,186.29993604544924,182.10858899490518,183.4875076842689
2023-04-17 08:36:44.631850,178.87383579313394,178.8105721899348,176.28527900970877,178.599702152393,17778641,180.8363196926678,180.0684301593563,2.8843939771600557,0.001239611875294866,0.007581834175531821,178.37858194391706,180.41499060901316,181.74604777955068,177.2557782351592
2023-04-18 08:36:44.631850,178.65093061140504,180.80230269661087,175.7729894005557,177.04565087993333,23475770,180.1130428191004,179.90680052040213,3.1359997478854895,-0.008701309429584914,-0.02780175357414627,178.599702152393,178.30639032344624,186.29993604544924,182.10858899490518
2023-04-19 08:36:44.631850,178.99682387108305,180.39407249381426,177.96839602847928,179.30422200865704,43662218,179.76421056611557,179.91168852834423,3.0589394902461096,0.012756998646950013,-0.013435372051971428,177.04565087993333,178.37858194391706,180.41499060901316,181.74604777955068
2023-04-20 08:36:44.631850,175.77372816006192,177.806043481412,175.1876851991421,175.52943626543976,28657123,178.22556774039995,179.68477019849254,1.5699425918644623,-0.021052408587651783,-0.0578126864057642,179.30422200865704,178.599702152393,178.30639032344624,186.29993604544924
2023-04-21 08:36:44.631850,174.63648815158746,175.1222972016151,174.9698771708152,175.08225928148835,23440626,177.46374897932495,179.41883591347215,1.623399686238863,-0.0025475897004259007,-0.02955813876398805,175.52943626543976,177.04565087993333,178.37858194391706,180.41499060901316
2023-04-24 08:36:44.631850,174.81309887382804,177.3103517715101,175.3949395720993,175.55601657890904,17877040,177.07083844439106,178.89961896532049,1.7156780440603598,0.002705912634237917,-0.015424986953905817,175.08225928148835,179.30422200865704,178.599702152393,178.30639032344624
2023-04-25 08:36:44.631850,176.89608325221852,178.31048615730097,176.96742788543912,177.41494003349976,17599557,176.93317531433146,178.54344953523972,1.6297679684879185,0.010588776681174972,-0.005402228787311891,175.55601657890904,175.52943626543976,177.04565087993333,178.37858194391706
2023-04-26 08:36:44.631850,179.5623203291496,181.50624550800106,179.78398237534594,179.99318673397156,15786936,177.13224454027127,178.3766417934613,1.9255224432167672,0.014532297561777874,0.007802278306094479,177.41494003349976,175.08225928148835,179.30422200865704,178.599702152393
2023-04-27 08:36:44.631850,176.31496264206862,176.96086997924243,175.62073415599122,175.99862640909058,18430114,176.98266961586518,178.1487561282417,1.9734404422751506,-0.022192841836757404,-0.005913867218081625,179.99318673397156,175.55601657890904,175.52943626543976,177.04565087993333
2023-04-28 08:36:44.631850,172.65575145809183,171.05912720038492,167.95830591886556,170.65138626092948,35244953,175.74655022333266,177.9996827006627,2.809697742198521,-0.030382283414712496,-0.04825784719843229,175.99862640909058,177.41494003349976,175.08225928148835,179.30422200865704
2023-05-01 08:36:44.631850,174.43656335874564,175.7055031173999,173.3381670774885,175.06332809381655,21618410,175.6799633416722,178.0573041692077,2.821200268590684,0.02585353643797017,-0.002655441625861177,170.65138626092948,179.99318673397156,175.55601657890904,175.52943626543976
2023-05-02 08:36:44.631850,175.91215480461804,176.9699558158564,174.74722681626235,176.2793670304318,12300044,175.85097873437843,178.24144960215477,2.8152068165505826,0.006946280239591873,0.0068374017667822695,175.06332809381655,175.99862640909058,177.41494003349976,175.08225928148835
2023-05-03 08:36:44.631850,173.63857593001828,175.29556175883116,172.90215410893597,173.69339618264115,58473525,175.5848901063401,178.3205681290566,2.9332824107792463,-0.014669730731131092,-0.010609835154414493,176.2793670304318,170.65138626092948,179.99318673397156,175.55601657890904
2023-05-04 08:36:44.631850,179.48850645135894,182.02768840245105,177.54106861722926,179.13400129397434,28345606,175.83047028640794,178.54029390845415,3.1741091747848067,0.03132303951045046,0.009689495485273092,173.69339618264115,175.06332809381655,175.99862640909058,177.41494003349976
2023-05-05 08:36:44.631850,179.8388381804525,180.18106124255323,177.88642619508911,179.60216669614448,11953423,175.77461028100404,178.5580873146169,3.090993840274668,0.0026134926858571994,-0.0021724157726313864,179.13400129397434,176.2793670304318,170.65138626092948,179.99318673397156
2023-05-08 08:36:44.631850,185.0728095135135,186.1303927122001,182.2811527938327,183.89213393488384,19366891,176.90225421326022,178.60362838356158,4.36402716733954,0.02388594368127661,0.04484982460854914,179.60216669614448,173.69339618264115,175.06332809381655,175.99862640909058
2023-05-09 08:36:44.631850,181.96096992096926,186.9978215213445,181.48302898799702,184.19562392759528,25532001,178.8371453084982,178.72766043327118,4.126775688176358,0.0016503696282021973,0.07936787367174603,183.89213393488384,179.13400129397434,176.2793670304318,170.65138626092948
2023-05-10 08:36:44.631850,189.55292467080028,193.7576821713201,190.683806092454,191.84249761039626,56643967,181.23416952515245,179.21287758214277,6.011919853413406,0.04151495849763975,0.09584628430911435,184.19562392759528,179.60216669614448,173.69339618264115,175.06332809381655
2023-05-11 08:36:44.631850,198.14253590977614,199.49237892385094,198.17906574716528,198.63502978711622,13879781,184.4278356332502,179.8645993611082,8.403396432076285,0.03540681684886415,0.12681950890386995,191.84249761039626,183.89213393488384,179.13400129397434,176.2793670304318
2023-05-12 08:36:44.631850,198.7902720169124,198.5037571121701,194.46420892592909,197.70556027507106,39350544,187.85814478931164,180.64116920282305,8.189455258337691,-0.004679282969581422,0.13824454251087803,198.63502978711622,184.19562392759528,179.60216669614448,173.69339618264115
2023-05-15 08:36:44.631850,200.02834686790982,201.65535145976682,200.8153239860974,201.60657152726188,48629612,191.06851196549556,181.3330807268895,8.594246338587876,0.01973141901908715,0.12545117102815184,197.70556027507106,191.84249761039626,183.89213393488384,179.13400129397434
2023-05-16 08:36:44.631850,201.19745947410712,206.11527956169016,202.233606601897,204.2692941495603,17639880,194.59238731598356,181.96974062429717,8.155020077685082,0.013207518991702916,0.13734315073797676,201.60657152726188,198.63502978711622,184.19562392759528,179.60216669614448
2023-05-17 08:36:44.631850,210.52147849280615,210.6028643532683,208.9426867246681,209.9219629819641,21025429,198.3109343227093,182.85088913422032,8.393781821437278,0.027672631150646998,0.14154944254601665,204.2692941495603,197.70556027507106,191.84249761039626,183.89213393488384
2023-05-18 08:36:44.631850,206.18465328111972,208.36180808814686,204.61480286208004,205.93376703141217,14387140,201.41638333754028,183.80682209409542,5.973445899196751,-0.018998469211602087,0.11801660995139529,209.9219629819641,201.60657152726188,198.63502978711622,184.19562392759528
2023-05-19 08:36:44.631850,207.68287741482268,211.30129639171173,208.42335957664102,208.82117039221916,21818513,203.84190802065785,184.6972414740059,4.762382613664628,0.014021029199968726,0.08850318877887031,205.93376703141217,204.2692941495603,197.70556027507106,191.84249761039626
2023-05-22 08:36:44.631850,212.2531466407154,214.29529396632802,212.61301814646544,213.3042455456511,23717056,205.93751027187713,185.74918139954258,5.287802597871817,0.02146848973699167,0.07385009469002712,208.82117039221916,209.9219629819641,201.60657152726188,198.63502978711622
2023-05-23 08:36:44.631850,204.8671219017907,206.279422772824,203.50260645586,205.86530483405824,33592890,207.10318806601816,186.40136035916288,3.883591931048174,-0.03487478972846225,0.041272205736825995,213.3042455456511,205.93376703141217,204.2692941495603,197.70556027507106
2023-05-24 08:36:44.631850,201.16634545405637,201.6247920103829,200.88390888502624,201.05522693735978,41661655,207.024424553175,187.08936823677445,4.016950176530308,-0.023365170253315526,-0.0027347550515115504,205.86530483405824,208.82117039221916,209.9219629819641,201.60657152726188
2023-05-25 08:36:44.631850,192.3114478731297,193.41504576570907,187.1452105006417,192.91557773989052,16617251,205.4024650660793,187.5763411506559,6.7065748727115535,-0.04048464355520198,-0.05558210036872646,201.05522693735978,213.3042455456511,205.93376703141217,204.2692941495603
2023-05-26 08:36:44.631850,192.40813522442582,193.06006177373374,191.57527964450028,191.93399691093356,9032479,202.83275562736065,188.02818831622315,8.006443300847735,-0.005088136688891076,-0.08568882367289987,192.91557773989052,205.86530483405824,208.82117039221916,209.9219629819641
2023-05-29 08:36:44.631850,191.96635666341297,195.67084801010637,191.57071087658042,194.74599217215498,23899727,201.23450207603818,188.5663979835485,8.391636476579254,0.014650845115919298,-0.05432705388985892,191.93399691093356,201.05522693735978,213.3042455456511,205.93376703141217
2023-05-30 08:36:44.631850,199.79631402639808,202.4042863623264,198.23607619308538,200.6559762639521,27973516,200.06804577200003,189.35340882968245,7.700326728362799,0.03034714104192049,-0.03910137134530345,194.74599217215498,192.91557773989052,205.86530483405824,208.82117039221916
2023-05-31 08:36:44.631850,199.88176389086823,203.71912545803488,199.45083034915353,201.01352426685514,27363179,198.31222844645777,190.0770522382891,5.162151910988782,0.0017818956083954784,-0.05762061250752515,200.6559762639521,191.93399691093356,201.05522693735978,213.3042455456511
2023-06-01 08:36:44.631850,207.3551944052506,207.8836942641589,206.65239495891728,207.62130333395663,20514928,198.56308537501468,191.14678114057295,5.613321685458751,0.03287231091142573,0.008529841885274614,201.01352426685514,194.74599217215498,192.91557773989052,205.86530483405824
2023-06-02 08:36:44.631850,201.40951914337003,205.86854225542547,198.88110548015578,201.95282045520344,25709626,198.69131302042092,192.04246651303012,5.6894744940462605,-0.027302029164297803,0.004464412746271407,207.62130333395663,200.6559762639521,191.93399691093356,201.05522693735978
2023-06-05 08:36:44.631850,195.9117781844316,197.08532855272972,193.28169596054866,195.13334854250724,51532457,199.00813742079472,192.69504424515011,5.366843724838693,-0.033767648787103144,0.011496069050509483,201.95282045520344,201.01352426685514,194.74599217215498,192.91557773989052
2023-06-06 08:36:44.631850,193.16248247164475,196.29653834097198,191.56818115829338,194.97510437727942,29234704,199.44258134455842,193.28038305660942,4.790942327587236,-0.0008109539779324049,0.015844548205584896,195.13334854250724,207.62130333395663,200.6559762639521,191.93399691093356
2023-06-07 08:36:44.631850,196.5759634145095,197.5412505054307,194.69921309297564,196.53126092848555,20041502,199.69761973831993,193.83165219642655,4.540214659981384,0.007981308978786128,0.009167165580241443,194.97510437727942,201.95282045520344,201.01352426685514,194.74599217215498
2023-06-08 08:36:44.631850,197.01016814630717,196.81451894414946,195.99696894419495,196.46170950539067,18810035,199.09843877281114,194.51375496630322,4.667633910802132,-0.0003538949618818732,-0.020902775170992705,196.53126092848555,195.13334854250724,207.62130333395663,200.6559762639521
2023-06-09 08:36:44.631850,190.14611957478968,189.0577610653985,186.2577074563679,188.39718383269732,22188258,197.29610442507433,195.10528155202883,6.039195298053884,-0.0410488420007975,-0.06276363981066779,196.46170950539067,194.97510437727942,201.95282045520344,201.01352426685514
2023-06-12 08:36:44.631850,187.6647596757249,189.03815227289843,186.0367675342005,188.11790369850178,54754492,194.50990447715216,195.54043407218495,4.866904288300926,-0.0014824007902557446,-0.09393737213990916,188.39718383269732,196.53126092848555,195.13334854250724,207.62130333395663
2023-06-13 08:36:44.631850,183.5637696076088,184.42968926391086,181.75539981497252,183.26645771213924,22039561,191.84042408528586,195.77333709490856,5.216252838841644,-0.025789390010097057,-0.09252835737052334,188.11790369850178,196.46170950539067,194.97510437727942,201.95282045520344
2023-06-14 08:36:44.631850,184.1004358238682,187.83756403327223,184.64539427374672,185.77600796647567,23917066,190.50366114585282,196.17609082103638,5.426493763007762,0.013693450976600685,-0.0479535694227744,183.26645771213924,188.39718383269732,196.53126092848555,195.13334854250724
2023-06-15 08:36:44.631850,184.95504656047459,187.96099923971175,186.2036302372887,187.19384394261328,18978991,189.39205251232912,196.44475224265767,5.147691657884068,0.007631964921936962,-0.03990899484074284,185.77600796647567,188.11790369850178,196.46170950539067,194.97510437727942
2023-06-16 08:36:44.631850,184.50726497716948,184.17447349783393,181.78998177571555,183.73120789486447,41845368,187.56347350752608,196.58238694928167,4.409522520712361,-0.01849759572654719,-0.06512985757659595,187.19384394261328,183.26645771213924,188.39718383269732,196.53126092848555
2023-06-19 08:36:44.631850,181.89300243572,183.12145797982885,179.6732951041049,181.89805946884331,64354577,185.48295207373357,196.51591780041366,2.5586995220471764,-0.009977338346733866,-0.07412971246769973,183.73120789486447,185.77600796647567,188.11790369850178,196.46170950539067
2023-06-20 08:36:44.631850,179.1487123407192,181.4829267025742,177.63823345402463,178.09925120278876,30259069,184.0118188408895,196.31270537625343,3.4195106947715916,-0.020884270437779073,-0.054660756707772484,181.89805946884331,187.19384394261328,183.26645771213924,188.39718383269732
2023-06-21 08:36:44.631850,176.7075750820946,178.16541342664098,177.30220893029517,177.9294189723412,25175615,182.55632102286657,195.84893608831828,3.546469097686383,-0.0009535819454635774,-0.054160101329269184,178.09925120278876,183.73120789486447,185.77600796647567,188.11790369850178
2023-06-22 08:36:44.631850,181.8532599759831,183.14937452759668,180.34724283580005,181.3817561604865,24603306,182.28707794405904,195.27382696743064,3.5551025305222543,0.019402846410024877,-0.01028394161801871,177.9294189723412,181.89805946884331,187.19384394261328,183.26645771213924
2023-06-23 08:36:44.631850,179.52225892054042,179.8293734394299,174.62218547159347,177.86031625978515,7332643,181.1562648431032,194.61231883358775,3.5191131088704237,-0.01941452092671092,-0.04260879428585285,181.3817561604865,178.09925120278876,183.73120789486447,185.77600796647567
2023-06-26 08:36:44.631850,180.08379129794085,179.9230047910806,179.22136071711856,179.706671807856,35060140,180.08666882385222,193.88232217627422,2.3074391112356603,0.010380930310356806,-0.0399968929376362,177.86031625978515,177.9294189723412,181.89805946884331,187.19384394261328
2023-06-27 08:36:44.631850,178.1007238698358,181.7189635359402,174.45373053913377,177.85476717342894,25830931,179.24717729221857,193.00183794373652,1.7659345603012804,-0.010305152367448667,-0.03198390076876967,179.706671807856,181.3817561604865,178.09925120278876,183.73120789486447
2023-06-28 08:36:44.631850,175.09528967079055,176.57153130966435,174.96762950308607,175.08779934397785,29923989,178.27428298866633,191.84069915580363,1.9304030040545557,-0.015557456645246881,-0.03743998228871692,177.85476717342894,177.86031625978515,177.9294189723412,181.89805946884331
2023-06-29 08:36:44.631850,173.3928518162986,175.70110062937707,172.3741884300949,174.76553148003228,16924433,177.79803731398687,190.80175797075762,2.347046582874497,-0.0018406071990912931,-0.018718325317160445,175.08779934397785,179.706671807856,181.3817561604865,178.09925120278876
2023-06-30 08:36:44.631850,172.3598344704541,171.35446014305828,167.79726171437727,171.1994676457114,19930694,176.83661569589688,189.54770121254072,3.4182184883824887,-0.02040484644838747,-0.03782371327630751,174.76553148003228,177.85476717342894,177.86031625978515,177.9294189723412
2023-07-03 08:36:44.631850,168.8378787593239,169.91736390674464,167.8116985619771,169.35513815924799,19667685,175.11852741000567,188.08273096632726,3.75847306290827,-0.01077298610694366,-0.06630555495668133,171.1994676457114,175.08779934397785,179.706671807856,181.3817561604865
2023-07-04 08:36:44.631850,165.76568720473944,165.66359775175835,165.17374675772658,165.3486091807499,40257685,173.33114068442916,186.73217444455034,5.005452952361897,-0.023657557851777034,-0.07034569229462351,169.35513815924799,174.76553148003228,177.85476717342894,177.86031625978515
2023-07-05 08:36:44.631850,170.55211226821726,173.11502091120823,169.723250149636,171.89550512650789,19987548,172.2152597299509,185.76018371752195,4.143763904295784,0.03959450265832776,-0.04346620302277859,165.3486091807499,171.1994676457114,175.08779934397785,179.706671807856
2023-07-06 08:36:44.631850,171.05356856315873,172.8176407233677,170.61206512786688,172.06830669962054,68430566,171.38862251940682,185.0652746828463,3.328135694608371,0.0010052710394345965,-0.032534750492045794,171.89550512650789,169.35513815924799,174.76553148003228,177.85476717342894
2023-07-07 08:36:44.631850,170.92967268267552,170.5827172040903,168.78956626130793,169.71191552533412,29961722,170.62063911674343,184.32453863665964,2.9285312253621076,-0.01369451015985157,-0.03070393162051377,172.06830669962054,165.3486091807499,171.1994676457114,175.08779934397785
2023-07-10 08:36:44.631850,170.19307158885556,170.9316267778186,170.148472844763,170.4891279106846,12764247,170.00972432112235,183.5159764946106,2.2979126437209447,0.004579598214684344,-0.024469376387507347,169.71191552533412,171.89550512650789,169.35513815924799,174.76553148003228
2023-07-11 08:36:44.631850,171.3936872926508,171.41440009843055,169.70801108705612,170.15726042442384,22651278,169.86083757522414,182.499352633293,2.2410385237905586,-0.0019465609938167372,-0.0060876779327628805,170.4891279106846,172.06830669962054,165.3486091807499,171.1994676457114
2023-07-12 08:36:44.631850,169.39003257227878,170.49909503675573,167.3002326012986,169.45631596867807,17438002,169.87529154799986,181.44744569002043,2.2375569043125703,-0.004119391990664356,0.0005974298183675231,170.15726042442384,169.71191552533412,171.89550512650789,169.35513815924799
2023-07-13 08:36:44.631850,170.00839770885327,173.19374795095322,170.33176814361192,171.58864139106865,8063100,170.76672472090254,180.24635695859084,1.0740971494492284,0.012583334000868529,0.03773864347112532,169.45631596867807,170.4891279106846,172.06830669962054,165.3486091807499
2023-07-14 08:36:44.631850,175.01688036960476,176.1319244751926,173.73664108007083,174.2397123596915,53743617,171.10161146850018,179.32258668874044,1.6795119389183117,0.015450154200946198,0.013637396925872958,171.58864139106865,170.15726042442384,169.71191552533412,171.89550512650789
2023-07-17 08:36:44.631850,171.9346820455508,173.36752996114976,169.58955447062903,172.44329692607653,34331411,171.15518150085106,178.5662516348594,1.7209539058544008,-0.010310022952210507,0.0021793102614220405,174.2397123596915,169.45631596867807,170.4891279106846,172.06830669962054
2023-07-18 08:36:44.631850,171.104774037008,171.8869221583359,168.8721436045637,170.50910999821554,31534844,171.26906642554837,177.7507184888906,1.6336920025090502,-0.011216364812893453,0.004697339432023551,172.44329692607653,171.58864139106865,170.15726042442384,169.71191552533412
2023-07-19 08:36:44.631850,169.64366795448097,170.2452874679081,169.41414463082285,169.6222863295185,26237541,171.1452319139532,176.85375266892504,1.7325286456627056,-0.00520103394303284,-0.005084439059482082,170.50910999821554,174.2397123596915,169.45631596867807,170.4891279106846
2023-07-20 08:36:44.631850,160.6151537183914,164.83938858252552,161.7128941088805,161.8640303971622,12103330,169.96048476720154,175.70049669865074,3.9443877084465435,-0.04573842329471156,-0.04873861983071315,169.6222863295185,172.44329692607653,171.58864139106865,170.15726042442384
2023-07-21 08:36:44.631850,157.13646850774322,157.35834929537558,155.23298645241277,157.00749096329704,18966625,168.1820811950043,174.65417360300407,6.307878589703384,-0.03000382124397105,-0.07346332849394677,161.8640303971622,170.50910999821554,174.2397123596915,169.45631596867807
2023-07-24 08:36:44.631850,163.11855089027918,161.9103946081559,157.45562045736432,161.34678319446124,36795657,166.7189585954889,173.76180291953608,6.568454232325994,0.027637485348890545,-0.05968843924386069,157.00749096329704,169.6222863295185,172.44329692607653,171.58864139106865
2023-07-25 08:36:44.631850,167.11430478480312,166.73576535183187,164.17551188068373,166.70339221006319,14280278,165.6423414312563,173.20970073613353,5.689058497316279,0.03319935427002574,-0.04325259751388211,161.34678319446124,161.8640303971622,170.50910999821554,174.2397123596915
2023-07-26 08:36:44.631850,165.87538255672487,166.42614547098015,164.92404679227002,165.92310017619405,6811448,164.71088475270167,172.54793714312416,4.8638953617015295,-0.0046807207911275794,-0.03781067090521684,166.70339221006319,157.00749096329704,169.6222863295185,172.44329692607653
2023-07-27 08:36:44.631850,168.78883585040353,169.2291512182645,167.76521956119464,167.88615948101457,21562084,164.33617753595868,171.90434766107086,4.423893150685364,0.011831139261115231,-0.015383052068176362,165.92310017619405,161.34678319446124,161.8640303971622,170.50910999821554
2023-07-28 08:36:44.631850,169.15961268024796,171.71288499550104,168.62302304138026,168.9816171905426,22502145,164.24465337324781,171.4126946375935,4.301230644683699,0.0065250030908707846,-0.003777033978490718,167.88615948101457,166.70339221006319,157.00749096329704,169.6222863295185
2023-07-31 08:36:44.631850,179.62578864189683,181.32850135728648,177.72969532632888,179.4377968386936,25848980,166.75519143632374,171.33068588325514,6.976724916903612,0.06187761616910481,0.10857116555426827,168.9816171905426,165.92310017619405,161.34678319446124,161.8640303971622
2023-08-01 08:36:44.631850,182.50789128947335,185.46902918937008,183.36732516849148,183.5095092878191,34769785,170.54119405411262,171.51102781942282,7.930961845835621,0.02269149822869143,0.16879461076616598,179.4377968386936,167.88615948101457,166.70339221006319,157.00749096329704
2023-08-02 08:36:44.631850,183.30916236701046,184.8350466999298,182.6231480315418,183.09508025176714,33224659,173.64809363372774,171.683216528737,7.988471145172077,-0.0022583518296153127,0.13479225694319563,183.5095092878191,168.9816171905426,165.92310017619405,161.34678319446124
2023-08-03 08:36:44.631850,180.58100548196572,182.72404625649634,177.42007948287878,179.6509137027318,27491430,175.49773956125185,171.6255217801452,7.602090369760309,-0.018810808812008473,0.0776680145557771,183.09508025176714,179.4377968386936,167.88615948101457,166.70339221006319
2023-08-04 08:36:44.631850,173.20572476121384,174.11448946104204,173.351575532291,173.93281799186934,43914964,176.64198496349118,171.49460517121466,6.433776046778519,-0.03182892640515145,0.04827367501673829,179.6509137027318,183.5095092878191,168.9816171905426,165.92310017619405
2023-08-07 08:36:44.631850,175.93702356883313,174.98769726612517,174.42155156282632,174.69277790817208,11302280,177.61435902451367,171.32747537455856,5.305299149336035,0.004369272717344552,0.04054305875004083,173.93281799186934,183.09508025176714,179.4377968386936,167.88615948101457
2023-08-08 08:36:44.631850,172.02369125774112,172.22316708412913,168.81921897144204,172.1026054862119,31086708,178.06021449532358,171.13573665165129,4.533962214456241,-0.014827014905686053,0.018469395355295237,174.69277790817208,179.6509137027318,183.5095092878191,168.9816171905426
2023-08-09 08:36:44.631850,166.51632872615627,169.20210818459685,165.8196955438784,167.25876488617396,33041310,176.32035278782078,170.87476883639118,6.0128283609615725,-0.028145074191953445,-0.06787328069719911,172.1026054862119,173.93281799186934,183.09508025176714,179.4377968386936
2023-08-10 08:36:44.631850,165.96981782383708,166.67752987968777,164.4629897035356,165.14604287509388,12996866,173.69700044314573,170.55411921622655,6.349960860303684,-0.012631457684850633,-0.10006820073789024,167.25876488617396,174.69277790817208,179.6509137027318,183.5095092878191
2023-08-11 08:36:44.631850,161.39155604685092,162.00857909033593,158.57237577997034,161.62331922842893,11393626,170.62960601124027,170.2349142689838,6.238583324008025,-0.021330960072287852,-0.11727109758390675,165.14604287509388,172.1026054862119,173.93281799186934,183.09508025176714
2023-08-14 08:36:44.631850,167.7601061247896,168.7552381249532,166.1952930160519,167.12543484557557,16635157,168.84025188878937,170.16059082519476,4.86487816237544,0.03404283270145125,-0.06972120875422949,161.62331922842893,167.25876488617396,174.69277790817208,179.6509137027318
2023-08-15 08:36:44.631850,169.87428754844117,170.97493476516112,167.85050691920523,170.12246103117573,17352189,168.29591518011884,170.31971922020892,4.39010157081216,0.017932795138988933,-0.0219070616154321,167.12543484557557,165.14604287509388,172.1026054862119,173.93281799186934
2023-08-16 08:36:44.631850,170.09547525610992,170.46893750347414,169.31939815278926,170.14637126225105,35205389,167.64642851641585,170.26141475806702,3.5399965931795165,0.00014054717366773772,-0.02602515513440895,170.12246103117573,161.62331922842893,167.25876488617396,174.69277790817208
2023-08-17 08:36:44.631850,175.66599922434253,176.98772635362806,172.52216184387657,175.23355767168923,17764819,168.0937074000555,170.36692312380265,4.310762927695091,0.029898882777800617,0.01819235784741302,170.14637126225105,167.12543484557557,165.14604287509388,172.1026054862119
2023-08-18 08:36:44.631850,175.8126236933496,180.30299925241155,173.65653526931195,175.55727821499332,15741730,169.27920930417253,170.56176854679128,5.109891046917147,0.0018473661529523344,0.049614818897334434,175.23355767168923,170.12246103117573,161.62331922842893,167.25876488617396
2023-08-21 08:36:44.631850,170.86384844077924,173.75576808561823,171.77275670483144,172.58585119536252,17790641,170.3420390642109,170.63165932294723,4.875268971084656,-0.016925684026565357,0.04504987337720001,175.55727821499332,170.14637126225105,167.12543484557557,165.14604287509388
2023-08-22 08:36:44.631850,176.89770186846596,179.05858832675642,177.72844614082967,177.89502025775582,42258503,172.66656778268617,170.88958465072494,3.7819064468550514,0.030762481545393072,0.10067669137724744,172.58585119536252,175.23355767168923,170.12246103117573,161.62331922842893
2023-08-23 08:36:44.631850,180.70162227205435,183.15845911103636,177.48112258470655,179.86577702660094,24312998,174.48661666568978,171.23656668598903,3.73615917290849,0.011078200873693156,0.07623221559780813,177.89502025775582,175.55727821499332,170.14637126225105,167.12543484557557
2023-08-24 08:36:44.631850,176.07203035533666,177.08911490942816,173.92060170137879,176.1884350493933,22084233,175.35318438257804,171.38989314126653,3.2235349733128147,-0.02044492308652912,0.035656514615703516,179.86577702660094,172.58585119536252,175.23355767168923,170.12246103117573
2023-08-25 08:36:44.631850,175.1108230550227,177.98232240734663,173.11765357321312,175.5705821034897,22862241,176.12807164561212,171.43425546605982,2.275971343960718,-0.0035067735616720608,0.031879673959535504,176.1884350493933,177.89502025775582,175.55727821499332,170.14637126225105
2023-08-28 08:36:44.631850,171.37649694689668,172.78576263296915,171.5416046985946,172.5485971491767,46086478,175.74450585668174,171.43776547349646,2.64773163202039,-0.01721236506769519,-0.015322182338744605,175.5705821034897,179.86577702660094,172.58585119536252,175.23355767168923
2023-08-29 08:36:44.631850,166.92230678110417,169.42755236660074,166.08566447172237,167.82835865399832,16608316,174.6403744908253,171.3484070953559,4.003321258748347,-0.02735599461928684,-0.04402505916917843,172.5485971491767,176.1884350493933,177.89502025775582,175.55727821499332
2023-08-30 08:36:44.631850,169.25897299789932,173.74427834756065,168.38959268160036,170.98748431408296,46629975,174.41203636492827,171.39391369484142,4.181647585542769,0.018823550950632928,-0.009261285732341085,167.82835865399832,175.5705821034897,179.86577702660094,172.58585119536252
2023-08-31 08:36:44.631850,177.47858618630568,179.9033814869552,172.53949109049296,177.56850751660588,26835820,174.3653916876211,171.91739626548951,4.137913371702447,0.03848833280940256,-0.0018354237273019436,170.98748431408296,172.5485971491767,176.1884350493933,177.89502025775582
2023-09-01 08:36:44.631850,172.13833089038457,175.48642682189936,171.87599884640318,172.65494693397716,22293156,173.33527310296057,172.43897813117886,3.365940550055591,-0.027671351476382777,-0.04009006166613538,177.56850751660588,167.82835865399832,175.5705821034897,179.86577702660094
2023-09-04 08:36:44.631850,173.80665547879119,175.94686298650998,173.6871125465928,174.65073189178278,84347037,173.11560122330192,172.88244308775623,3.1945120469481405,0.011559384733811351,-0.0087276055161023,172.65494693397716,170.98748431408296,172.5485971491767,176.1884350493933
2023-09-05 08:36:44.631850,172.37169033828738,172.56049363612155,170.36080668010578,172.4304230934088,14248757,172.66700707900466,173.0733441172011,3.007305668758847,-0.012712851382436496,-0.017885450811058745,174.65073189178278,177.56850751660588,167.82835865399832,175.5705821034897
2023-09-06 08:36:44.631850,171.1130825087631,173.53844111079542,170.0111574839021,170.8022474998951,20239710,172.4175285576787,173.23598236132446,3.090063509602834,-0.009442507675293976,-0.010120914792322466,172.4304230934088,172.65494693397716,170.98748431408296,172.5485971491767
2023-09-07 08:36:44.631850,170.59681530158227,169.24527081544775,168.13523300227897,168.82984390083945,13043289,172.560597878656,173.26743850865196,2.8565326866124736,-0.01154787848477723,0.0059673183654607165,170.8022474998951,174.65073189178278,177.56850751660588,167.82835865399832
2023-09-08 08:36:44.631850,164.70855968770513,167.36262288241875,164.04809437758874,165.96314431847352,38889349,171.84283502214038,173.16682274624964,3.7948231514016295,-0.016979815393596276,-0.02938425590483773,168.82984390083945,172.4304230934088,172.65494693397716,170.98748431408296
2023-09-11 08:36:44.631850,167.1372841660162,169.78153141968934,163.06696492859197,166.17398930059255,56209394,170.21504670556706,172.72469582831295,3.3468572118310798,0.0012704325588965837,-0.06416970202302186,165.96314431847352,170.8022474998951,174.65073189178278,177.56850751660588
2023-09-12 08:36:44.631850,164.25752217074694,163.74970239302613,162.82711099289892,163.46219558230646,55670525,168.90179651247124,172.05645203812918,3.9745905839256532,-0.0163190023282207,-0.053243486589387934,166.17398930059255,168.82984390083945,172.4304230934088,172.65494693397716
2023-09-13 08:36:44.631850,163.75502716756642,164.5979666359995,164.0823754116004,164.39542357202504,44543392,167.43675246679157,171.43313014880445,3.342077262008475,0.005709136515596791,-0.05871895415881878,163.46219558230646,165.96314431847352,170.8022474998951,174.65073189178278
2023-09-14 08:36:44.631850,164.446501463384,165.1855416641451,163.5415893371949,164.27956389344968,21882324,166.27234400965452,170.92075182182842,2.663238834156152,-0.0007047621889827438,-0.047270423941044526,164.39542357202504,166.17398930059255,168.82984390083945,172.4304230934088
2023-09-15 08:36:44.631850,163.16954682757537,163.61507122515388,162.71000509826345,163.5437621439696,20123110,165.23541753023662,170.5744499602317,1.9129237755929875,-0.004478960937328247,-0.04249642766515682,164.27956389344968,163.46219558230646,165.96314431847352,170.8022474998951
2023-09-18 08:36:44.631850,160.7734282482622,163.34696158945425,160.56897712591032,160.62429775910397,10474089,164.06319665284582,170.10550062192945,1.8564965364761634,-0.01785127324083191,-0.04860246240916344,163.5437621439696,164.39542357202504,166.17398930059255,168.82984390083945
2023-09-19 08:36:44.631850,160.0180132841802,159.80850457029018,154.86766332078744,158.81961524962924,66848322,163.0426925001538,169.66273428071005,2.4924827000434404,-0.011235426611366783,-0.043042864114072654,160.62429775910397,164.27956389344968,163.46219558230646,165.96314431847352
2023-09-20 08:36:44.631850,161.7550005438286,161.58051699329133,160.20514465037888,161.26668001117596,30538203,162.34164831595143,169.4629981182101,2.1285276652824816,0.015407824516515012,-0.029531151716769233,158.81961524962924,163.5437621439696,164.39542357202504,166.17398930059255
2023-09-21 08:36:44.631850,163.34502460472257,164.14039746293633,162.19178019922114,162.9306850513537,18887701,162.26571824010102,169.38915285741876,2.0910428257938967,0.010318343752487635,-0.003251580764955242,161.26668001117596,160.62429775910397,164.27956389344968,163.46219558230646
2023-09-22 08:36:44.631850,159.4502849130686,161.90340729358084,158.22444153595313,159.79408934265766,46923465,161.60838477876283,169.32817852789307,2.0323817819623584,-0.01925110489597104,-0.027989430176269092,162.9306850513537,158.81961524962924,163.5437621439696,164.39542357202504
2023-09-25 08:36:44.631850,158.97105314258906,161.13928808149453,160.0650130515418,160.15948187522784,14851593,161.0198016333026,169.0959800955481,1.699145136689373,0.0022866461085844225,-0.025079699023879076,159.79408934265766,161.26668001117596,160.62429775910397,164.27956389344968
2023-09-26 08:36:44.631850,162.44486553855648,162.6745923195278,161.8876862868425,162.61436516712928,29600772,160.8870306366111,168.84571023341326,1.4928398225238186,0.015327742467435845,-0.005682864113289443,160.15948187522784,162.9306850513537,158.81961524962924,163.5437621439696
2023-09-27 08:36:44.631850,158.18236158532352,157.90877192277046,156.6951608751169,157.23376387675532,22157474,160.40266865341843,168.41528998723007,2.041507129250644,-0.03308810562242748,-0.021108474431642987,162.61436516712928,159.79408934265766,161.26668001117596,160.62429775910397
2023-09-28 08:36:44.631850,157.77560614271314,160.09050289157483,158.71860565879373,158.98962536969225,33242461,160.42695581342744,167.8738255771635,2.020437755047701,0.011167203847598728,0.0010704604704889764,157.23376387675532,160.15948187522784,162.9306850513537,158.81961524962924
2023-09-29 08:36:44.631850,156.10243865258477,159.13725463580903,155.41949693458818,156.930316193386,23399219,159.80747526802887,167.25292684310992,2.3568365525779007,-0.012952475178916956,-0.026889397223837208,158.98962536969225,162.61436516712928,159.79408934265766,161.26668001117596
2023-10-02 08:36:44.631850,158.86851643431078,158.90022516602625,158.44024670307394,158.768279877881,11693410,159.21284595753278,166.7923411325272,1.9226054718943018,0.011711973371863138,-0.025547091833320046,156.930316193386,157.23376387675532,160.15948187522784,162.9306850513537
2023-10-03 08:36:44.631850,155.62232144285994,158.74555004728703,155.43795249226736,156.3922834941384,25085189,158.7268736934586,166.07558324040662,2.1657568442448936,-0.014965183130850379,-0.021288683846274914,158.768279877881,158.98962536969225,162.61436516712928,159.79408934265766
2023-10-04 08:36:44.631850,150.19627037133068,151.93992585047457,150.55710300978964,150.79380851597423,40809769,157.38892035642237,165.10651762338574,3.5705587619098007,-0.035797642013290276,-0.058477170690087066,156.3922834941384,156.930316193386,157.23376387675532,160.15948187522784
2023-10-05 08:36:44.631850,145.62150026990773,146.05088501370952,145.07465171918136,145.93058020393352,23804657,155.00552250453725,164.0979224618704,4.842821621935497,-0.032250848757663264,-0.10259723946312349,150.79380851597423,158.768279877881,158.98962536969225,162.61436516712928
2023-10-06 08:36:44.631850,145.1170167701466,148.24439767172964,145.7870875333391,146.11470066130212,35589370,153.41708490232966,163.1160597471308,5.732033421829991,0.001261698933227695,-0.07071676554260098,145.93058020393352,156.3922834941384,156.930316193386,157.23376387675532
2023-10-09 08:36:44.631850,146.2019427514202,147.37180289280167,145.86763359713186,146.91752058338128,14320967,151.69249850428523,162.26169052827098,5.590303871576483,0.00549445003442961,-0.07593014171987755,146.11470066130212,150.79380851597423,158.768279877881,158.98962536969225
2023-10-10 08:36:44.631850,144.8119354177144,145.38979147532032,141.3462413169034,144.30439671190288,23839861,149.8887957212162,161.47755846353445,5.655158295782936,-0.017786332502088165,-0.08045557918792534,146.91752058338128,145.93058020393352,156.3922834941384,156.930316193386
2023-10-11 08:36:44.631850,145.23509535902474,146.65732554237832,144.49626327677103,146.19072202108924,17676467,148.09200174167452,160.65099972043467,4.165655652092707,0.01307184917554749,-0.07921958886539548,144.30439671190288,146.11470066130212,150.79380851597423,158.768279877881
2023-10-12 08:36:44.631850,140.24709421547303,143.27168619054865,140.90121735999065,141.3766028865831,35092234,145.94690451202376,159.4446028994339,2.831605310625363,-0.03293040124537905,-0.09601292513973747,146.19072202108924,146.91752058338128,145.93058020393352,156.3922834941384
2023-10-13 08:36:44.631850,140.78727413351308,143.8805199470041,140.6312444392901,141.23217311840534,24538301,144.58095659808535,158.39717710558153,2.3728832523706647,-0.0010215959729462654,-0.0634086736827526,141.3766028865831,144.30439671190288,146.11470066130212,150.79380851597423
2023-10-16 08:36:44.631850,138.35836821293813,138.0124216618154,136.2034027553662,137.85385377885999,34107806,143.42713853736058,157.17061450181743,3.36394622476034,-0.023920323995249015,-0.05534635998696469,141.23217311840534,146.19072202108924,146.91752058338128,145.93058020393352
2023-10-17 08:36:44.631850,135.96404417720169,136.3159851533845,134.23122642451796,136.09804754513885,41610171,141.9961880921944,155.9595353168751,4.083626974170816,-0.012736722156043045,-0.06855335617038383,137.85385377885999,141.3766028865831,144.30439671190288,146.11470066130212
2023-10-18 08:36:44.631850,135.95135686563708,137.1827152775667,135.30115397659935,136.26789429185035,34134162,140.47481290768997,154.80839020994026,3.925298604249238,0.0012479734263282083,-0.07248710874811459,136.09804754513885,141.23217311840534,146.19072202108924,146.91752058338128
2023-10-19 08:36:44.631850,133.99355268431532,134.24944670058034,133.57728939582225,133.96384030998172,27689372,138.99759056455838,153.646190090245,4.181298958705286,-0.01690826730567918,-0.07165794416205906,136.26789429185035,137.85385377885999,141.3766028865831,144.30439671190288
2023-10-20 08:36:44.631850,131.81303284064478,133.9736201453152,131.93151266590175,132.97369871172427,14663821,137.10944437750624,152.5465419033534,3.278465764916512,-0.007391110884596541,-0.09040945366873765,133.96384030998172,136.09804754513885,141.23217311840534,146.19072202108924
2023-10-23 08:36:44.631850,136.0254329148862,136.12272400624298,133.3356683818137,135.6898003579029,24121326,136.2970440162662,151.5304022719304,2.698049097730583,0.020425856184288715,-0.04022449551459617,132.97369871172427,136.26789429185035,137.85385377885999,141.3766028865831
2023-10-24 08:36:44.631850,134.42215813670217,135.23292806265107,133.01545267649627,134.1649404459364,18503210,135.28743934877065,150.55382710071805,1.6699335760254963,-0.011237837390463024,-0.0500398210721007,135.6898003579029,133.96384030998172,136.09804754513885,141.23217311840534
2023-10-25 08:36:44.631850,136.16835577901983,137.9157875104124,135.68957132074928,136.44760157699736,20337316,135.08654617707597,149.62223303421712,1.3668123373884098,0.017013842241302868,-0.010201036556573007,134.1649404459364,132.97369871172427,136.26789429185035,137.85385377885999
2023-10-26 08:36:44.631850,134.07659995746323,133.4340509784598,133.13295358650137,133.40562004140796,20029824,134.701913676543,148.5931015724824,1.4127891047227303,-0.02229413709315231,-0.019782998744621305,136.44760157699736,135.6898003579029,133.96384030998172,136.09804754513885
2023-10-27 08:36:44.631850,134.09895260886418,137.4231497316979,133.23800936455777,134.85921882452672,14798512,134.5006743240682,147.63695012850096,1.2426320861859277,0.010896083558305625,-0.010337544838746937,133.40562004140796,134.1649404459364,132.97369871172427,136.26789429185035
2023-10-30 08:36:44.631850,139.57055328894307,138.87204279252776,138.23869618706203,138.78785295145158,9077693,135.1898189871353,146.90906863491256,2.0013359816085052,0.029131372413158108,0.0360098115305405,134.85921882452672,136.44760157699736,135.6898003579029,133.96384030998172
2023-10-31 08:36:44.631850,132.07074636056268,132.9036805809698,131.54986536453998,131.9688046386984,17295008,135.04626269098875,146.01404161454818,2.2117700209821094,-0.04913289000254584,-0.00755708897895957,138.78785295145158,133.40562004140796,134.1649404459364,132.97369871172427
2023-11-01 08:36:44.631850,129.6864895236592,131.8714810232003,129.47268638981615,129.90508899435622,26607128,134.21987535333923,144.96865524732087,2.903695168278731,-0.015637905109409656,-0.04263188057089484,131.9688046386984,134.85921882452672,136.44760157699736,135.6898003579029
2023-11-02 08:36:44.631850,131.4302913554956,133.81345988509096,131.32060182354058,131.44335264180555,12309864,133.83107709560625,143.9190775003359,3.0885969227901007,0.011841442543610858,-0.02028538748710995,129.90508899435622,138.78785295145158,133.40562004140796,134.1649404459364
2023-11-03 08:36:44.631850,130.87877524951776,133.02341659815457,130.25585118060488,130.94900632199926,24345099,133.04556348774938,142.95757473298062,3.0104677348178783,-0.0037609077208599073,-0.04029821844757919,131.44335264180555,131.9688046386984,134.85921882452672,136.44760157699736
2023-11-06 08:36:44.631850,132.76545926537767,132.31281585956185,129.96181490437996,131.96031469026553,62466077,132.83909129472903,142.0176024934819,3.031149527804348,0.00772291746742626,-0.010833916522360987,130.94900632199926,129.90508899435622,138.78785295145158,133.40562004140796
2023-11-07 08:36:44.631850,129.7038349338347,131.06926852660945,129.98648488146685,130.40586127852706,40286552,132.20289735958622,140.94398569719516,3.003711558854214,-0.01177970373431636,-0.03302227007405545,131.96031469026553,131.44335264180555,131.9688046386984,134.85921882452672
2023-11-08 08:36:44.631850,130.17262428441794,132.7369741990588,128.37763392935582,130.67081935317717,54941017,131.0433211312613,140.05855421307587,0.7860240071165795,0.0020317957494579986,-0.058485187468919064,130.40586127852706,130.94900632199926,129.90508899435622,138.78785295145158
2023-11-09 08:36:44.631850,130.9783389265181,131.4694344672631,130.27919325246057,130.30317116091672,29372338,130.80537349157822,139.10233907278337,0.7073390441212739,-0.0028135447078415643,-0.012621418238513371,130.67081935317717,131.96031469026553,131.44335264180555,131.9688046386984
2023-11-10 08:36:44.631850,132.9883973769758,134.02990999677507,133.0851063886183,133.3855762294471,43303971,131.30258595373405,138.31751440731875,1.0892171121907372,0.02365564123319608,0.02679253955356664,130.30317116091672,130.40586127852706,130.94900632199926,129.90508899435622
2023-11-13 08:36:44.631850,134.70814016786514,134.30116907880839,133.17534222413866,134.10431331808624,16818964,131.68272319320272,137.4953821886589,1.5240677053424314,0.005388416866024315,0.020244163153172456,133.3855762294471,130.67081935317717,131.96031469026553,131.44335264180555
2023-11-14 08:36:44.631850,136.1975684276214,137.22732842213023,133.33579293433652,135.05002407552075,17502072,132.26858287227722,136.78397354137167,1.9293542988444947,0.007052053241504153,0.03131766989844298,134.10431331808624,130.30317116091672,130.40586127852706,130.94900632199926
2023-11-15 08:36:44.631850,133.70890060939647,135.1796271084531,131.69706310238433,133.97805919892357,6140580,132.55683208779982,136.22344856413665,2.024027125575607,-0.007937539322449338,0.015290540291556853,135.05002407552075,133.3855762294471,130.67081935317717,131.96031469026553
2023-11-16 08:36:44.631850,133.16380560732685,133.0680534448601,132.44316795688025,132.7116819055923,43709356,132.8862350345234,135.7828186208586,1.7896868331707938,-0.009452124481449942,0.01768187874730831,133.97805919892357,134.10431331808624,130.30317116091672,130.40586127852706
2023-11-17 08:36:44.631850,130.8442358707242,132.77622405238156,129.45580600139957,131.60338491761243,52177503,133.01945868658558,135.29910809606892,1.6243599640048543,-0.008351163756392332,0.007136754548961122,132.7116819055923,135.05002407552075,133.3855762294471,130.67081935317717
2023-11-20 08:36:44.631850,133.18178486137157,135.5361428193965,131.70849450211432,132.68109067558748,18318304,133.35916147439568,134.8245604324758,1.1372306169235986,0.008189042847565942,0.018249130036399386,131.60338491761243,133.97805919892357,134.10431331808624,130.30317116091672
2023-11-21 08:36:44.631850,131.73498613468314,132.55019421970115,129.21112352664406,131.6037614013356,21274593,133.1046164989512,134.40120592212355,1.3157343020761076,-0.008119689616405301,-0.01335837710852994,132.68109067558748,132.7116819055923,135.05002407552075,133.3855762294471
2023-11-22 08:36:44.631850,132.7191171721215,132.68550075445472,131.37959974286105,132.40595175229802,16569412,132.8619934181243,133.94171357983052,1.2558939382326308,0.006095497137928341,-0.012664481281521645,131.6037614013356,131.60338491761243,133.97805919892357,134.10431331808624
2023-11-23 08:36:44.631850,137.4963257338374,139.3033129539925,137.1787096551111,137.9415818980663,29248146,133.2750731070594,133.8272128802133,2.209219872357401,0.04180801597290884,0.021411013010472102,132.40595175229802,132.68109067558748,132.7116819055923,135.05002407552075
2023-11-24 08:36:44.631850,139.22028440047515,140.57051750004157,140.05771260773292,140.38625076507273,42391832,134.1905290450807,133.79901546843556,3.4998132303446923,0.0177224940686338,0.047830156702259874,137.9415818980663,131.6037614013356,131.60338491761243,133.97805919892357
2023-11-27 08:36:44.631850,139.8640331952491,139.62020056726064,139.1662525267281,139.51298221345766,10105738,135.16214337477575,133.8543197495888,3.937542251872415,-0.006220470643356846,0.051248693485051566,140.38625076507273,132.40595175229802,132.68109067558748,132.7116819055923
2023-11-28 08:36:44.631850,141.4321658667837,143.22786873125077,141.1908966464966,142.90653483927002,29642487,136.7768790778697,134.08126932605984,4.510814257142755,0.02432427844327889,0.08588798782594909,139.51298221345766,137.9415818980663,131.6037614013356,131.60338491761243
2023-11-29 08:36:44.631850,141.55809940778042,142.70466768997923,141.58406751128433,141.78307404948674,21034281,138.07716241699816,134.2651086513144,4.444772579448782,-0.007861507460431127,0.06860045638420398,142.90653483927002,140.38625076507273,132.40595175229802,132.68109067558748
2023-11-30 08:36:44.631850,136.6863987112318,136.27562596861787,133.37005458874697,136.04617773383762,25564039,138.7117933216413,134.33451989877625,3.604088027871287,-0.04046249070355723,0.03375599819639308,141.78307404948674,139.51298221345766,137.9415818980663,131.6037614013356
2023-12-01 08:36:44.631850,133.47200792022974,133.9333674291882,131.8543639480434,133.34406579863543,30386135,138.8458096139752,134.34686546833998,3.338159207636522,-0.01986172621834803,0.007085135025443723,136.04617773383762,142.90653483927002,140.38625076507273,132.40595175229802
2023-12-04 08:36:44.631850,129.64567518615888,129.7949056832377,128.15627255088287,128.39488899811846,21985611,137.48199634255408,134.10370175634714,5.200064885088243,-0.037115838420517244,-0.06920823125692788,133.34406579863543,141.78307404948674,139.51298221345766,137.9415818980663
2023-12-05 08:36:44.631850,128.184421499522,129.33012951091803,127.13541272031253,127.53075676952139,22935731,135.64549720033247,133.88256230046665,6.18098455545017,-0.006730269680826129,-0.09157231513408082,128.39488899811846,136.04617773383762,142.90653483927002,140.38625076507273
2023-12-06 08:36:44.631850,127.19875472864472,127.74180841845364,127.5437782305739,127.61599419328248,21705199,133.94592748316458,133.58817538767616,6.564083308647209,0.0006683675837910741,-0.08527513233121597,127.53075676952139,133.34406579863543,141.78307404948674,139.51298221345766
2023-12-07 08:36:44.631850,131.9511009698076,131.9579521664523,130.32485753048545,131.93308327771493,39238073,132.37829154579958,133.53909082888637,5.245312489538701,0.03382874624550558,-0.07678761208434004,127.61599419328248,128.39488899811846,136.04617773383762,142.90653483927002
2023-12-08 08:36:44.631850,132.8038514205519,133.77607278370942,130.24356164505548,132.83531393127006,29780964,131.10004010034007,133.47162733244448,3.301546781229815,0.00683854747528323,-0.06310880320660583,131.93308327771493,127.53075676952139,133.34406579863543,141.78307404948674
2023-12-11 08:36:44.631850,131.24652359896686,132.60160757516104,132.10312187296074,132.2930787749128,26971512,130.56388310620792,133.2551348598932,2.5931988105080865,-0.004082010576177186,-0.027586948942199818,132.83531393127006,127.61599419328248,128.39488899811846,136.04617773383762
2023-12-12 08:36:44.631850,133.8947126130317,135.80948764496748,132.08158143417614,134.52725905630248,12794476,130.7329107144461,133.34041667381334,2.832167050658392,0.016888111623669877,0.008873235194836626,132.2930787749128,131.93308327771493,127.53075676952139,133.34406579863543
2023-12-13 08:36:44.631850,128.2578367683453,128.98775245675702,127.6413275455068,128.61845778355055,19989348,130.76484911236497,133.29752896678647,2.802512159924021,-0.0439227061801577,0.0017412592290599882,134.52725905630248,132.83531393127006,127.61599419328248,128.39488899811846
2023-12-14 08:36:44.631850,127.94708975534583,130.0547866683152,129.1410306510551,129.26313094279115,37857307,131.0123311371178,133.22485491015266,2.5328350107435473,0.0050122911621712785,0.013583971562252772,128.61845778355055,132.2930787749128,131.93308327771493,127.53075676952139
2023-12-15 08:36:44.631850,131.3259770788114,131.76943417826928,130.74387278327498,131.294798852007,24614549,131.53787465979272,133.2363813278196,2.0454351845105787,0.015717303877739397,0.02882714413643761,129.26313094279115,134.52725905630248,132.83531393127006,127.61599419328248
2023-12-18 08:36:44.631850,127.29285062443864,128.90927066626452,126.35054118968024,127.45157361716244,33590899,130.8976589939995,133.08608995871614,2.5421567035503854,-0.02927172491559682,-0.03396805069066,131.294798852007,128.61845778355055,132.2930787749128,131.93308327771493
2023-12-19 08:36:44.631850,129.3145032029468,130.5468417239275,128.73678439032284,130.4052741420019,58425085,130.5505104526755,133.08607038749864,2.395124062575952,0.023175080864138664,-0.018293627781280297,127.45157361716244,129.26313094279115,134.52725905630248,132.83531393127006
2023-12-20 08:36:44.631850,131.59265084031088,131.37087008681507,129.95916191438624,131.32723006055232,40600991,130.4125320649097,133.10795074441114,2.3040977407633516,0.0070699281498882716,-0.0073008257371030005,130.4052741420019,131.294798852007,128.61845778355055,132.2930787749128
2023-12-21 08:36:44.631850,130.74216067437945,130.54698201866108,129.51563866547022,130.27585600136615,25306685,129.80518877134736,133.1070402390928,1.4352026217547218,-0.008005758278015973,-0.031602539773422644,131.32723006055232,127.45157361716244,129.26313094279115,134.52725905630248
2023-12-22 08:36:44.631850,132.11346425054978,132.13328555164358,131.79274704070374,131.96366274354935,18708816,130.28307519420432,133.0596431228962,1.5281192586622845,0.01295563732212579,0.02600874724861324,130.27585600136615,130.4052741420019,131.294798852007,128.61845778355055
2023-12-25 08:36:44.631850,137.77262983854214,140.5931115236078,137.196049574438,137.99623077200215,6737673,131.53066088409162,133.1893737046934,3.2033337615731408,0.045713857156088,0.06756063980127536,131.96366274354935,131.32723006055232,127.45157361716244,129.26313094279115
2023-12-26 08:36:44.631850,138.94925749272844,139.29976790536975,137.5602408938898,138.53956679528758,22204544,132.56562773313172,133.3056917953523,4.146064793908761,0.003937325101169842,0.05517939786363324,137.99623077200215,130.27585600136615,130.4052741420019,131.294798852007
2023-12-27 08:36:44.631850,139.7425638088341,139.39820018415912,138.077373193271,139.2688961152406,20521706,134.2538166614286,133.4820530258962,4.12248921870196,0.005264411726006779,0.09272009880062293,138.53956679528758,131.96366274354935,131.32723006055232,127.45157361716244
2023-12-28 08:36:44.631850,138.24333946817688,138.25183474522254,135.75438508307573,138.0311830761257,29361154,135.34323222344625,133.65936973158065,3.9395206516690817,-0.008887217990804941,0.05847853151874616,139.2688961152406,137.99623077200215,130.27585600136615,130.4052741420019
2023-12-29 08:36:44.631850,135.16688331621472,137.121319373576,134.27338980052113,135.72649195609236,22365885,135.9716982085234,133.79680663286334,3.5207188181550784,-0.016696887389295756,0.033498474714738435,138.0311830761257,138.53956679528758,131.96366274354935,131.32723006055232
2024-01-01 08:36:44.631850,138.21206507613846,139.7681261673684,137.01417530689227,138.02118125418014,20579530,137.0781732446397,133.97480965214973,2.5020164949438186,0.01690671633088492,0.059453267017740785,135.72649195609236,139.2688961152406,137.99623077200215,130.27585600136615
2024-01-02 08:36:44.631850,136.51056382639248,136.87482795339574,135.20899233802814,135.6994335904656,9922351,137.61185479419916,134.11133205845408,1.3729234404287267,-0.016821676518177342,0.0283090872839451,138.02118125418014,138.0311830761257,138.53956679528758,131.96366274354935
2024-01-03 08:36:44.631850,135.52886139153378,137.2521989483406,134.1765495232459,135.93437337764016,15097143,137.31730373786172,134.22894611263214,1.4926703909847268,0.0017313247443877522,-0.01494140370955932,135.6994335904656,135.72649195609236,139.2688961152406,137.99623077200215
2024-01-04 08:36:44.631850,136.08926856178473,135.2518830138605,133.9056768381279,134.67655237534984,30655588,136.7654445350135,134.12011179520826,1.6691410014045487,-0.00925314893530238,-0.027883834988786327,135.93437337764016,138.02118125418014,138.0311830761257,138.53956679528758
2024-01-05 08:36:44.631850,135.64965467159544,136.88601741170038,135.3942497278124,136.00710237283985,56965353,136.2994740003848,133.97414018213382,1.258577460323986,0.009879596514927869,-0.02342083432399522,134.67655237534984,135.6994335904656,135.72649195609236,139.2688961152406
2024-01-08 08:36:44.631850,136.97770442144144,139.38689896301108,134.39469626907908,136.9555128257857,23005348,136.1458068217648,133.88889120254478,1.0622600706942904,0.006973242105738908,-0.0077929510301072424,136.00710237283985,135.93437337764016,138.02118125418014,138.0311830761257
2024-01-09 08:36:44.631850,139.36833877709324,141.5077000505838,138.21391426621034,139.83853578249497,28457022,136.73324165410804,133.78662456731894,1.7231387636054127,0.02105079888515804,0.03029654540642568,136.9555128257857,134.67655237534984,135.6994335904656,135.72649195609236
2024-01-10 08:36:44.631850,138.60865221469587,139.7266949466063,138.06207103597836,138.45408841441156,38889664,136.7950855341411,133.67565837948308,1.7837692158445377,-0.009900327977094836,0.0031365269902607906,139.83853578249497,136.00710237283985,135.93437337764016,138.02118125418014
2024-01-11 08:36:44.631850,136.5483783315315,139.12660419999077,137.33388963403027,137.74831887789705,16103593,137.0877834323456,133.73239641761842,1.741622418945525,-0.005097498705867398,0.015098701838468287,138.45408841441156,136.9555128257857,134.67655237534984,135.6994335904656
2024-01-12 08:36:44.631850,134.7243496238018,135.99914442622625,133.45926136442984,135.0931822450065,29017423,136.96761327054077,133.7907002991641,1.859501948047915,-0.01927527431564613,-0.006188215031504574,137.74831887789705,139.83853578249497,136.00710237283985,135.93437337764016
2024-01-15 08:36:44.631850,133.20193346325516,135.79826498655763,133.41231838145745,133.93329039260618,16680566,136.8614329872917,133.97531367898037,2.025903934173271,-0.00858586520152227,-0.0055188670160798425,135.0931822450065,138.45408841441156,136.9555128257857,134.67655237534984
2024-01-16 08:36:44.631850,135.0754749570213,135.32165542783105,134.64468284071265,134.98413230972895,37222062,136.71529440684728,134.22375953032062,2.1319240975122513,0.007846009860897007,-0.007521445904395518,133.93329039260618,137.74831887789705,139.83853578249497,136.00710237283985
2024-01-17 08:36:44.631850,137.74979242125966,137.4639639056609,136.80197526886786,137.06825658114616,26054512,136.73140065761305,134.5388349432494,2.1344657283815756,0.015439772332906943,0.0008232144368214289,134.98413230972895,135.0931822450065,138.45408841441156,136.9555128257857
2024-01-18 08:36:44.631850,135.0160872303533,134.93172992940598,133.56423052274542,134.5813851928282,28042335,135.98037914480352,134.62711167375318,1.7490811063448424,-0.018143306483552557,-0.03759443389656014,137.06825658114616,133.93329039260618,137.74831887789705,139.83853578249497
2024-01-19 08:36:44.631850,135.3382740263438,137.14636749024677,135.52608038782185,136.96241499438014,16333041,135.7672829419419,134.76468170919017,1.46532108068654,0.017692118402113266,-0.01077377661515233,134.5813851928282,134.98413230972895,135.0931822450065,138.45408841441156
2024-01-22 08:36:44.631850,142.1537013056016,141.85787694866204,138.3874943102915,140.71693241887317,34398247,136.19137059065275,135.04547683065553,2.3165552531521763,0.027412757176098923,0.02155099652147152,136.96241499438014,137.06825658114616,133.93329039260618,137.74831887789705
2024-01-23 08:36:44.631850,142.13222794761876,143.04883388876985,141.23640984357053,141.92269332532948,68500832,137.1670150306989,135.29199130628976,3.0870006364916054,0.008568698064473912,0.0505540765775796,140.71693241887317,134.5813851928282,134.98413230972895,135.0931822450065
2024-01-24 08:36:44.631850,146.72060608830844,149.86792436939288,146.3907927007278,147.29246846412588,14592877,139.07546904091598,135.9144583289756,4.541473564308666,0.03783591625116123,0.09974501509191014,141.92269332532948,136.96241499438014,137.06825658114616,133.93329039260618
2024-01-25 08:36:44.631850,145.1711524523527,146.9492290820238,144.34465774509505,145.05718978052823,20381139,140.51447725103017,136.44092695690017,4.624150862035784,-0.015175783982071422,0.07462401171484423,147.29246846412588,140.71693241887317,134.5813851928282,134.98413230972895
2024-01-26 08:36:44.631850,141.61442996750532,143.84204100125532,140.9832096688234,141.48978466727297,27120588,141.14612412047686,136.78075981740903,4.369946041735255,-0.024593094066228338,0.03225785602306264,145.05718978052823,141.92269332532948,136.96241499438014,137.06825658114616
2024-01-29 08:36:44.631850,136.0436963987396,137.90823005349205,136.30854117323554,136.49881670265748,35790859,141.42004290759533,137.08233458692555,3.927573869028295,-0.03527440497808543,0.014247375348990232,141.48978466727297,147.29246846412588,140.71693241887317,134.5813851928282
2024-01-30 08:36:44.631850,140.7630910124921,142.2083489771982,139.5838025682569,140.62393191272858,18260062,141.94311675307367,137.42295651261645,3.4497130641245572,0.030220886229783694,0.026733735079793153,136.49881670265748,145.05718978052823,141.92269332532948,136.96241499438014
2024-01-31 08:36:44.631850,142.07366474874118,144.06120669125684,139.78555182683897,142.50650852240562,5858972,142.19877048214974,137.79559912801153,3.4097774074155223,0.01338731312708119,0.01271756051507289,140.62393191272858,141.48978466727297,147.29246846412588,140.71693241887317
2024-02-01 08:36:44.631850,142.10294971458225,142.97579883022183,140.51369521379513,142.39083692738603,47659605,142.2656481395864,138.19943182554556,3.40805062521441,-0.0008116934182090807,0.003298581721412397,142.50650852240562,136.49881670265748,145.05718978052823,141.92269332532948
2024-02-02 08:36:44.631850,142.73937178693444,144.8145637528353,143.12675258342722,143.23085351876605,35330354,141.68541743310644,138.5750048513861,2.6769036691591355,0.005899372526396496,-0.027575170595698584,142.39083692738603,140.62393191272858,141.48978466727297,147.29246846412588
2024-02-05 08:36:44.631850,139.04650151780044,140.3507239549652,139.47343260920437,140.0497276374103,10104851,140.9700656983753,138.64345474689972,2.262720160116059,-0.022209780945967372,-0.034520606325644465,143.23085351876605,142.50650852240562,136.49881670265748,145.05718978052823
2024-02-06 08:36:44.631850,147.0494282455694,147.39491312997197,146.81115782675855,146.9422805279814,17826837,141.74899367847652,138.92354520465614,3.2111668625546677,0.04921503959233653,0.03853632171064869,140.0497276374103,142.39083692738603,140.62393191272858,141.48978466727297
2024-02-07 08:36:44.631850,147.79739086319654,148.51507982480257,147.3107579121924,147.36612431557901,52909380,143.30146619460814,139.1934528113341,2.8573343532757227,0.0028844236395044742,0.07961466535343198,146.9422805279814,143.23085351876605,142.50650852240562,136.49881670265748
2024-02-08 08:36:44.631850,148.11308175395502,149.6685111122201,145.17520449529977,147.73275589089812,49818562,144.3170124772038,139.51683857182653,3.0064917654857957,0.0024878958920977468,0.05055202113521684,147.36612431557901,140.0497276374103,142.39083692738603,140.62393191272858
2024-02-09 08:36:44.631850,150.53608776586466,152.0138954142016,147.68023248409642,149.92146578730913,38621513,145.37629208647573,139.99000436620042,3.523999047391011,0.014815332477973842,0.052032411303780446,147.73275589089812,146.9422805279814,143.23085351876605,142.50650852240562
2024-02-12 08:36:44.631850,151.6542540797761,152.2598857904878,151.34614380008705,151.40871440862924,22118917,146.66456029808188,140.43625547134872,3.880960950304051,0.00992018463473432,0.06333186654308376,149.92146578730913,147.36612431557901,140.0497276374103,142.39083692738603
2024-02-13 08:36:44.631850,151.7268736333104,152.45039049244224,151.4581484385834,152.13209686880649,25178316,147.9361664909448,140.98401091396008,4.02400888676344,0.0047776804855825805,0.062146130748806705,151.40871440862924,147.73275589089812,146.9422805279814,143.23085351876605
2024-02-14 08:36:44.631850,150.40139899403556,152.29393501630963,148.34744488272406,149.77260576930465,22624345,149.32514908121544,141.44528532701557,2.0341897692752156,-0.015509489108906371,0.06942447012154807,152.13209686880649,149.92146578730913,147.36612431557901,140.0497276374103
2024-02-15 08:36:44.631850,150.20331291911918,152.44851411599652,149.6854965124554,151.22979843875606,42461990,149.93765163989752,141.99706019579577,1.8326246682006702,0.00972936714271988,0.02917824533122171,149.77260576930465,151.40871440862924,147.73275589089812,146.9422805279814
2024-02-16 08:36:44.631850,156.26065026730953,158.48203487055363,156.22433393317252,156.9675310834621,15589042,151.30928117816651,142.6957411528165,2.880623720844516,0.03794048992950061,0.06515341848389822,151.22979843875606,152.13209686880649,149.92146578730913,147.36612431557901
2024-02-19 08:36:44.631850,160.46103637812533,163.84330595686694,160.80682647777144,161.23836660109,16144664,153.23865413676535,143.50516961199335,4.272505163604874,0.027208400923099507,0.09141920238843904,156.9675310834621,149.77260576930465,151.40871440862924,147.73275589089812
2024-02-20 08:36:44.631850,167.32313267572434,168.47865193202725,165.01516116472055,166.42439429847107,40029902,155.59621535264566,144.3913648958592,6.238043805260138,0.032163732532787925,0.11007715555939357,161.23836660109,151.22979843875606,152.13209686880649,149.92146578730913
2024-02-21 08:36:44.631850,165.54947569453236,165.74896606206792,161.26765538730288,164.77274643064175,23625076,157.50536278436172,145.2686534964002,6.765584406331245,-0.009924313528623774,0.08826461590542944,166.42439429847107,156.9675310834621,149.77260576930465,151.40871440862924
2024-02-22 08:36:44.631850,161.95462773097114,161.60364157203554,161.40088244950613,161.56098017227077,48121214,158.85234611342804,146.0624088728793,6.448698723147123,-0.01949209640517169,0.061978264268554906,164.77274643064175,161.23836660109,151.22979843875606,152.13209686880649
2024-02-23 08:36:44.631850,162.0669948722577,161.65463150634864,160.2312383025774,161.20300330423945,17265897,160.48526004699016,146.93273624152042,5.06513146329184,-0.0022157384019929616,0.07631834590993947,161.56098017227077,166.42439429847107,156.9675310834621,149.77260576930465
2024-02-26 08:36:44.631850,160.72130706693116,162.7379759275977,160.7332181591509,161.4310246696268,23502346,161.94257807997172,147.84932738408776,3.0082611433000355,0.0014144982457739985,0.06745513342069254,161.20300330423945,164.77274643064175,161.23836660109,151.22979843875606
2024-02-27 08:36:44.631850,165.29979534605553,165.71193552456413,164.23655296197322,165.01218313725929,15230240,163.091814087657,148.85026241167213,2.225757901571692,0.022183830369419066,0.05125042101553934,161.4310246696268,161.56098017227077,166.42439429847107,156.9675310834621
2024-02-28 08:36:44.631850,159.3763294495343,160.23180182939757,158.3476466529105,159.47614112356376,24244039,162.84006759086756,149.59719189641936,2.5468339405932525,-0.03354929259429629,-0.010929318590072623,165.01218313725929,161.20300330423945,164.77274643064175,161.23836660109
2024-02-29 08:36:44.631850,165.09866737642878,164.4262795154046,163.23168784117283,164.40251961793868,11533040,162.5512283507915,150.59122971058972,2.1574692106552384,0.030891006389212272,-0.012148908151687787,159.47614112356376,161.4310246696268,161.56098017227077,166.42439429847107
2024-03-01 08:36:44.631850,163.8378575722093,164.82783878653007,163.7508861542249,163.93230244090563,18928575,162.43116492368634,151.49022595880723,2.03303372849287,-0.002860157971579791,-0.005100624999838099,164.40251961793868,165.01218313725929,161.20300330423945,164.77274643064175
2024-03-04 08:36:44.631850,162.26896648625893,162.5923316459918,161.124112316854,162.58189019833955,11779520,162.57700921312474,152.21905788478946,1.996495244030895,-0.008237621398948347,0.006319038328315374,163.93230244090563,159.47614112356376,161.4310246696268,161.56098017227077
2024-03-05 08:36:44.631850,159.7706088358485,160.03500374604565,157.99805389299215,159.3396679172429,34173519,162.3108184435538,152.79962370451992,2.3098500421876413,-0.01994208750520332,-0.011558937171163297,162.58189019833955,164.40251961793868,165.01218313725929,161.20300330423945
2024-03-06 08:36:44.631850,154.78893229370522,154.2827073826937,153.54478438089333,154.11378356670357,34563012,161.26549828599335,153.0270008746058,3.889749935608785,-0.032797133437315384,-0.045327353387604186,159.3396679172429,163.93230244090563,159.47614112356376,161.4310246696268
2024-03-07 08:36:44.631850,156.17361707438752,156.8357186987959,152.14208558351515,156.69725636607726,10169144,160.0776516043959,153.41500309412413,3.823943341210165,0.016763411679238338,-0.05038977494325714,154.11378356670357,162.58189019833955,164.40251961793868,165.01218313725929
2024-03-08 08:36:44.631850,156.92610355460394,157.55486129116116,156.38566670380325,156.97404002900228,47060420,159.72020859088713,153.9311449395151,4.002321981419808,0.0017663593437680092,-0.015689501118683502,156.69725636607726,159.3396679172429,163.93230244090563,159.47614112356376
2024-03-11 08:36:44.631850,152.16176943322043,153.36720852827077,151.38265052178804,152.971324762775,84200175,158.08718075443517,154.480228541519,4.104213778274262,-0.025499217994821022,-0.06953174976715126,156.97404002900228,154.11378356670357,162.58189019833955,164.40251961793868
2024-03-12 08:36:44.631850,147.1932752037266,151.4378816768879,146.6235193935668,149.05501785150946,24717033,155.96185438452144,154.76126473947838,4.413291635341451,-0.025601575441272173,-0.09075261170542726,152.971324762775,156.69725636607726,159.3396679172429,163.93230244090563
2024-03-13 08:36:44.631850,148.24716555053087,148.92944102884894,146.2661133777186,148.09872646992585,17530326,153.89283099474804,154.94767200439574,4.181322762486124,-0.00641569398580244,-0.08908226931514429,149.05501785150946,156.97404002900228,154.11378356670357,162.58189019833955
2024-03-14 08:36:44.631850,153.55283206126683,153.5390965663156,152.91926545520138,153.08675533479186,99152070,152.99955776868362,155.30420261797593,3.422886851255965,0.03368043050578784,-0.03924266106603569,148.09872646992585,152.971324762775,156.69725636607726,159.3396679172429
2024-03-15 08:36:44.631850,152.53749491994526,153.39960698173584,150.31385811825896,152.33788140752773,12490960,152.74585746022993,155.60777021426796,3.3922140245808845,-0.004891827027272089,-0.011523318148938921,153.08675533479186,149.05501785150946,156.97404002900228,154.11378356670357
2024-03-18 08:36:44.631850,146.363106674893,148.2972686397239,147.34097173911738,147.80387051333665,24399012,151.47537376698125,155.86624164346551,3.3305023619528344,-0.02976285906236209,-0.05675521102911851,152.33788140752773,148.09872646992585,152.971324762775,156.69725636607726
2024-03-19 08:36:44.631850,146.86368819743907,148.84769795733428,146.22947759683916,147.12177615401646,26424736,150.06790749912616,155.872224831,2.6269509685285874,-0.004614861281718841,-0.06276365106717985,147.80387051333665,153.08675533479186,149.05501785150946,156.97404002900228
2024-03-20 08:36:44.631850,144.7400161079221,146.90446219976303,145.69616409877813,146.36344116725584,47326162,149.12392412833768,155.83880205938925,2.5968164841190147,-0.005154471394953397,-0.04319687762243374,147.12177615401646,152.33788140752773,148.09872646992585,152.971324762775
2024-03-21 08:36:44.631850,139.46144394785784,138.66146525453271,137.87693899191575,138.51283800962727,28914954,147.61789843664025,155.5314714633469,4.781463199490506,-0.053637732858831444,-0.07072676917448328,146.36344116725584,147.80387051333665,153.08675533479186,149.05501785150946
2024-03-22 08:36:44.631850,137.65240975051296,139.02363918957454,137.44262657608041,138.40398114001545,18824750,146.2329348180816,155.1475553084371,5.893676678537603,-0.0007858973303561667,-0.06546136864910246,138.51283800962727,147.12177615401646,152.33788140752773,148.09872646992585
2024-03-25 08:36:44.631850,138.67126953035444,139.9710227969818,136.21547317985986,137.80625716708585,15012711,144.05000650840933,154.6941400670523,5.760358166948304,-0.0043186906041735584,-0.09981593857867355,138.40398114001545,146.36344116725584,147.80387051333665,153.08675533479186
2024-03-26 08:36:44.631850,140.42743503227794,141.34127358721707,137.3179623123807,139.76643091125277,20360129,142.25408500894147,154.28195120180052,4.5857236542072775,0.01422412729626843,-0.08252346940971533,137.80625716708585,138.51283800962727,147.12177615401646,152.33788140752773
2024-03-27 08:36:44.631850,144.32397718618904,146.7077150039203,144.41150181152415,144.97680072656848,14600061,141.850217896546,154.1220910337093,4.115913625175546,0.03727912189890681,-0.01912717019486354,139.76643091125277,138.40398114001545,146.36344116725584,147.80387051333665
2024-03-28 08:36:44.631850,147.44692431049813,148.49877539750136,148.0524371649403,148.28680964267176,24739523,142.01665125206821,154.02399140717316,4.379706158922271,0.02283130059095506,0.007918837843798654,144.97680072656848,137.80625716708585,138.51283800962727,147.12177615401646
2024-03-29 08:36:44.631850,147.79230008620502,150.08988871934255,147.3912901507444,147.53384276413712,18217658,142.18385148019408,153.70953512986233,4.5905715771764255,-0.005077773811096642,0.007996543314008342,148.28680964267176,139.76643091125277,138.40398114001545,146.36344116725584
2024-04-01 08:36:44.631850,143.7038674215462,147.53316099596006,143.71280774905924,144.3131025282716,11444056,143.0124606971433,153.1453596607684,4.333807062211417,-0.021830518174833502,0.041875284645031874,147.53384276413712,144.97680072656848,137.80625716708585,138.51283800962727
2024-04-02 08:36:44.631850,151.86156473718458,152.75224532764898,150.34829801336517,151.7837872016007,45243650,144.92386156308402,152.65733942420604,4.878784237934906,0.051767196064997245,0.09667211847070822,144.3131025282716,148.28680964267176,139.76643091125277,138.40398114001545
2024-04-03 08:36:44.631850,151.64211938724338,152.7704194316869,151.08450079872466,152.0090903014985,18833800,146.95283772514298,152.23188421990125,4.350060879195107,0.0014843686802896716,0.10306377537844424,151.7837872016007,147.53384276413712,144.97680072656848,137.80625716708585
2024-04-04 08:36:44.631850,150.74249598995843,154.8363961217292,150.09372193728578,152.0970406084336,12812497,148.71435339616883,151.91641956777337,3.3325664812337608,0.0005785858382589826,0.08822297039988358,152.0090903014985,144.3131025282716,148.28680964267176,139.76643091125277
2024-04-05 08:36:44.631850,150.37335427551255,152.89452278783477,150.88918255192127,152.06928263353907,22205941,149.72756509716461,151.61196221208337,3.0750626195123996,-0.00018250174220002524,0.048921495518081226,152.0970406084336,151.7837872016007,147.53384276413712,144.97680072656848
2024-04-08 08:36:44.631850,152.89044866263598,153.92043808124782,151.18679623938647,152.7173555677412,24994985,150.3605002293174,151.32150657535385,3.183155753107266,0.004261695215357131,0.02987822002338425,152.06928263353907,152.0090903014985,144.3131025282716,148.28680964267176
2024-04-09 08:36:44.631850,151.89455528706628,153.2679329605306,151.17611772932116,152.32224396725766,10087086,151.04455754404893,150.89850860302042,2.98266627058916,-0.0025872082384786887,0.032456290118978215,152.7173555677412,152.0970406084336,151.7837872016007,147.53384276413712
2024-04-10 08:36:44.631850,150.20377815605858,150.87356969952026,148.41103454193447,150.62031095711268,28511664,151.94558731959765,150.60331426413876,0.6534911925412882,-0.011173240137604679,0.043705029677436835,152.32224396725766,152.06928263353907,152.0090903014985,144.3131025282716
2024-04-11 08:36:44.631850,149.53661743508803,149.7216363528665,148.27095564278986,149.01813577481371,14309314,151.55049425862808,150.09050146936792,1.2918596423673723,-0.010637178824807747,-0.018220993676443253,150.62031095711268,152.7173555677412,152.0970406084336,151.7837872016007
2024-04-12 08:36:44.631850,149.83923505159464,151.9136929980232,147.51234819595606,148.96522459018382,56826561,151.11565629986882,149.59159887434382,1.5897132125461542,-0.00035506540431995415,-0.020024234769627336,149.01813577481371,152.32224396725766,152.06928263353907,152.0090903014985
2024-04-15 08:36:44.631850,147.19003325578066,148.4932378511547,146.6308974864162,147.39088629596466,31389382,150.4433485409447,149.08523207759802,2.0375614899018073,-0.01056849542267535,-0.030941787516988506,148.96522459018382,150.62031095711268,152.7173555677412,152.0970406084336
2024-04-16 08:36:44.631850,145.0862616671695,146.89282194655735,143.91178644336154,145.3337641278309,19777391,149.48113161155783,148.61836861795098,2.6423822022836534,-0.013956915653543178,-0.044292432955967964,147.39088629596466,149.01813577481371,152.32224396725766,152.06928263353907
2024-04-17 08:36:44.631850,146.05104336526895,146.03527328391283,144.92603000795182,145.68672236921816,16641599,148.47675544034024,148.3374665780348,2.541525059496288,0.0024286045538379764,-0.046036897197348714,145.3337641278309,148.96522459018382,150.62031095711268,152.7173555677412
2024-04-18 08:36:44.631850,144.00379905566453,147.99465293915205,143.38730927454034,144.98749248423155,22919901,147.42893379990795,147.9471411153066,2.1778338015637027,-0.0047995443484172284,-0.04815285865013086,145.68672236921816,147.39088629596466,149.01813577481371,152.32224396725766
2024-04-19 08:36:44.631850,149.55887879474224,150.76568097043216,148.8980189008461,149.3921921745462,32814969,147.25348825954129,147.6944128534914,1.911011413101204,0.030379859771653805,-0.008153739523988679,144.98749248423155,145.3337641278309,148.96522459018382,150.62031095711268
2024-04-22 08:36:44.631850,141.90683038645736,145.09709595061432,140.41221686781503,141.5163260109112,23849002,146.18180115041235,147.3125795617626,2.697938865160446,-0.052719396167860255,-0.05034158912871345,149.3921921745462,145.68672236921816,147.39088629596466,149.01813577481371
2024-04-23 08:36:44.631850,145.14007174053916,145.06180137643827,142.72345035833862,144.64810169871052,21669593,145.5650693087733,147.1656823566693,2.436374544704437,0.022130137038449238,-0.02898074301133091,141.5163260109112,144.98749248423155,145.3337641278309,148.96522459018382
2024-04-24 08:36:44.631850,146.860306273585,149.92905649221717,146.5215791237097,148.2963732822132,24870306,145.69442459252312,147.17227058374553,2.5698511542848883,0.02522170384995248,0.006143439455478239,144.64810169871052,149.3921921745462,145.68672236921816,147.39088629596466
2024-04-25 08:36:44.631850,141.65004653757208,144.97593758823436,140.92057646221733,142.1913371569,17859935,145.2455064538187,146.8090899778158,2.897000255295736,-0.04116780464816294,-0.021622139836458887,148.2963732822132,141.5163260109112,144.98749248423155,145.3337641278309
2024-04-26 08:36:44.631850,140.63913549139883,142.99630541314414,139.99806868409837,141.25945041345975,20346043,144.6130390315675,146.43980894468024,3.246781197496996,-0.006553751881607117,-0.03038898729932471,142.1913371569,144.64810169871052,149.3921921745462,145.68672236921816
2024-04-29 08:36:44.631850,140.3224845409505,140.94907036486381,137.68635066508108,140.25243759675047,8512989,143.93660261907021,146.18809451412736,3.626779903499637,-0.007128817319915881,-0.032658368017476125,141.25945041345975,148.2963732822132,141.5163260109112,144.98749248423155
2024-04-30 08:36:44.631850,136.67411330775946,136.98080834297625,135.78778158995186,136.34637440542733,39305032,142.07291436633892,145.82891445584104,3.707109485487769,-0.02785023389435648,-0.08732596783824198,140.25243759675047,142.1913371569,144.64810169871052,149.3921921745462
2024-05-01 08:36:44.631850,135.27101692030573,134.40848147124814,133.30982051241455,134.26622861164788,28047186,141.03718616644417,145.4256740373208,4.7536194275355665,-0.015256333751817341,-0.051231526450908005,136.34637440542733,141.25945041345975,148.2963732822132,141.5163260109112
2024-05-02 08:36:44.631850,130.99924701601194,134.79691599049912,128.3278896683907,131.3242518730736,16407876,139.13377904849602,145.18605449943564,5.649823846526106,-0.021911516909316586,-0.09211216510389708,134.26622861164788,140.25243759675047,142.1913371569,144.64810169871052
2024-05-03 08:36:44.631850,135.62769663475305,138.00948930417647,135.1261788067509,135.96596124987363,62418202,137.37229161530468,145.10478716976425,3.99760610976828,0.03534540886847237,-0.08314709091957617,131.3242518730736,136.34637440542733,141.25945041345975,148.2963732822132
2024-05-06 08:36:44.631850,139.347601236193,138.90271852370603,136.42434322276094,138.55115928114924,25229089,136.85226620448313,145.12961724023302,3.467916562323959,0.019013567862949277,-0.02560056012226708,135.96596124987363,134.26622861164788,140.25243759675047,142.1913371569
2024-05-07 08:36:44.631850,142.3269752658661,142.78090119797537,139.44443383350324,142.11623327895944,14388332,136.97466375669737,145.20794398582328,3.65923216634415,0.025731101899883146,0.006065313598431432,138.55115928114924,131.3242518730736,136.34637440542733,141.25945041345975
2024-05-08 08:36:44.631850,145.12413517786774,145.77590794182922,143.1822917670051,144.21009445703265,37071858,137.54004330816628,145.18238711017207,4.466728073499443,0.014733441280864623,0.028218096798154235,142.11623327895944,135.96596124987363,134.26622861164788,140.25243759675047
2024-05-09 08:36:44.631850,141.20049306458316,141.13509748614538,138.34175998519075,140.99694423388743,29474148,138.20441042651768,144.93939159654593,4.603360927640913,-0.022281035424344564,0.03410849645793723,144.21009445703265,138.55115928114924,131.3242518730736,136.34637440542733
2024-05-10 08:36:44.631850,138.75269150409383,139.9900439503957,139.04051927479688,139.56012822247374,29423081,138.96068179949282,144.67360111182379,4.2714295224006,-0.010190405325595453,0.03942837797386822,140.99694423388743,142.11623327895944,135.96596124987363,134.26622861164788
2024-05-13 08:36:44.631850,140.02829800296476,141.52003870793249,140.35146840101206,140.96793979121617,19523358,140.3383515020846,144.5620956872553,2.642563999450743,0.01008749122455832,0.07343417366248017,139.56012822247374,144.21009445703265,138.55115928114924,131.3242518730736
2024-05-14 08:36:44.631850,136.49744747200896,137.93483682177265,137.30987737420784,137.5646133855325,30257294,140.56673037860733,144.0881232267197,2.2401486256515035,-0.024142556177839003,0.011757737899715348,140.96793979121617,140.99694423388743,142.11623327895944,135.96596124987363
2024-05-15 08:36:44.631850,140.02955459958415,140.04653488751413,138.97376686452048,139.56754983737127,21191714,140.7119290294962,143.6734052112488,2.1173037712141607,0.01455996860344766,0.007335850248351594,137.5646133855325,139.56012822247374,144.21009445703265,138.55115928114924
2024-05-16 08:36:44.631850,139.76429738153575,139.8021907670824,138.62974117668534,138.93858756263006,31895347,140.2579796414491,143.23479010972198,2.1066573349849684,-0.004506507963162654,-0.022359484507952,139.56754983737127,140.96793979121617,140.99694423388743,142.11623327895944
2024-05-17 08:36:44.631850,139.21422097099102,138.448563461963,136.17467643564436,137.93872766709833,9318644,139.36207010002994,142.76377161084062,1.3397245750782902,-0.00719641615099198,-0.04348771016028197,138.93858756263006,137.5646133855325,139.56012822247374,144.21009445703265
2024-05-20 08:36:44.631850,140.53141462597372,140.46920745492227,138.60880184469562,139.94148755412309,19444275,139.2112905743493,142.33790934372004,1.1742331907400168,0.014519199364069868,-0.007485670597325411,137.93872766709833,139.56754983737127,140.96793979121617,140.99694423388743
2024-05-21 08:36:44.631850,142.0480077380086,141.26821433481618,140.2707882121733,141.22688737389086,57143576,139.44939902455175,141.96806412394113,1.4033896365930436,0.009185266229720712,0.011942946546739552,139.94148755412309,138.93858756263006,137.5646133855325,139.56012822247374
2024-05-22 08:36:44.631850,139.84295731658673,141.82897489755794,139.16604038019034,140.2496928791847,16460370,139.34679232283298,141.62237685467687,1.2960081069486127,-0.006919323316381676,-0.005095108243017843,141.22688737389086,137.93872766709833,139.56754983737127,140.96793979121617
2024-05-23 08:36:44.631850,142.71369985025098,143.6174532069197,142.35199288024663,143.54368076439889,17860119,140.20094480552817,141.43989502099637,1.7985409670150216,0.02348659606728498,0.04346370212308681,140.2496928791847,139.94148755412309,138.93858756263006,137.5646133855325
2024-05-24 08:36:44.631850,141.080256786966,142.9739595057797,139.21823940627786,140.48314768496624,19307792,140.33174449804173,141.15715912415578,1.7779757695542762,-0.021321266551997953,0.006560248773169963,143.54368076439889,141.22688737389086,137.93872766709833,139.56754983737127
2024-05-27 08:36:44.631850,142.5529517675768,144.05102142089464,141.61396960899611,142.25586408596732,13158742,140.80564114423277,140.98599171715585,1.7868263647123435,0.012618712138885213,0.023875847462764055,140.48314768496624,140.2496928791847,139.94148755412309,138.93858756263006
2024-05-28 08:36:44.631850,144.06333590359492,145.29011104517818,142.28191848830554,143.98598348404843,8007263,141.6695348323685,140.94106569569647,1.6241761567036523,0.012162025159367706,0.04384015946228348,142.25586408596732,143.54368076439889,141.22688737389086,137.93872766709833
2024-05-29 08:36:44.631850,143.41500976309086,144.07355888237026,141.45155085466783,143.13777230912143,21524595,142.12614694022542,140.85610069369326,1.5020985709458943,-0.0058909287862798365,0.022840151343697546,143.98598348404843,140.48314768496624,140.2496928791847,139.94148755412309
2024-05-30 08:36:44.631850,144.3472310594929,144.97278614477028,141.71164348955702,144.1143527264177,25852806,142.5386419905864,140.82699603509946,1.6068099875023154,0.0068226604448422545,0.02044557807807812,143.13777230912143,142.25586408596732,143.54368076439889,141.22688737389086
2024-05-31 08:36:44.631850,141.45373061334905,142.4833121789943,138.4105835530558,140.55151856727562,23529075,142.58175994602794,140.5323069148571,1.537714070405399,-0.024722271527705897,0.0021520595296484757,144.1143527264177,143.98598348404843,140.48314768496624,140.2496928791847
2024-06-03 08:36:44.631850,144.11830442659158,146.24924854855018,142.13780642528076,143.19115203778028,22467058,142.53139869936814,140.58813444908608,1.5064141002424465,0.018780540384138122,-0.002455898613866636,140.55151856727562,143.13777230912143,142.25586408596732,143.54368076439889
2024-06-04 08:36:44.631850,143.09289607529132,147.18229332600473,140.16187369306326,142.70458238476124,24680411,142.84874651362458,140.52335047195442,1.2072968133292152,-0.003398042728859907,0.015812819803671996,143.19115203778028,144.1143527264177,143.98598348404843,140.48314768496624
2024-06-05 08:36:44.631850,141.85286586699866,142.74723261884532,138.91542305099085,141.25549435255525,40282219,142.7058365517086,140.2886545076325,1.3409805894738114,-0.010154460410380817,-0.00703218626409341,142.70458238476124,140.55151856727562,143.13777230912143,142.25586408596732
2024-06-06 08:36:44.631850,144.6322343498487,144.5834850025975,143.5048609169243,144.26143733638065,21960960,142.74518710204174,140.35765784694848,1.388023295931161,0.021280184516737854,0.0019130601859085328,141.25549435255525,143.19115203778028,144.1143527264177,143.98598348404843
2024-06-07 08:36:44.631850,141.94446419727245,142.35062218376092,141.22638831806773,142.27252310405137,18127826,142.621580072746,140.3914269366349,1.3857602754820941,-0.013786873810855194,-0.006044869855885815,144.26143733638065,142.70458238476124,140.55151856727562,143.13777230912143
2024-06-10 08:36:44.631850,138.8306908507883,138.70244071083553,137.3096380130415,138.30749801442167,20987493,141.7920293996037,140.32659561722394,1.9616252964424739,-0.027869225927271146,-0.04029338231855084,142.27252310405137,141.25549435255525,143.19115203778028,144.1143527264177
2024-06-11 08:36:44.631850,133.10850818428017,134.74164930211845,132.63547911990284,134.04312053729902,32270800,140.86225825246422,140.24982048828633,3.5483151764997407,-0.030832583470478125,-0.04630613810736828,138.30749801442167,144.26143733638065,142.70458238476124,140.55151856727562
2024-06-12 08:36:44.631850,136.42307015028715,136.5835716997446,134.67998153729386,135.70796277256073,48935489,139.79323121457568,140.2978782936501,3.8446180462083754,0.012420199026912826,-0.05226013729706669,134.04312053729902,142.27252310405137,141.25549435255525,143.19115203778028
2024-06-13 08:36:44.631850,131.48336801397505,133.00830282322084,130.46053141957304,132.2733859833633,17644384,138.3030603000903,140.32951609732643,4.494707419324614,-0.025308587049925668,-0.0730964361976355,135.70796277256073,138.30749801442167,144.26143733638065,142.70458238476124
2024-06-14 08:36:44.631850,137.15103076434664,137.0780048703579,136.00320201023214,136.95531936225788,25379869,137.68874958719067,140.36249470107256,4.314167821443367,0.035395883639687264,-0.030442532589668225,132.2733859833633,134.04312053729902,142.27252310405137,141.25549435255525
2024-06-17 08:36:44.631850,130.73896253048434,131.5528728901956,130.92123237489804,131.29377981913873,28607478,135.83622708472754,140.12058205233885,3.77148955278262,-0.04133858815767444,-0.08988997861573134,136.95531936225788,135.70796277256073,138.30749801442167,144.26143733638065
2024-06-18 08:36:44.631850,136.1635688357148,135.9932620724163,134.4464393474255,135.78785133090545,14705189,134.90984540284953,139.90963598740373,2.5137605727294337,0.03422912736580086,-0.04557922803128567,131.29377981913873,132.2733859833633,134.04312053729902,142.27252310405137
2024-06-19 08:36:44.631850,136.3785225699617,136.66751798519647,135.24654108130122,136.4016598555994,24402803,134.63758280873208,139.64935483402263,2.1631971690639022,0.004520349344052432,-0.013779716835189526,135.78785133090545,136.95531936225788,135.70796277256073,138.30749801442167
2024-06-20 08:36:44.631850,135.0928844587355,137.72269764897396,134.47702844658502,136.17874377377765,11607512,134.94267184251473,139.48874815201899,2.215354315219023,-0.001634262237407813,0.015932359884775815,136.4016598555994,131.29377981913873,132.2733859833633,134.04312053729902
2024-06-21 08:36:44.631850,135.01888527435062,135.53520089920363,133.68540992374352,134.73546946290986,9973826,134.8037442268503,139.32792619336684,2.189707929287284,-0.010598381736178886,-0.007166074044459125,136.17874377377765,135.78785133090545,136.95531936225788,135.70796277256073
2024-06-24 08:36:44.631850,135.45888907283162,139.84600641509348,135.79843735741255,135.8514459386853,29016442,135.3148956490392,139.15737639828248,1.898901458530665,0.00828272228704141,0.02705049038188223,134.73546946290986,136.4016598555994,131.29377981913873,132.2733859833633
2024-06-25 08:36:44.631850,136.3882011293299,136.68059411312416,135.22246764777142,135.78994679762914,19936496,135.1484138540922,139.09822084535236,1.7783714841489549,-0.0004526940484969044,-0.008509144223498466,135.8514459386853,136.17874377377765,135.78785133090545,136.95531936225788
2024-06-26 08:36:44.631850,138.82795006603098,139.0973763340717,136.01466095799546,138.8270298588834,26725806,136.2245924311986,139.07353684606946,1.2611185955549047,0.022366037640330516,0.05737705205929755,135.78994679762914,134.73546946290986,136.4016598555994,131.29377981913873
2024-06-27 08:36:44.631850,139.46102067313814,139.21187561067438,137.69536078391513,139.18583567167138,23939790,136.71001876559373,139.08177844970413,1.6568679453522601,0.0025845529732408945,0.025024214666194755,138.8270298588834,135.8514459386853,136.17874377377765,135.78785133090545
2024-06-28 08:36:44.631850,138.9773856292687,140.18853938387355,136.97676886063928,139.6459889478128,14824621,137.17349435019565,139.13868715906128,1.9787385165329145,0.0033060352292375583,0.023785114460102452,139.18583567167138,135.78994679762914,134.73546946290986,136.4016598555994
2024-07-01 08:36:44.631850,138.26372259843265,140.2311764519584,136.89670526368613,138.67234300513505,23614532,137.52972281181812,139.09638234076166,1.9942067873344287,-0.006972244244277004,0.018311222164744123,139.6459889478128,138.8270298588834,135.8514459386853,136.17874377377765
2024-07-02 08:36:44.631850,138.23827335166678,139.86886389730992,138.29347336849798,138.5560090467308,13038920,138.07551418093541,139.0073530631897,1.5822641157408963,-0.0008389124744214715,0.028355856101222487,138.67234300513505,139.18583567167138,135.78994679762914,134.73546946290986
2024-07-03 08:36:44.631850,140.0478696241689,140.52831355890575,138.04564556733087,139.45053154294897,48423034,138.5896692672588,138.98071435198185,1.2984005174235098,0.006456035377841118,0.026492803071732407,138.5560090467308,139.6459889478128,138.8270298588834,135.8514459386853
2024-07-04 08:36:44.631850,135.85259263236364,135.2710806610738,133.0320233131023,134.7226888747335,12261990,138.43720384970226,138.686681288993,1.686586046142005,-0.03390336785313253,-0.007859623985906672,139.45053154294897,138.67234300513505,139.18583567167138,135.78994679762914
2024-07-05 08:36:44.631850,130.60256957702387,132.40462054110264,130.88827064145676,131.13048237803994,21902412,137.33769706672462,138.3749257787621,3.2104320356345077,-0.026663708442114298,-0.055439833933398575,134.7226888747335,138.5560090467308,139.6459889478128,138.8270298588834
2024-07-08 08:36:44.631850,133.8358584562585,134.955648571645,131.87056826120136,133.11911310642287,14344314,136.47102241454627,138.07036741277727,3.4390939405240313,0.015165281880454407,-0.04358721227610718,131.13048237803994,139.45053154294897,138.67234300513505,139.18583567167138
2024-07-09 08:36:44.631850,132.16446201572998,134.45133964097923,133.59725711331998,133.61395795203742,32127103,135.60930370086407,137.72463322837694,3.2621233794236884,0.003717308762558824,-0.04319516114443944,133.11911310642287,134.7226888747335,138.5560090467308,139.6459889478128
2024-07-10 08:36:44.631850,132.3672817463636,134.31077103985638,129.34275331764803,133.162387304077,20466179,134.8221671721415,137.39212039487543,3.058234684827983,-0.0033796667270535874,-0.03973363095807814,133.61395795203742,131.13048237803994,139.45053154294897,138.67234300513505
2024-07-11 08:36:44.631850,132.612637148532,134.52148290504664,131.0279977750126,133.25143015095605,18637134,134.06437018703082,137.03002297569338,2.6020069842238644,0.000668678661307931,-0.03828472638805336,133.162387304077,133.11911310642287,134.7226888747335,138.5560090467308
2024-07-12 08:36:44.631850,133.31006759860708,134.90637232311707,132.7967194647597,134.21772076667636,37006375,133.31682579042044,136.81889638234006,1.1345825920919306,0.007251634107233507,-0.03752449501894484,133.25143015095605,133.61395795203742,131.13048237803994,139.45053154294897
2024-07-15 08:36:44.631850,131.75750521768603,133.77207284404375,132.57958340453106,132.80907980184892,24513028,133.04345306572264,136.47282730780904,0.9558497441617725,-0.010495193606187225,-0.014204059382038281,134.21772076667636,133.162387304077,133.11911310642287,134.7226888747335
2024-07-16 08:36:44.631850,131.05166713863102,131.45667008062006,129.77207427922255,130.78160383806724,31274768,132.99361327429799,136.07539468958592,1.0740119058567523,-0.01526609450804628,-0.0026605449293392036,132.80907980184892,133.25143015095605,133.61395795203742,131.13048237803994
2024-07-17 08:36:44.631850,131.19252658150015,132.17557509911506,130.75351509893633,131.33309745053367,14788154,132.73846818059954,135.74464812618518,1.2387412229606924,0.004216905101953605,-0.013416673340224006,130.78160383806724,134.21772076667636,133.162387304077,133.11911310642287
2024-07-18 08:36:44.631850,129.0469849224425,129.3589704853905,127.85831827488897,128.80264283285953,11966139,132.0511374492884,135.2293549760678,1.8540115512658473,-0.019267455552300694,-0.03600907564541256,131.33309745053367,132.80907980184892,133.25143015095605,133.61395795203742
2024-07-19 08:36:44.631850,130.3414020231598,130.93263996219008,129.59551410099277,129.89296430330583,25485086,131.5840770206068,134.81670301604296,1.937350853328501,0.008465055114289521,-0.024552150700823727,128.80264283285953,130.78160383806724,134.21772076667636,133.162387304077
2024-07-22 08:36:44.631850,125.67554599549582,126.45556201187804,123.17702864251304,125.50885956602363,20595369,130.4779955084736,134.39008173442969,2.8309084658511705,-0.03375167208475682,-0.05810497175273188,129.89296430330583,131.33309745053367,132.80907980184892,133.25143015095605
2024-07-23 08:36:44.631850,128.55127079948568,129.6532284505026,127.35693496121073,128.12987523102714,33039597,129.60830328909512,134.19297355755396,2.391576481025088,0.020883112746512777,-0.045357986269430994,125.50885956602363,128.80264283285953,130.78160383806724,134.21772076667636
2024-07-24 08:36:44.631850,129.33441109836153,130.29579052894218,128.99363571424234,129.37939132271805,23208885,129.11834779207646,133.98202117589253,1.9341175450274706,0.00975194964826076,-0.025824201810960234,128.12987523102714,129.89296430330583,131.33309745053367,132.80907980184892
2024-07-25 08:36:44.631850,129.30867988251867,130.53787086838287,129.2499309166963,130.0807045638358,26763181,129.0182193243291,133.9089317952416,1.8499727015621545,0.005420594686277536,-0.005359310894361591,129.37939132271805,125.50885956602363,128.80264283285953,130.78160383806724
2024-07-26 08:36:44.631850,133.37804590515478,134.0961473499694,131.27243912152076,132.67631148640817,10727367,129.21010704373973,133.76629819937997,2.171774436883729,0.01995381967891019,0.010227536408942361,130.0807045638358,128.12987523102714,129.89296430330583,131.33309745053367
2024-07-29 08:36:44.631850,136.73155358494367,137.17186456319718,136.63135721741412,137.13549450317748,62097635,130.40051442521374,133.96102202218125,3.674821455757983,0.033609488889251526,0.06469472587710068,132.67631148640817,129.37939132271805,125.50885956602363,128.80264283285953
2024-07-30 08:36:44.631850,139.3040334813994,141.1930187696696,139.7514938484167,139.95875796103806,22250588,131.8384849477469,134.10005224318567,5.1259791615577806,0.02058740130036263,0.07749298594978682,137.13549450317748,130.0807045638358,128.12987523102714,129.89296430330583
2024-07-31 08:36:44.631850,134.72785698378513,135.0677084086042,133.6597147578904,134.84781616883322,34236178,133.1726216052911,134.0482574536268,4.362461972452562,-0.036517484626632846,0.07440874401298214,139.95875796103806,132.67631148640817,129.37939132271805,125.50885956602363
2024-08-01 08:36:44.631850,130.8374202753666,132.4163873005028,130.50118352807038,131.43730732199887,15901979,133.64511190400137,133.89020957190084,3.87740767903386,-0.025291539334714175,0.02581312192030305,134.84781616883322,137.13549450317748,130.0807045638358,128.12987523102714
2024-08-02 08:36:44.631850,129.56326528489777,130.71086172915767,128.29346110310476,129.83424908585386,28176671,133.71009158444934,133.72683555933233,3.796983203492861,-0.01219637155391351,0.0035156894655752335,131.43730732199887,139.95875796103806,132.67631148640817,129.37939132271805
2024-08-05 08:36:44.631850,130.16448306522506,130.1287385318946,128.0745617332209,129.9409495988193,12592067,133.69012658944698,133.52981901467012,3.8195479584392507,0.0008218210042165719,-0.001074371218122816,129.83424908585386,134.84781616883322,137.13549450317748,130.0807045638358
2024-08-06 08:36:44.631850,131.55396427951507,132.36588129279923,131.01253488985046,131.325233977462,30281088,133.4971155167404,133.38099525399787,3.9123267315129686,0.010653180409382568,-0.010183261004241717,129.9409495988193,131.43730732199887,139.95875796103806,132.67631148640817
2024-08-07 08:36:44.631850,128.8773035284518,129.85714428615697,129.39890757716984,129.45846202625376,20216566,132.40039659146558,133.0687096595769,3.796734919299128,-0.014214876263069276,-0.055981367221786926,131.325233977462,129.83424908585386,134.84781616883322,137.13549450317748
2024-08-08 08:36:44.631850,129.66390848240385,132.4422071513367,128.80504468888165,129.98087032659805,24510085,130.97498407225987,132.7618774814078,1.8705547790490078,0.004035335289541475,-0.07129162747512852,129.45846202625376,129.9409495988193,131.43730732199887,139.95875796103806
2024-08-09 08:36:44.631850,128.74403275299946,128.32929369500278,126.55437060979517,128.05615796815317,34242804,130.00474718644844,132.37554978208578,1.149278843752722,-0.014807658647066457,-0.050365355506956866,129.98087032659805,131.325233977462,129.83424908585386,134.84781616883322
2024-08-12 08:36:44.631850,126.84244597719805,126.52992767665536,125.68646113156727,126.52840240793812,13042578,129.30347505586832,131.97075176217922,1.5553840593991566,-0.011930356059838942,-0.037347881009421324,128.05615796815317,129.45846202625376,129.9409495988193,131.43730732199887
2024-08-13 08:36:44.631850,124.2829439127819,124.01178313954935,120.61888161339019,123.00670930238843,17154209,128.32811222965896,131.45244177070114,2.805456790418608,-0.02783322193696447,-0.052586585061624724,126.52840240793812,129.98087032659805,131.325233977462,129.83424908585386
2024-08-14 08:36:44.631850,121.48496781243911,121.56852002294343,119.71156236747571,120.77233364472585,30360778,127.01830995050277,130.82983517409372,3.866587608155199,-0.018164664922218132,-0.070559865711315,123.00670930238843,128.05615796815317,129.45846202625376,129.9409495988193
2024-08-15 08:36:44.631850,118.21616514256695,118.64569735927756,117.09931900505873,117.54364326138055,68965072,125.04951127677684,130.2572003203153,4.722102906572351,-0.02673369211232668,-0.10494244174312028,120.77233364472585,126.52840240793812,129.98087032659805,131.325233977462
2024-08-16 08:36:44.631850,114.48475199298994,117.13802381341755,115.01793054530032,115.28475240403316,22543533,123.02469561645962,129.7290093211817,5.492450198305799,-0.01921746505954669,-0.10948461305948631,117.54364326138055,123.00670930238843,128.05615796815317,129.45846202625376
2024-08-19 08:36:44.631850,118.19843237496575,118.64681312459872,116.9874813825777,117.74871450264388,32461588,121.27724478446615,129.21666270105575,4.814467335177615,0.021372835932156775,-0.0941073543608294,115.28475240403316,120.77233364472585,126.52840240793812,129.98087032659805
2024-08-20 08:36:44.631850,115.5175471583331,116.43695950755713,115.2990290067703,115.54822914279067,22896949,119.49039780941439,128.61447174074752,4.155172997076392,-0.018687977776638887,-0.0976753404430043,117.74871450264388,117.54364326138055,123.00670930238843,128.05615796815317
2024-08-21 08:36:44.631850,121.33105592305313,122.80978005080469,120.60413643725009,121.66623533191758,63791007,118.79580251284001,128.23126667500887,3.0390869688973225,0.05294764129674778,-0.038427475440213854,115.54822914279067,115.28475240403316,120.77233364472585,126.52840240793812
2024-08-22 08:36:44.631850,123.00638590174025,123.92258844727645,121.81986032876172,122.9031378389576,10083280,118.78100658949276,127.88632359794227,3.0153284144684194,0.010166358017617894,-0.0008419984894987298,121.66623533191758,117.74871450264388,117.54364326138055,123.00670930238843
2024-08-23 08:36:44.631850,123.97751637522599,123.63351807143393,122.50450729634647,123.39434757207108,25325200,119.15558000768492,127.52554449145542,3.437262174655925,0.003996722473897485,0.02171038555120064,122.9031378389576,115.54822914279067,115.28475240403316,120.77233364472585
2024-08-26 08:36:44.631850,121.61682291488948,121.63392689539424,120.20147598230551,121.31303591096527,10715780,119.69406467191132,127.14234302842597,3.437904965459426,-0.016867155603624284,0.03206802635173345,123.39434757207108,121.66623533191758,117.74871450264388,117.54364326138055
2024-08-27 08:36:44.631850,122.50808947313699,125.5142880401297,121.38071126778654,123.04856417272948,6897807,120.80318063886794,126.88457503958138,3.003187416101982,0.014306197588179748,0.06734465405699841,121.31303591096527,122.9031378389576,115.54822914279067,115.28475240403316
2024-08-28 08:36:44.631850,122.12052119504557,122.4419563956859,120.24508326293572,121.66885058193992,28028461,121.36320007876736,126.56243347729492,2.6875973346385953,-0.011212756524755507,0.03329238960997771,123.04856417272948,123.39434757207108,121.66623533191758,117.74871450264388
2024-08-29 08:36:44.631850,121.613311550937,123.51417020455267,121.83840237082745,122.00224711526684,25899880,122.28520264626397,126.33575362004181,0.8147545219519863,0.0027401962929072265,0.055855619946373336,121.66885058193992,121.31303591096527,122.9031378389576,115.54822914279067
2024-08-30 08:36:44.631850,128.4245557050522,128.36245403470335,128.1834565481227,128.28556911887827,20948582,123.23082175868693,126.28217378056091,2.357430038383262,0.05150169076537581,0.054405676060432784,122.00224711526684,123.04856417272948,123.39434757207108,121.66623533191758
2024-09-02 08:36:44.631850,127.88333107939197,128.43285051665146,127.36796895547003,128.07759281150035,22905851,123.97002961190732,126.3677982220768,2.9693903260469914,-0.0016211979944930066,0.042101894740254275,128.28556911887827,121.66885058193992,121.31303591096527,122.9031378389576
2024-09-03 08:36:44.631850,130.91651632325738,132.8432176415508,129.9305917906824,131.0599393116065,113708614,125.06511414612667,126.46546702476277,3.9674637622755355,0.023285466525713616,0.06212271380630452,128.07759281150035,122.00224711526684,123.04856417272948,123.39434757207108
2024-09-04 08:36:44.631850,129.7512999641222,130.94782220187966,129.21727458498526,129.25609210135298,21229715,126.19983645903918,126.46135705071728,3.8496245331261814,-0.013763528502517719,0.06547570201950359,131.0599393116065,128.28556911887827,121.66885058193992,121.31303591096527
2024-09-05 08:36:44.631850,128.5324312897249,133.10576256816375,126.42344475551968,129.20441941798012,31172977,127.07924435121785,126.43214754585543,3.710371686798805,-0.0003997698099392766,0.050027851089829545,129.25609210135298,128.07759281150035,122.00224711526684,123.04856417272948
2024-09-06 08:36:44.631850,135.12060724012417,134.06511188504766,132.64622116952816,133.81908610445106,17458157,128.81499228300518,126.47024003312352,3.597788864155255,0.0357160127127103,0.09986315695756787,129.20441941798012,131.0599393116065,128.28556911887827,121.66885058193992
2024-09-09 08:36:44.631850,130.97766168582467,134.5611664582854,130.11722772965618,132.18122865646728,27997234,130.26913250317665,126.30509783823318,2.151778040298487,-0.012239341155755312,0.08343273818213714,133.81908610445106,129.25609210135298,128.07759281150035,122.00224711526684
2024-09-10 08:36:44.631850,136.60287740140734,138.70982566974604,134.9524462358067,137.01231657051775,21442450,131.51581071055372,126.20688312521584,3.120829329028041,0.03654897115993849,0.06802594798135608,132.18122865646728,129.20441941798012,131.0599393116065,128.28556911887827
2024-09-11 08:36:44.631850,139.25011891067163,139.28424647511565,138.53399163295728,138.99283491016936,19672666,133.07513101036358,126.34505041659371,3.774953513709248,0.01445503870910958,0.08522366683400784,137.01231657051775,133.81908610445106,129.25609210135298,128.07759281150035
2024-09-12 08:36:44.631850,137.87258686067685,138.14681268923985,137.17997510313836,137.47095572615586,59975653,133.99099049815635,126.5461720300656,3.976856617220036,-0.01094933551788535,0.04891667467742833,138.99283491016936,132.18122865646728,129.20441941798012,131.0599393116065
2024-09-13 08:36:44.631850,139.18099424062592,140.37487682986472,138.3768255052173,139.2509509388053,43513965,135.41882747493526,126.86006209183066,3.78305924059031,0.012948154781110333,0.07732601748175316,137.47095572615586,137.01231657051775,133.81908610445106,129.25609210135298
2024-09-16 08:36:44.631850,141.96056108837874,143.38375720905995,141.59228989208884,142.0013088630927,25864277,137.24695453852274,127.26207406730643,3.3462684966399063,0.019751088992534527,0.09904374403567617,139.2509509388053,138.99283491016936,132.18122865646728,129.20441941798012
2024-09-17 08:36:44.631850,144.1050715891592,144.49491529469228,141.76987780157734,143.80986582573067,7632255,138.67420878441985,127.67822846224871,3.7471592995018286,0.012736199244343993,0.07465885481747647,142.0013088630927,137.47095572615586,137.01231657051775,133.81908610445106
2024-09-18 08:36:44.631850,139.17575032977274,140.04103826415763,135.8703013629608,139.33673265980454,20165734,139.69642364203946,128.00750415003372,2.4225641144784715,-0.031104494397809157,0.05413404063548288,143.80986582573067,139.2509509388053,138.99283491016936,132.18122865646728
2024-09-19 08:36:44.631850,138.3089778353433,138.80841689699156,135.59825532291083,137.3521953141042,93317086,139.74497774826608,128.25321498295062,2.362462504324462,-0.014242743516497236,0.002480643726737508,139.33673265980454,142.0013088630927,137.47095572615586,137.01231657051775
2024-09-20 08:36:44.631850,137.28720800593527,140.48628303766503,136.25133282871298,136.7134564132154,21523785,139.41935224870124,128.54179159778602,2.6258190309639575,-0.004650372711030193,-0.016399251791843206,137.3521953141042,143.80986582573067,139.2509509388053,138.99283491016936
2024-09-23 08:36:44.631850,137.14687439188623,137.08679715170967,134.90274990295202,136.55094942284026,41934053,139.287922776799,128.87587649828276,2.7592306693468145,-0.0011886685820008402,-0.006692368569461871,136.7134564132154,139.33673265980454,142.0013088630927,137.47095572615586
2024-09-24 08:36:44.631850,137.618947504654,138.99081242910967,136.79996493635298,138.28698199168332,49672956,139.15021292721013,129.38521892125925,2.7853153872817806,0.012713441951013538,-0.006922530443225439,136.55094942284026,137.3521953141042,143.80986582573067,139.2509509388053
2024-09-25 08:36:44.631850,138.76483930592963,138.85544503415352,136.4927749473175,138.81994278860003,26949679,138.6957320594255,129.98680589272172,2.4860393920970427,0.003854020018664972,-0.02240377993670406,138.28698199168332,136.7134564132154,139.33673265980454,142.0013088630927
2024-09-26 08:36:44.631850,134.95109413702585,137.54511955097715,133.87624852752722,135.1541402218523,15856485,137.45919983029998,130.5738224580708,1.4587538085065914,-0.02640688717420203,-0.06018867728009303,138.81994278860003,136.55094942284026,137.3521953141042,143.80986582573067
2024-09-27 08:36:44.631850,135.53746560957552,137.16874758708644,134.6512710750758,136.222392737257,7148004,137.01429412707893,131.2717438025116,1.250783135294348,0.007903957020119368,-0.02235117662871655,135.1541402218523,138.28698199168332,136.7134564132154,139.33673265980454
2024-09-30 08:36:44.631850,138.17514988902215,138.49127851979594,136.35810728322977,137.92676847895464,34007158,137.09637600777185,131.94434560172195,1.2947342644915925,0.012511714905676374,0.004183210639891799,136.222392737257,138.81994278860003,136.55094942284026,137.3521953141042
2024-10-01 08:36:44.631850,139.13730714867006,140.24351629058364,139.04002519186147,139.5123482596686,16072527,137.4962177001223,132.74314957228455,1.5614737561749061,0.01149580895862079,0.02047268732635632,137.92676847895464,135.1541402218523,138.28698199168332,136.7134564132154
2024-10-02 08:36:44.631850,143.03705122272933,142.78705921177826,141.23264804325066,142.56984710366478,26378905,138.3560602259544,133.4399366313428,2.3910276999365774,0.021915614511092363,0.044078036119591824,139.5123482596686,136.222392737257,138.81994278860003,136.55094942284026
2024-10-03 08:36:44.631850,144.21462329814713,146.18289159166548,144.67637558842196,144.9904611392038,12930376,139.3137001041716,134.17618074135098,3.46152821482052,0.016978443090978068,0.04847512796196263,142.56984710366478,137.92676847895464,135.1541402218523,138.28698199168332
2024-10-04 08:36:44.631850,147.62353403933284,148.00629496807016,144.8641449348021,146.3654929062109,21154881,140.39163583525888,134.9418855858223,4.34441083166477,0.009483601584568735,0.05435494328867074,144.9904611392038,139.5123482596686,136.222392737257,138.81994278860003
2024-10-07 08:36:44.631850,145.54876864926098,146.2043085124325,144.59456079430282,146.20400577522756,24565646,141.97018805716962,135.77158458129773,4.12619532263507,-0.0011033142291729803,0.08175750691201311,146.3654929062109,142.56984710366478,137.92676847895464,135.1541402218523
2024-10-08 08:36:44.631850,141.5461211146907,141.40423396352242,139.89040022466935,141.39108413863616,27626797,142.70857254308092,136.3830019134946,3.307432433394514,-0.03291921867031966,0.037943037833349624,146.20400577522756,144.9904611392038,139.5123482596686,136.222392737257
2024-10-09 08:36:44.631850,143.2131724388352,143.11612169744885,141.88948692758206,142.6483851792551,13833294,143.3830892145524,137.08231973340514,2.568651365964758,0.00889236438265173,0.03423277984665374,141.39108413863616,146.3654929062109,142.56984710366478,137.92676847895464
2024-10-10 08:36:44.631850,142.87488858067277,143.50606892185334,142.76550458715317,143.28370595871752,43945266,143.92185460013084,137.7917016948535,1.9400680205462235,0.00445375374326229,0.027032429359080234,142.6483851792551,146.20400577522756,144.9904611392038,139.5123482596686
2024-10-11 08:36:44.631850,144.71917226117424,145.29395493682256,141.5669882925808,144.10494751557138,17922233,144.1411546589746,138.31901430807656,1.8462635547052788,0.005731576743907452,0.010767356794529004,143.28370595871752,141.39108413863616,146.3654929062109,142.56984710366478
2024-10-14 08:36:44.631850,139.60515561434636,141.6865077581986,140.4680226585453,140.46846326964274,10456823,143.49515496332305,138.732043323348,2.2471562019969586,-0.02523497151640608,-0.031188243930195814,144.10494751557138,142.6483851792551,146.20400577522756,144.9904611392038
2024-10-15 08:36:44.631850,138.47165542434576,138.37825267195436,135.8487528656035,137.47351678984873,22873470,142.2248726609856,138.9458292392894,2.799530688927617,-0.021321130808165223,-0.060751861246831185,140.46846326964274,143.28370595871752,141.39108413863616,146.3654929062109
2024-10-16 08:36:44.631850,140.42030489192703,140.83683421914984,139.77926338394653,140.41037137418445,24573708,141.39721060369374,139.3176385483838,2.2244091230733134,0.021363057066658087,-0.039627056525046056,137.47351678984873,144.10494751557138,142.6483851792551,146.20400577522756
2024-10-17 08:36:44.631850,139.92290930293984,142.23022971231822,137.41382745332854,140.3414154087412,26174460,141.24725792799444,139.6888717480758,2.2599867627317547,-0.0004911030771330704,-0.0074238678930118596,140.41037137418445,140.46846326964274,143.28370595871752,141.39108413863616
2024-10-18 08:36:44.631850,142.0835108769465,143.4621475050081,140.8524073264439,142.2963732827902,47729785,141.19697051421375,139.97144798735377,2.2272937499682786,0.013930013947452524,-0.0024676893188979587,140.3414154087412,137.47351678984873,144.10494751557138,142.6483851792551
2024-10-21 08:36:44.631850,142.9956842524591,143.09788636070462,141.9048602166585,142.41965423918748,21461594,141.07353455428088,140.3127288401111,2.1134040595850165,0.0008663675226092682,-0.0060303557459561175,142.2963732827902,140.41037137418445,140.46846326964274,143.28370595871752
2024-10-22 08:36:44.631850,142.1305751737123,143.7935540635481,141.95350541164333,142.5471373174288,22752604,140.8509902402605,140.49722286500815,1.799732344645593,0.0008951227899149927,-0.010810247843671461,142.41965423918748,140.3414154087412,137.47351678984873,144.10494751557138
2024-10-23 08:36:44.631850,144.7206180394202,145.6463043078297,145.18659004705,145.26489486928764,13914023,141.5361947544955,140.70629153031211,2.431868612157425,0.019065676119520036,0.03414596762860356,142.5471373174288,142.2963732827902,140.41037137418445,140.46846326964274
2024-10-24 08:36:44.631850,143.64991565773198,144.08761079738346,142.3965676485394,143.80921067390148,36407186,142.44129388078875,140.91756669523696,1.7517004979592121,-0.010020894564347627,0.04608665022906133,145.26489486928764,142.41965423918748,140.3414154087412,137.47351678984873
2024-10-25 08:36:44.631850,143.28064372821365,145.3552036437917,142.51189406978722,144.12881449832855,26486733,142.97250004138078,141.08016214722107,1.5894730530763004,0.002222415538819744,0.026482681355743276,143.80921067390148,142.5471373174288,142.2963732827902,140.41037137418445
2024-10-28 08:36:44.631850,144.13973734887693,143.0357305445627,139.52557457183013,142.83950935601945,19579352,143.32937060527766,141.10810216365195,1.1077102134117651,-0.008945505774100804,0.017800119373191592,144.12881449832855,145.26489486928764,142.41965423918748,140.3414154087412
2024-10-29 08:36:44.631850,141.2399728947755,142.19415534542867,141.36329390051975,141.64109664995678,9319901,143.23575965773003,141.03580985779283,1.2304454420265958,-0.0083899245486464,-0.004605012887652249,142.83950935601945,143.80921067390148,142.5471373174288,142.2963732827902
2024-10-30 08:36:44.631850,141.39324988825248,140.95310364404227,139.5347611042358,140.8077594065179,49734334,143.00548896734864,141.0848440826833,1.5243556531966833,-0.005883442469372668,-0.011317924069401797,141.64109664995678,144.12881449832855,145.26489486928764,142.41965423918748
2024-10-31 08:36:44.631850,141.62373939986185,141.85098779065078,139.2841642547671,141.4755649077851,13074312,142.85240719454242,141.222289735806,1.6283173387214616,0.004742675432674259,-0.007517319742854411,140.8077594065179,142.83950935601945,143.80921067390148,142.5471373174288
2024-11-01 08:36:44.631850,139.4734048275921,140.98019719218743,139.8017950808234,140.16338294328415,17972637,142.12361977654191,141.33728728680825,1.5056195331765367,-0.00927497243326958,-0.03511868390910233,141.4755649077851,141.64109664995678,144.12881449832855,145.26489486928764
2024-11-04 08:36:44.631850,143.72137327007485,147.23085836623952,142.1390975780127,143.72565249240986,28894801,142.11168289347168,141.57644405579393,1.490281617530963,0.02541512251147049,-0.0005810349775237089,140.16338294328415,140.8077594065179,142.83950935601945,143.80921067390148
2024-11-05 08:36:44.631850,141.75070484810064,141.38680825381948,140.52628622340575,141.19720982343813,13279353,141.6928822256302,141.67345165018574,1.215546439954717,-0.017592146044390078,-0.020340170597354268,143.72565249240986,141.4755649077851,141.64109664995678,144.12881449832855
2024-11-06 08:36:44.631850,140.57940088399081,142.71382916988227,140.7084714022496,140.7118538913711,11447078,141.38893144496615,141.73651535361145,1.1450094004804678,-0.003437432883227287,-0.01489542686222256,141.19720982343813,140.16338294328415,140.8077594065179,142.83950935601945
2024-11-07 08:36:44.631850,140.3488550685485,140.80878386646006,138.6944284614449,139.51655999907103,8352122,141.0854262091253,141.8819293461854,1.3331453225767427,-0.008494621165483607,-0.0149994366122157,140.7118538913711,143.72565249240986,141.4755649077851,141.64109664995678
2024-11-08 08:36:44.631850,144.32938993365917,144.98223431344903,142.02765962295175,143.5959625034661,34639266,141.4837409372608,142.12771500505903,1.6216642675572415,0.029239557687074758,0.019801487565032083,139.51655999907103,141.19720982343813,140.16338294328415,140.8077594065179
2024-11-11 08:36:44.631850,144.86608457102307,145.9860748839626,142.99978985312626,144.20353073857382,18391641,141.87345034165918,142.33694041371302,1.9197589152791206,0.004231095530231599,0.01928224024103975,143.5959625034661,140.7118538913711,143.72565249240986,141.4755649077851
2024-11-12 08:36:44.631850,146.88434474774002,147.35322841608158,145.8774250208399,147.2227043130893,104389019,142.8819248230599,142.5939522821604,2.6039677367169345,0.020936890789372775,0.050364947117904846,144.20353073857382,139.51655999907103,141.19720982343813,140.16338294328415
2024-11-13 08:36:44.631850,142.1211987621273,143.1746565688862,140.68397168137938,142.89270681360594,14692129,142.76293258323076,142.60471427249175,2.5778871724241403,-0.02941120746073944,-0.005795386309677131,147.2227043130893,143.5959625034661,140.7118538913711,143.72565249240986
2024-11-14 08:36:44.631850,143.2579064259871,144.58632348034936,141.41418635013568,143.69876533255706,15237567,143.12029765596205,142.5616577456035,2.4967759294141922,0.005641005317385206,0.01771674888085273,142.89270681360594,144.20353073857382,139.51655999907103,141.19720982343813
2024-11-15 08:36:44.631850,146.44220082615143,146.76106222820695,145.45879344369652,146.298651900815,18206760,143.91841165731117,142.55942971209032,2.4915113510591245,0.0180926159124688,0.03970381922305477,143.69876533255706,147.2227043130893,143.5959625034661,140.7118538913711
2024-11-18 08:36:44.631850,146.98331832438097,147.4859199159826,144.5317301817701,146.58330223046556,27277352,144.9279462617961,142.5720729272649,1.7241904282348548,0.001945679785508414,0.050651637565042984,146.298651900815,142.89270681360594,144.20353073857382,139.51655999907103
2024-11-19 08:36:44.631850,148.12493588948988,151.55373775620947,147.74106134309943,149.75090985791138,19094260,145.8072244552883,142.8507337845741,2.3773893918552997,0.021609607501307027,0.04286295552562436,146.58330223046556,143.69876533255706,147.2227043130893,143.5959625034661
2024-11-20 08:36:44.631850,148.2405330390258,148.4532710979901,146.22175966374306,148.24654680963835,32807447,146.38479817972606,143.03733917225355,2.4136832878510526,-0.010045769002007598,0.028036872955587322,149.75090985791138,146.298651900815,142.89270681360594,144.20353073857382
2024-11-21 08:36:44.631850,152.59015763418859,153.15604054406168,152.242505630706,152.46963859893154,14808409,147.1343602205607,143.34353692692736,3.350261073203891,0.02848694880371161,0.03563943693551441,148.24654680963835,146.58330223046556,143.69876533255706,147.2227043130893
2024-11-22 08:36:44.631850,159.30424571045756,159.52646504184514,158.7235528237837,159.525622812191,12105907,149.51049107750143,143.85755943681468,5.218161802726461,0.046277962472385026,0.11640143412134796,152.46963859893154,149.75090985791138,146.298651900815,142.89270681360594
2024-11-25 08:36:44.631850,159.43863069884475,159.36824627110778,155.57011947331713,158.41583955234634,9829441,151.61293025175704,144.45580531290477,5.4461392678735985,-0.006956771208793122,0.10241614940622545,159.525622812191,148.24654680963835,146.58330223046556,143.69876533255706
2024-11-26 08:36:44.631850,157.38307793465293,159.31947219113965,155.94296103901343,157.05187118520425,7946267,153.1491044352412,145.1084171260833,5.208715513167208,-0.008610050428015326,0.07350183439611957,158.41583955234634,152.46963859893154,149.75090985791138,146.298651900815
2024-11-27 08:36:44.631850,162.72317690113434,165.37622255259103,161.2717932253339,161.6641217802171,18642705,155.30350722806284,145.81687547295104,5.158971244663965,0.029367689542354025,0.10288224729744955,157.05187118520425,159.525622812191,148.24654680963835,146.58330223046556
2024-11-28 08:36:44.631850,166.63969141145063,167.73822849409075,165.10763658660923,166.81982389131213,20780172,157.74192351854867,146.69948908903677,6.05341501018055,0.03189144291461421,0.1139820389044468,161.6641217802171,158.41583955234634,152.46963859893154,149.75090985791138
2024-11-29 08:36:44.631850,165.89940822215829,167.14110777976322,163.0943581015129,165.12540148548922,17615354,160.15318847224165,147.4604566957934,4.890759603897309,-0.010157200543065348,0.11385664650607219,166.81982389131213,157.05187118520425,159.525622812191,148.24654680963835
2024-12-02 08:36:44.631850,165.1262840635717,164.619537719739,162.207204099999,163.7872687684976,44978848,161.76999278217968,148.17271051343704,3.6374987909785994,-0.00810373634191719,0.07422874661188694,165.12540148548922,161.6641217802171,158.41583955234634,152.46963859893154
2024-12-03 08:36:44.631850,163.98181219187063,163.15410418830174,160.26035763831885,162.9133503198029,44634385,162.25395385469568,148.85158428018286,3.5123336588109657,-0.005335692177210194,0.021236259403922153,163.7872687684976,166.81982389131213,157.05187118520425,159.525622812191
2024-12-04 08:36:44.631850,157.71567752758534,159.30041436867128,158.1306637259319,158.58164558306353,20431706,162.27764043051238,149.29547597064206,3.4825691103881966,-0.026589010220685605,0.0010466505823263361,162.9133503198029,165.12540148548922,161.6641217802171,158.41583955234634
2024-12-05 08:36:44.631850,155.5180867242682,157.97731176811837,153.23880901714736,155.7155933289075,9850565,162.08674359389857,149.6923553924756,3.835501540317123,-0.018073038929683927,-0.008508512800340595,158.58164558306353,163.7872687684976,166.81982389131213,157.05187118520425
2024-12-06 08:36:44.631850,152.37167925376616,153.1338277011288,151.59881304437857,152.6351005012953,18194819,160.79688341119547,149.97589825924115,5.256348626672852,-0.019782815335041337,-0.05585049533251896,155.7155933289075,162.9133503198029,165.12540148548922,161.6641217802171
2024-12-09 08:36:44.631850,150.7047992391918,150.78875810091156,150.13107890580798,150.33703386115934,17896027,158.44219912117362,150.22581574274582,5.774889308512074,-0.015055951302082482,-0.09880594311675928,152.6351005012953,158.58164558306353,163.7872687684976,166.81982389131213
2024-12-10 08:36:44.631850,150.79356518048564,151.2128860064238,149.497308827098,150.27784650952694,17390463,156.3211198388933,150.5137074047315,5.636114170039096,-0.00039369774773567734,-0.0899168440614937,150.33703386115934,155.7155933289075,162.9133503198029,165.12540148548922
2024-12-11 08:36:44.631850,150.3933988784991,152.7468196518168,150.5120130602594,151.02687557600765,17041132,154.49820652568044,150.85434461038113,4.823885872578085,0.004984294650730359,-0.07790833370892769,150.27784650952694,152.6351005012953,158.58164558306353,163.7872687684976
2024-12-12 08:36:44.631850,155.80835965680797,157.37400259546183,155.08840161082665,155.75552853885586,17422421,153.47566055697374,151.3303433980835,3.242073956389301,0.03131000985628152,-0.04393637333524891,151.02687557600765,150.33703386115934,155.7155933289075,162.9133503198029
2024-12-13 08:36:44.631850,151.1501355039104,152.80795818218823,152.57445996468545,152.69227197173404,19909930,152.63432146964095,151.74797303236517,2.3328778937150045,-0.01966708081477586,-0.03713780109719378,155.75552853885586,150.27784650952694,152.6351005012953,158.58164558306353
2024-12-16 08:36:44.631850,156.8669198827028,156.7882817760038,154.8192221957171,155.74404812084668,17579244,152.63838643991798,152.14858621997973,2.3391580931513514,0.01998644796953175,0.0001827356614125808,152.69227197173404,151.02687557600765,150.33703386115934,155.7155933289075
2024-12-17 08:36:44.631850,154.72681328207798,156.78693174720448,154.86728712232414,155.1242215582353,26806668,152.993975162338,152.61281994447296,2.5207216417133242,-0.003979776884510233,0.01630765825661995,155.74404812084668,155.75552853885586,150.27784650952694,152.6351005012953
2024-12-18 08:36:44.631850,155.06059782077176,157.42589329888284,154.89549044693686,155.01729843559843,28924060,153.66258438725782,153.08966809594722,2.3104637878818495,-0.0006892741930486501,0.03113181399309406,155.1242215582353,152.69227197173404,151.02687557600765,150.33703386115934
2024-12-19 08:36:44.631850,156.91266099982738,158.441340004358,153.81054464245497,157.15597751727609,15320118,154.645174531222,153.67764867988737,2.08240321157541,0.01379638984333198,0.04576942754708102,155.01729843559843,155.74404812084668,155.75552853885586,150.27784650952694
2024-12-20 08:36:44.631850,154.5548495572668,154.25271938436958,152.97018824730372,153.67427477495536,45605216,155.02337441678597,154.01359242227036,1.4644527844217827,-0.022154440431245925,0.01752932508767513,157.15597751727609,155.1242215582353,152.69227197173404,151.02687557600765
2024-12-23 08:36:44.631850,152.69812002155447,156.29294700605695,153.37816173948718,154.89570786562203,14797500,154.90054289203826,154.36999832650528,1.428423825545971,0.00794819492368104,-0.0055203220155317645,153.67427477495536,155.01729843559843,155.74404812084668,155.75552853885586
2024-12-24 08:36:44.631850,155.44492019135095,156.80979059548127,153.66488568942066,155.45783123032083,10757348,155.2956227861221,154.64450255707968,1.0475257139152,0.0036290441642610194,0.018111979230348574,154.89570786562203,157.15597751727609,155.1242215582353,152.69227197173404
2024-12-25 08:36:44.631850,156.9524901414356,158.8029096934464,154.38584576325408,157.03557668947667,29220732,155.48012686735495,155.11593155294204,1.2363873948534505,0.010149025280163038,0.008292635155006778,155.45783123032083,153.67427477495536,155.01729843559843,155.74404812084668
2024-12-26 08:36:44.631850,157.632530591209,159.8700450055908,155.15669606630487,157.9908826576151,16051228,155.88964988155206,155.5923354637773,1.537052650154293,0.006083372878156412,0.018479777500792327,157.03557668947667,154.89570786562203,157.15597751727609,155.1242215582353
2024-12-27 08:36:44.631850,167.2275929417436,168.5200762360228,163.54929503564733,165.79658064829013,28364409,157.429547340508,156.2422664220265,3.9783261970134114,0.04940600279821794,0.06953599579836522,157.9908826576151,155.45783123032083,153.67427477495536,155.01729843559843
2024-12-30 08:36:44.631850,163.00519801031547,165.20621834376308,162.5707259658807,163.73161744785338,7261999,158.36892447344763,156.81387692927274,4.626494666295011,-0.012454799685026274,0.04184148789284481,165.79658064829013,157.03557668947667,154.89570786562203,157.15597751727609
2024-12-31 08:36:44.631850,162.667233787994,163.07637964208112,158.87681857413392,162.04191712704107,48458967,159.56430195231704,157.22357717157703,4.279317807906819,-0.010319939100036368,0.054450508156550725,163.73161744785338,157.9908826576151,155.45783123032083,153.67427477495536
2025-01-01 08:36:44.631850,160.35616074904064,160.5970549767964,159.2292509671125,160.07103199135074,33805927,160.30363397027827,157.61772667763412,3.75300073636779,-0.012162810528495327,0.033411669032291647,162.04191712704107,165.79658064829013,157.03557668947667,154.89570786562203
2025-01-02 08:36:44.631850,159.3394868300869,159.29582881291662,158.0592865577464,158.34073738671685,11407273,160.71547770690628,157.8134299705603,3.2581676630288308,-0.010809542383205084,0.018544618393169232,160.07103199135074,163.73161744785338,157.9908826576151,155.45783123032083
2025-01-03 08:36:44.631850,155.84811169236485,157.22058237241976,155.7435208996607,156.36975265316258,11531712,160.6203599874328,157.7082342985927,3.390532460720403,-0.012447742546130236,-0.0042399566413583445,158.34073738671685,162.04191712704107,165.79658064829013,157.03557668947667
2025-01-06 08:36:44.631850,159.5483174340714,160.3958767225383,159.9253065140102,160.13518799635472,55735784,160.9266893215385,157.76554591339297,3.205168726956416,0.02408033062215109,0.013572335964389781,156.36975265316258,160.07103199135074,163.73161744785338,157.9908826576151
2025-01-07 08:36:44.631850,165.635475531026,164.80009010421213,164.6051081582383,164.73268284878316,16706527,160.77470392160893,158.0215729688456,2.950894996213653,0.02871008495979721,-0.006416886255114385,160.13518799635472,158.34073738671685,162.04191712704107,165.79658064829013
2025-01-08 08:36:44.631850,163.24811909207344,164.5342716050923,160.95453753294692,162.90169128973076,15917147,160.65614304187713,158.0628252858294,2.8263353351149614,-0.011114925874989634,-0.005068820372381322,164.73268284878316,156.36975265316258,160.07103199135074,163.73161744785338
2025-01-09 08:36:44.631850,159.0009252765938,161.42580662736626,157.9137714651926,160.23871918485546,7779276,160.39854333585063,157.8434551289475,2.760386390845863,-0.01634711146208445,-0.011127972157796151,162.90169128973076,160.13518799635472,158.34073738671685,162.04191712704107
2025-01-10 08:36:44.631850,161.36128009214457,162.62793838592643,158.87357102177685,161.79757129979436,20269156,160.6451918084854,157.732527456091,2.8030508807473105,0.009728311127727984,0.01078608219716437,160.23871918485546,164.73268284878316,156.36975265316258,160.07103199135074
2025-01-13 08:36:44.631850,160.36836400700514,160.42503869039294,157.3658945276551,160.0591436235755,21555470,160.89067841375092,157.60825661792694,2.637980983625612,-0.010744460885619422,0.010852584528906029,161.79757129979436,162.90169128973076,160.13518799635472,158.34073738671685
2025-01-14 08:36:44.631850,162.81243921631778,163.74546323475687,160.4730005971008,162.13329186110377,34544073,161.7140411577425,157.5822546693036,1.7375028541585218,0.012958636355110187,0.03685840202564661,160.0591436235755,160.23871918485546,164.73268284878316,156.36975265316258
2025-01-15 08:36:44.631850,162.2869139903688,167.01244607556046,162.38430039281974,162.8399433959625,12000522,162.10043478625792,157.7241979297336,1.6249756562768911,0.004358460417025922,0.016890450084396047,162.13329186110377,161.79757129979436,162.90169128973076,160.13518799635472
2025-01-16 08:36:44.631850,155.6507541636698,158.25405444724746,156.42881182084264,157.95232166120306,11294840,161.13181175946076,157.79875554081016,1.8052596286155034,-0.030014882299944534,-0.04115978123056585,162.8399433959625,160.0591436235755,160.23871918485546,164.73268284878316
2025-01-17 08:36:44.631850,163.31448294653654,166.81821755170017,162.06418921215513,162.88834814435884,30264359,161.1299055958362,158.14053046224555,1.8030850897761155,0.03125010402660133,-8.190918870321084e-05,157.95232166120306,162.13329186110377,161.79757129979436,162.90169128973076
2025-01-20 08:36:44.631850,167.7578895887342,170.11208164795684,167.55853122365977,168.78776560159943,39959021,162.35119794108536,158.75555485359357,3.3395213416154967,0.03621755346191047,0.053351939283049266,162.88834814435884,162.8399433959625,160.0591436235755,160.23871918485546
2025-01-21 08:36:44.631850,165.08762154417823,166.80189774660548,163.159118072514,166.76977725422412,11011203,163.06151307743247,159.3052858784168,3.7103441952805407,-0.011955773809687709,0.030731029609936344,168.78776560159943,157.95232166120306,162.13329186110377,161.79757129979436
2025-01-22 08:36:44.631850,163.1825427361179,165.96182456723733,163.55599468705248,165.5266701315676,41481456,163.84258829285992,159.78861236360217,3.544764961736321,-0.0074540311987196795,0.03415941372803144,166.76977725422412,162.88834814435884,162.8399433959625,160.0591436235755
2025-01-23 08:36:44.631850,167.2004264900839,166.56010586743744,166.16871105245752,166.52269505725815,24612645,164.46964589231055,160.14751791421557,3.580061013201559,0.006017307814498052,0.027072806243363612,165.5266701315676,168.78776560159943,157.95232166120306,162.13329186110377
2025-01-24 08:36:44.631850,167.79438186604057,168.60398992685728,165.9644270063567,167.6865447867521,41695454,165.1620175195662,160.6473270080495,3.6796258896869323,0.006989135799740476,0.02976297639090042,166.52269505725815,166.76977725422412,162.88834814435884,162.8399433959625
2025-01-27 08:36:44.631850,169.75368466924346,171.9521684522196,168.06600378079386,169.94543102366038,23321583,166.8753188570601,161.1207064381433,2.294609632666606,0.013470885453456649,0.07592866781775909,167.6865447867521,165.5266701315676,168.78776560159943,157.95232166120306
2025-01-28 08:36:44.631850,178.05701455200673,178.79935916423324,175.831693957688,176.82891618869476,6843850,168.8668285776795,161.8441962591586,3.8080350970695447,0.040504090775326906,0.08558358042885406,169.94543102366038,166.52269505725815,166.76977725422412,162.88834814435884
2025-01-29 08:36:44.631850,176.81783919545907,177.51708089287413,174.81754382200307,176.25617713434403,22387566,169.93374451092876,162.5521588824501,4.719372163053385,-0.00323894454988094,0.04424735114020506,176.82891618869476,167.6865447867521,165.5266701315676,168.78776560159943
2025-01-30 08:36:44.631850,174.89705711341605,174.74097359683867,173.35938330275144,173.49495757669976,41040580,170.8944845569967,163.09679155109754,4.6519752314814475,-0.015665944890769112,0.04032613362686077,176.25617713434403,169.94543102366038,166.52269505725815,166.76977725422412
2025-01-31 08:36:44.631850,167.58571093442197,169.50088308073205,167.30680250241406,168.76090744499064,15450114,171.35651845891428,163.5996793067654,4.1651257209373105,-0.027286384560290533,0.01953907071804384,173.49495757669976,176.82891618869476,167.6865447867521,165.5266701315676
2025-02-03 08:36:44.631850,166.31575085168456,166.37711860951842,166.11316807354635,166.3444873808361,19895766,171.33106021942538,163.9813052906059,4.199994119495872,-0.014318600798838288,-0.001070170503550627,168.76090744499064,176.25617713434403,169.94543102366038,166.52269505725815
2025-02-04 08:36:44.631850,164.94001164378201,167.40304273572136,163.66188525675315,166.28418094062695,22118684,171.1307225271218,164.34218361428276,4.429959649964272,-0.00036253945747588556,-0.008363007586020377,166.3444873808361,173.49495757669976,176.82891618869476,167.6865447867521
2025-02-05 08:36:44.631850,172.10458248494848,173.3219066444497,170.91891372253917,172.30219788462148,5667411,171.4674035072591,164.85107098745422,4.414393408503117,0.03619115727035571,0.01386778595202709,166.28418094062695,168.76090744499064,176.25617713434403,169.94543102366038
2025-02-06 08:36:44.631850,170.35814500328362,171.17406512271518,170.44400160995676,170.57017725450993,55710198,170.57329794523272,165.27038080735076,3.727922531681738,-0.010052225980723528,-0.03539431824321149,172.30219788462148,166.3444873808361,173.49495757669976,176.82891618869476
2025-02-07 08:36:44.631850,171.92173951895953,172.36784545190636,171.2550999902613,171.3847793192557,15391287,169.87738397164867,165.45665409638292,2.838947890365736,0.0047757590327779376,-0.027638167888863863,170.57017725450993,166.28418094062695,168.76090744499064,176.25617713434403
2025-02-10 08:36:44.631850,171.41894573210618,171.55446328373392,167.9993612139006,171.37990206466725,31104644,169.57523318421545,165.71159691694342,2.4795633650818085,-2.8457921455005142e-05,-0.012190875986107352,171.3847793192557,172.30219788462148,166.3444873808361,173.49495757669976
2025-02-11 08:36:44.631850,176.05170475123253,178.22325289457024,173.0721771974798,175.50465049164347,23130194,170.538625048023,166.1603546957635,3.288550919529667,0.02406786546896167,0.03996033885306671,171.37990206466725,170.57017725450993,166.28418094062695,168.76090744499064
2025-02-12 08:36:44.631850,185.07573674360052,186.71231860163005,183.494626307576,184.42706973116995,45299634,173.12185109807066,166.9722226204241,5.67852841952354,0.05083864851747233,0.10870563031604896,175.50465049164347,171.3847793192557,172.30219788462148,166.3444873808361
2025-02-13 08:36:44.631850,184.49090028806503,185.20285613372738,179.80627363109733,182.5242664080598,29592397,175.44186330770395,167.77834025446887,5.736558114084182,-0.010317375458406275,0.09766464480004555,184.42706973116995,171.37990206466725,170.57017725450993,166.28418094062695
2025-02-14 08:36:44.631850,180.507316095851,181.0902071514436,176.6857252149076,180.79233218404605,21477960,176.65473963619317,168.59242623883165,5.858343470184503,-0.009488788850364416,0.04927467207998015,182.5242664080598,175.50465049164347,171.3847793192557,172.30219788462148
2025-02-17 08:36:44.631850,183.7534275720274,184.71604542802592,183.8754884897387,184.6220954865144,15451898,178.66215652647952,169.40865648850365,5.83337996872468,0.021183217541381527,0.08238203452786141,180.79233218404605,184.42706973116995,171.37990206466725,170.57017725450993
2025-02-18 08:36:44.631850,187.42565534332752,187.51981432449463,186.27539385918973,187.195326829345,35996250,180.92080617077798,170.15741128785572,5.602294471148255,0.013937829792526335,0.09225175988724987,184.6220954865144,182.5242664080598,175.50465049164347,171.3847793192557
2025-02-19 08:36:44.631850,193.38651000342088,194.6390577214538,193.05910766393217,194.16538505537983,9466590,184.17587516945122,171.19953441337734,5.752331692660238,0.03723414651472057,0.13295306343514457,187.195326829345,180.79233218404605,184.42706973116995,171.37990206466725
2025-02-20 08:36:44.631850,197.94716879408006,196.9297802951431,196.1071030751154,196.49120748986655,33362571,187.17395474062596,172.40795069021104,5.945500040056288,0.011978563706519285,0.11957835270708306,194.16538505537983,184.6220954865144,182.5242664080598,175.50465049164347
2025-02-21 08:36:44.631850,194.8618668251053,198.04549281519536,194.94531537030704,195.13820011690737,13942853,188.7041162243027,173.51930498411483,6.47543939761871,-0.006885841815741145,0.05807786460713449,196.49120748986655,187.195326829345,180.79233218404605,184.42706973116995
2025-02-24 08:36:44.631850,196.94341587257776,200.66374421070284,196.64086818815983,197.5019279879755,45178950,190.84378216429064,174.76739779626146,6.566983682126179,0.012113096613846075,0.08205846748306311,195.13820011690737,194.16538505537983,184.6220954865144,182.5242664080598
2025-02-25 08:36:44.631850,201.46471156233798,203.61367232766077,196.82696751137462,201.94060046101785,26183755,193.86496334671523,176.0943080829253,6.013410395854309,0.022474071611658264,0.11697547136812703,197.5019279879755,196.49120748986655,187.195326829345,180.79233218404605
2025-02-26 08:36:44.631850,206.0524651361171,205.5269533932209,203.91456525500746,205.3149559279274,33333114,196.82108626691706,177.5101418339908,5.794648570406302,0.016709643623947334,0.11208225313922138,201.94060046101785,195.13820011690737,194.16538505537983,184.6220954865144
2025-02-27 08:36:44.631850,207.29593871549446,210.86852175226898,207.19780118599326,207.4595693215093,25165747,199.71597805151197,179.16038342266765,5.217390793750591,0.010445480622145897,0.10825186095931771,205.3149559279274,197.5019279879755,196.49120748986655,187.195326829345
2025-02-28 08:36:44.631850,211.2676457706642,212.3203638946378,211.4761143228654,211.94764462647214,10057321,202.2563008473823,180.79569330540477,6.28435763635948,0.02163349379178303,0.0915830572273244,207.4595693215093,201.94060046101785,195.13820011690737,194.16538505537983
2025-03-03 08:36:44.631850,218.77445670275716,220.57267340793084,212.5267856048506,216.9678178452017,15707288,205.18153089814447,182.40169504685818,7.748683118408771,0.02368591180891344,0.10421133147340012,211.94764462647214,205.3149559279274,197.5019279879755,196.49120748986655
2025-03-04 08:36:44.631850,222.07582827706747,223.07717185234924,221.5252792798325,223.030588594566,33807548,209.1661578235243,184.27705542486956,8.820734528604145,0.027943179820750563,0.14293658781800955,216.9678178452017,207.4595693215093,201.94060046101785,195.13820011690737
2025-03-05 08:36:44.631850,226.03132882047947,226.51250434078239,225.08022470656311,225.99114073226906,26253973,213.23604535842335,186.29253777822626,9.109610732083857,0.013274197751792949,0.14424777031051605,223.030588594566,211.94764462647214,205.3149559279274,197.5019279879755
2025-03-06 08:36:44.631850,226.03842856394053,228.14279046811373,220.81655279679012,225.30359396233288,43596827,216.5736158586112,188.2519010750621,8.543741004500337,-0.003042361606337085,0.11569240384538215,225.99114073226906,216.9678178452017,207.4595693215093,201.94060046101785
2025-03-07 08:36:44.631850,224.18861542417483,227.42546324685475,224.15156025686053,226.03228745725937,29551270,219.5332346485158,190.19675916407903,7.520712548436413,0.003234273728666359,0.1009051261545919,225.30359396233288,223.030588594566,211.94764462647214,205.3149559279274
2025-03-10 08:36:44.631850,232.11032868760554,232.42308011422958,230.28048119939672,231.5542967742481,14896681,222.9753385703356,192.25038802243196,6.521281670540069,0.024430179330167112,0.1161417982864803,226.03228745725937,225.99114073226906,216.9678178452017,207.4595693215093
2025-03-11 08:36:44.631850,226.63848265664654,228.56434731708316,227.50548036057492,227.8404637671754,16223444,225.24574130472178,193.95077294171463,4.493309789497387,-0.01603871341974472,0.07498464617859812,231.5542967742481,225.30359396233288,223.030588594566,211.94764462647214
2025-03-12 08:36:44.631850,230.53329837459475,232.5313003390109,227.6585577362943,229.58878985974917,25430471,227.0487373068,195.72852669922813,2.849604915639666,0.00767346617745801,0.05816978821970764,227.8404637671754,226.03228745725937,225.99114073226906,216.9678178452017
2025-03-13 08:36:44.631850,226.75483526666633,229.12225054440913,227.3780616390624,227.8515428581649,7594827,227.73744505874268,197.54041287527699,2.2323469771369195,-0.007566776246547224,0.021615663994693612,229.58878985974917,231.5542967742481,225.30359396233288,223.030588594566
2025-03-14 08:36:44.631850,228.8408223353122,230.58557912184543,225.10304576576738,228.05088936612,55768566,228.03169486357856,199.51674560598127,2.0953450812709007,0.0008748964586964281,0.009114289291061839,227.8515428581649,227.8404637671754,226.03228745725937,225.99114073226906
2025-03-17 08:36:44.631850,235.24389646266775,234.52704510135052,232.70533612208285,233.95034631851718,30125223,229.2669452001763,201.77027423723732,2.684828449418557,0.025869037252145954,0.03837822648150868,228.05088936612,229.58878985974917,231.5542967742481,225.30359396233288
2025-03-18 08:36:44.631850,235.92650573686223,236.08508133780492,233.48792052995398,234.91468528530078,44612172,230.5358591756108,204.05795771539312,2.983643785507162,0.004121981360398097,0.03929703109216631,233.95034631851718,227.8515428581649,227.8404637671754,226.03228745725937
2025-03-19 08:36:44.631850,235.49888479835903,237.88500076382536,235.0217057612535,235.2033322328031,10959289,231.05714995540438,206.15466219366584,3.470318488995464,0.001228730963122926,0.01575887603637338,234.91468528530078,228.05088936612,229.58878985974917,231.5542967742481
2025-03-20 08:36:44.631850,228.61234194311234,232.49453404679514,227.9023809601625,228.87703931815858,45004929,231.20523217697337,208.0982242624541,3.3294388024875166,-0.02689712281959844,0.004549567420308653,235.2033322328031,233.95034631851718,227.8515428581649,227.8404637671754
2025-03-21 08:36:44.631850,231.692019377374,234.72039877309206,231.38995852571242,232.36170856541258,73717402,231.60136342063956,210.13078857065935,3.2694823385794685,0.015225071320544403,0.012077761755516558,228.87703931815858,234.91468528530078,228.05088936612,229.58878985974917
2025-03-24 08:36:44.631850,237.16277004295688,237.34014424907505,231.2498486229146,235.43113322161994,12479037,232.6841620439903,212.26582960922443,3.0696335568577067,0.013209683622821489,0.03326547746123132,232.36170856541258,235.2033322328031,233.95034631851718,227.8515428581649
2025-03-25 08:36:44.631850,244.82842587696294,248.7774270586866,243.0737405030085,245.68771278068297,35523354,235.2037082460707,214.6052650188591,5.1595255861305835,0.04356509446610923,0.07733722707061341,235.43113322161994,228.87703931815858,234.91468528530078,228.05088936612
2025-03-26 08:36:44.631850,242.98256034986773,244.8206638180258,243.6321754190045,244.2490724827316,24168361,236.6749548409585,216.5993317772445,6.121273803918675,-0.005855564699060012,0.04402099131835868,245.68771278068297,232.36170856541258,235.2033322328031,233.95034631851718
2025-03-27 08:36:44.631850,246.20927652750336,246.53730279422277,241.99534925076156,245.39289248980052,11159292,238.17184158445846,218.69495264663587,6.856130545914053,0.004683006553278801,0.044604308971889495,244.2490724827316,235.43113322161994,228.87703931815858,234.91468528530078
2025-03-28 08:36:44.631850,245.70845329595164,249.12610998950643,245.59465517465142,246.69045002725832,30905415,239.81285841223777,220.8915565747429,7.3817708444877095,0.005287673674215121,0.04883909460553615,245.39289248980052,245.68771278068297,232.36170856541258,235.2033322328031
2025-03-31 08:36:44.631850,253.33812981218537,254.7406416397698,251.7439223846986,254.547310351903,36645514,243.480039988487,223.22239707025588,7.4197667810916865,0.031849065595269455,0.11215747595397962,246.69045002725832,244.2490724827316,235.43113322161994,228.87703931815858
2025-04-01 08:36:44.631850,252.3041527895715,254.95138591006736,252.95285871901174,254.13853011585553,17884352,246.59101449569314,225.45383717980621,6.4878940597753605,-0.0016059106477390728,0.0937194931337515,254.547310351903,245.39289248980052,245.68771278068297,232.36170856541258
2025-04-02 08:36:44.631850,255.01573569111207,256.02091755248426,252.19157714503038,255.63297408348942,43269487,249.47699176167447,227.50275681407658,5.024417804794115,0.005880430515406765,0.08580785635879651,254.13853011585553,246.69045002725832,244.2490724827316,235.43113322161994
2025-04-03 08:36:44.631850,258.71059129698244,260.97912891038584,257.46595510163246,258.8176318299907,10497191,251.35269448300417,229.58030429208068,5.769600541649374,0.012457930194330835,0.05344149652704999,255.63297408348942,254.547310351903,245.39289248980052,245.68771278068297
2025-04-04 08:36:44.631850,260.1770823250898,265.2911328062136,259.60678798072985,259.8612317462037,11439947,253.58300294921446,231.7377386797239,5.580375917990676,0.0040321824631270875,0.0639190114614494,258.8176318299907,254.13853011585553,246.69045002725832,244.2490724827316
2025-04-07 08:36:44.631850,258.8443470310083,261.7606141851938,251.76475131704953,257.61897433632737,25862347,255.3295860701469,233.74164022466897,4.37227743531978,-0.008628672291010608,0.049822477425808254,259.8612317462037,255.63297408348942,254.547310351903,245.39289248980052
2025-04-08 08:36:44.631850,259.3778180046096,259.1742023417105,256.39637931610366,258.69628532661636,24463496,257.0447053986266,235.63349638685557,2.266032213949062,0.004181799857966073,0.048667612783678704,257.61897433632737,258.8176318299907,254.13853011585553,246.69045002725832
2025-04-09 08:36:44.631850,264.0765200126228,269.6777588571093,262.8122134644159,264.3287851221631,16881235,258.4420589372352,237.6006240266634,3.2650183507478583,0.021772634997195395,0.03842694215365117,258.69628532661636,259.8612317462037,255.63297408348942,254.547310351903
2025-04-10 08:36:44.631850,258.7246880154103,258.9989432457248,255.6759427276092,258.98133291764697,36208237,259.1338879089197,239.3180161465347,2.6577601412776866,-0.020230305988221176,0.019055759862873778,264.3287851221631,257.61897433632737,258.8176318299907,254.13853011585553
2025-04-11 08:36:44.631850,260.4103218869718,260.2413827241425,256.4014104006593,259.7477605864859,31498395,259.72171455220484,240.9113533452018,2.1634769363482103,0.0029593934829375,0.01609646219447658,258.98133291764697,258.69628532661636,259.8612317462037,255.63297408348942
2025-04-14 08:36:44.631850,257.81867840817233,257.10432302210324,255.4386849758283,256.1885886382532,37097848,259.3461369533852,242.21871237163683,2.541718518074971,-0.013702416298783326,-0.010157898336170867,259.7477605864859,264.3287851221631,257.61897433632737,258.8176318299907
2025-04-15 08:36:44.631850,262.5543084236484,262.86191859204564,262.0067603782564,262.3885913992678,22712631,259.70718833239437,243.53064579846026,2.794062092856917,0.02420093257849687,0.009725804946281613,256.1885886382532,258.98133291764697,258.69628532661636,259.8612317462037
2025-04-16 08:36:44.631850,253.87706269288265,257.9675126735108,252.9111885731789,254.47397064900707,32647868,259.2579020913486,244.48007346235153,3.3777117652842863,-0.03016373809567552,-0.012207966029763151,262.3885913992678,259.7477605864859,264.3287851221631,257.61897433632737
2025-04-17 08:36:44.631850,250.45614148767632,257.2730739263088,251.3508301259462,251.7056916050482,19330115,258.25924584541036,245.36014338377535,4.438334717213644,-0.01087843694543178,-0.02702239698858533,254.47397064900707,256.1885886382532,258.98133291764697,258.69628532661636
2025-04-18 08:36:44.631850,251.8470315276602,257.5701474500711,249.65009996095642,253.68013083042476,67450823,256.7380095180191,246.28173816288088,3.7886399915658955,0.007844237501290374,-0.04028564004793089,251.7056916050482,262.3885913992678,259.7477605864859,264.3287851221631
2025-04-21 08:36:44.631850,262.5708924873884,265.42556447225024,259.8792197908773,261.69908168076074,16090299,257.1262593413211,247.2865643264313,4.176268860392519,0.03161048058468685,0.01049399480841351,253.68013083042476,254.47397064900707,256.1885886382532,258.98133291764697
2025-04-22 08:36:44.631850,262.18897036031495,262.13057414554936,258.4504777689964,261.4334557464035,69209501,257.36707293559505,248.4063307257389,4.395472355142802,-0.0010150052214598082,0.006489738953327162,261.69908168076074,251.7056916050482,262.3885913992678,259.7477605864859
2025-04-23 08:36:44.631850,259.3554879858923,259.718995572705,258.32055937925475,258.60893116528405,24580007,257.71283615374233,249.37366876925674,4.382495190173154,-0.010803990533863939,0.009447503262717483,261.4334557464035,253.68013083042476,254.47397064900707,256.1885886382532
2025-04-24 08:36:44.631850,268.2435228315692,269.9959665139874,266.25553383357294,268.41619422627457,12142770,258.57392227188615,250.72582381486038,5.813009638504832,0.0379231413888117,0.022972046135324442,258.60893116528405,261.69908168076074,251.7056916050482,262.3885913992678
2025-04-25 08:36:44.631850,262.55741490772346,264.88999420957765,259.7124874171559,260.723311477813,47871920,259.46668524742984,251.8149045519168,5.552440557676537,-0.028660278008324935,0.024557878406454403,268.41619422627457,261.4334557464035,253.68013083042476,254.47397064900707
2025-04-28 08:36:44.631850,248.73238839198922,250.48829157597422,248.30463660245726,249.3359290651138,25724404,259.12814774172494,252.32775731013672,6.1451135314743555,-0.04367611913240166,-0.009414815075587613,260.723311477813,258.60893116528405,261.69908168076074,251.7056916050482
2025-04-29 08:36:44.631850,252.8067104598592,256.69822145699476,250.40317811008381,251.6049580779558,36967956,258.8316944913722,252.88409973655854,6.492005656086757,0.009100289001066741,-0.008180273108799874,249.3359290651138,268.41619422627457,261.4334557464035,253.68013083042476
2025-04-30 08:36:44.631850,249.10578817741393,252.55045620480598,246.02683227500333,249.1540529239572,44541324,257.0395475261146,253.34912375959703,7.25521796628586,-0.009741084487052243,-0.04793684668755105,251.6049580779558,260.723311477813,258.60893116528405,261.69908168076074
2025-05-01 08:36:44.631850,243.39729971797436,244.60306170549376,243.8282572037973,244.13991323249303,28601730,254.56904145269877,253.85788622340817,8.368586699470097,-0.02012465634261429,-0.06614892674901418,249.1540529239572,249.3359290651138,268.41619422627457,261.4334557464035
2025-05-02 08:36:44.631850,248.40568242307984,249.31146078696494,246.28344915796913,247.67191683808957,17963986,253.00661083452815,254.36822649916405,8.508434570890188,0.014467128945987007,-0.0422917115735818,244.13991323249303,251.6049580779558,260.723311477813,258.60893116528405
2025-05-05 08:36:44.631850,249.4637727008969,250.0141328978344,241.66089432553414,248.95387021526517,39344104,250.22627883295536,254.81898439895224,5.151350583904951,0.0051760142754240235,-0.07250800968663862,247.67191683808957,249.1540529239572,249.3359290651138,268.41619422627457
2025-05-06 08:36:44.631850,246.65943431361833,246.26711086266894,241.1651382072415,246.21996521177704,24164079,248.15437222352165,254.83672614665537,2.4163247755744868,-0.010981572614734536,-0.055627347565621044,248.95387021526517,244.13991323249303,251.6049580779558,260.723311477813
2025-05-07 08:36:44.631850,240.08663078856097,241.5285997780781,237.37617260498854,239.9891011113159,34035985,246.81911108726482,254.69472710094152,3.8259393656605196,-0.025306087973417934,-0.037486887625236553,246.21996521177704,247.67191683808957,249.1540529239572,249.3359290651138
2025-05-08 08:36:44.631850,244.20242616080805,245.44032456840677,243.32959320167706,244.24870284108798,8228668,245.76821748199797,254.6565874459844,3.2608510577466956,0.017749146565603002,-0.029237322241434605,239.9891011113159,248.95387021526517,244.13991323249303,251.6049580779558
2025-05-09 08:36:44.631850,250.45378210425565,251.96392231123352,247.45161652987193,247.4981933379833,30204179,245.53166611257316,254.6835122230086,3.025892063906554,0.013304023559173261,-0.006645926753113152,244.24870284108798,246.21996521177704,247.67191683808957,249.1540529239572
2025-05-12 08:36:44.631850,248.5445655483101,247.55321385533472,244.1865844147372,247.0815258538221,17552502,245.95189648704874,254.43465273973922,3.004581802829975,-0.001683517275587687,0.012048880424266217,247.4981933379833,239.9891011113159,248.95387021526517,244.13991323249303
2025-05-13 08:36:44.631850,257.2072822162205,258.1256512427357,251.93523168201364,256.28104804520973,55210009,247.18177237378018,254.50607000405105,4.954960643730219,0.03723273992095333,0.034760223593489625,247.0815258538221,244.24870284108798,246.21996521177704,247.67191683808957
2025-05-14 08:36:44.631850,251.0133204491265,254.11755719825217,246.1132968008456,250.8730834513977,32984347,247.45594569322768,254.3474069829813,5.119717758069577,-0.021101695326523062,0.007709111870697338,256.28104804520973,247.4981933379833,239.9891011113159,248.95387021526517
2025-05-15 08:36:44.631850,244.51925823543127,245.62103440243843,242.91285473957913,243.2940813061809,27232696,247.03796227814252,253.82995529885432,5.351628350517858,-0.03021050341849474,-0.011883211432832108,250.8730834513977,247.0815258538221,244.24870284108798,246.21996521177704
2025-05-16 08:36:44.631850,240.62192134435708,241.13410337694873,237.5438498757722,240.00032676637096,30803996,247.0395659431504,253.1679251328599,5.3491651662909145,-0.01353816139762487,4.677568690869549e-05,243.2940813061809,256.28104804520973,247.4981933379833,239.9891011113159
2025-05-19 08:36:44.631850,239.8849401981158,243.41321812962488,239.43308218967144,239.85351368797492,14662145,246.41168177841993,252.57574311124816,5.955000256744895,-0.000611720327109988,-0.01799472874160002,240.00032676637096,250.8730834513977,247.0815258538221,244.24870284108798
2025-05-20 08:36:44.631850,240.7268503360428,241.9501443114786,237.87003757668586,241.09278618086017,54386599,245.4966236131166,251.98895980638963,6.245278099418482,0.00516678898645373,-0.02588062187741269,239.85351368797492,243.2940813061809,256.28104804520973,247.4981933379833
2025-05-21 08:36:44.631850,239.90480697302775,240.7532537985229,239.01352460502773,240.00190855039705,65377270,244.48524971262734,251.17806392066407,6.51333029993379,-0.004524721157126543,-0.028652960916282666,241.09278618086017,240.00032676637096,250.8730834513977,247.0815258538221
2025-05-22 08:36:44.631850,237.93131777978334,241.76550158963346,241.44483441402798,241.7637884645401,29398574,242.4113554868174,250.60414577222716,3.9306289102208516,0.007341107930285862,-0.05664585692699631,240.00190855039705,239.85351368797492,243.2940813061809,256.28104804520973
2025-05-23 08:36:44.631850,236.0330617111018,238.73305046548234,234.71302501330422,235.78477934897927,53500512,240.2558834721862,249.80537973097697,2.3269191255893107,-0.02473078848380883,-0.06014317636169009,241.7637884645401,241.09278618086017,240.00032676637096,250.8730834513977
2025-05-26 08:36:44.631850,242.07119167690368,244.13080943541755,242.13327665179182,242.66386915484955,18172606,240.16585316485316,249.35455574819682,2.198420890774134,0.029175292081465187,-0.0025903307961621103,235.78477934897927,240.00190855039705,239.85351368797492,243.2940813061809
2025-05-27 08:36:44.631850,244.26778789785527,244.47619385484904,242.11647003103636,242.33796585950856,16214933,240.49980160672996,248.6862015635382,2.341948978764448,-0.0013430235678515423,0.009740149626600969,242.66386915484955,241.7637884645401,241.09278618086017,240.00032676637096
2025-05-28 08:36:44.631850,247.8499010428875,248.94632830842315,247.6254933405731,247.8259312310739,24654312,241.6387183986012,248.46460024960706,3.5842925174042857,0.02264591663176252,0.03323869398665669,242.33796585950856,235.78477934897927,240.00190855039705,239.85351368797492
2025-05-29 08:36:44.631850,248.1151831488914,250.77222409007447,249.46856690133018,249.59900357289413,30022886,242.85389231174895,248.39437731520195,4.651424185079385,0.0071545069275540385,0.03528192413709497,247.8259312310739,242.66386915484955,241.7637884645401,241.09278618086017
2025-05-30 08:36:44.631850,251.8911487232213,252.62387703971274,249.28174949848977,251.95398624155592,19835953,244.5613319819145,248.33683916223967,5.5390271146767205,0.00943506438307562,0.049799927689529566,249.59900357289413,242.33796585950856,235.78477934897927,240.00190855039705
2025-06-02 08:36:44.631850,253.5673903325691,256.01387674296154,253.07299618179087,254.90067518711865,31606839,246.43803008514,248.11022561245156,6.563874948681525,0.011695345604644025,0.05433769385403786,251.95398624155592,247.8259312310739,242.66386915484955,241.7637884645401
2025-06-03 08:36:44.631850,257.8685126146183,257.4297021541849,253.95485372033946,257.25956967438407,28153851,249.50585727448353,247.9710960767176,5.718970598512241,0.009254171200346217,0.09107793295520783,254.90067518711865,249.59900357289413,242.33796585950856,235.78477934897927
2025-06-04 08:36:44.631850,261.022847115169,266.11647128111616,258.0950647336768,260.6436791577555,14663128,252.07440156061298,248.0389210098,6.154890804142184,0.013154455197350812,0.07409347780337505,257.25956967438407,251.95398624155592,247.8259312310739,242.66386915484955
2025-06-05 08:36:44.631850,268.932408020513,268.3117420856521,262.01480019758077,267.650576373814,31308384,255.69048877694232,248.01340041471798,6.874863868014704,0.026883050602648728,0.10445169177073965,260.6436791577555,254.90067518711865,249.59900357289413,242.33796585950856
2025-06-06 08:36:44.631850,267.71997431714766,269.7460085126818,265.68219861259496,268.7828516335312,37197946,258.68433454872195,248.28205175324192,7.420685407048224,0.004230423394029348,0.08456306528680813,267.650576373814,257.25956967438407,251.95398624155592,247.8259312310739
2025-06-09 08:36:44.631850,272.7212132869599,274.4405311558661,268.8946214195459,272.6748475246918,26317236,261.980883684693,249.06001570189449,7.826450796408126,0.014480075151770189,0.09245166695971396,268.7828516335312,260.6436791577555,254.90067518711865,249.59900357289413
2025-06-10 08:36:44.631850,270.40902280980214,274.29346785760805,271.4445377890795,272.26727664380337,42983378,264.88278231358555,249.74875965408944,7.232381933810235,-0.0014947138857446252,0.0806230165486348,272.6748475246918,267.650576373814,257.25956967438407,251.95398624155592
2025-06-11 08:36:44.631850,281.17365491852604,280.6986663014409,272.89713962888317,280.19089267276223,13141662,268.49567052582034,250.7833209790496,7.715451402485947,0.029102344308989503,0.09921596899293594,272.26727664380337,268.7828516335312,260.6436791577555,254.90067518711865
2025-06-12 08:36:44.631850,277.20187006016175,278.2799869394745,275.4856027262594,276.4845706823446,30522516,271.24209924124324,251.86147622737795,6.350086752815293,-0.013227846041185432,0.07472997421356875,280.19089267276223,272.6748475246918,267.650576373814,257.25956967438407
2025-06-13 08:36:44.631850,287.23646644806036,290.31204261941974,286.3422564886578,286.52616090190577,13454977,274.93959663326467,253.15661769617185,6.677290299246534,0.03631880865821624,0.09930216542287518,276.4845706823446,272.26727664380337,268.7828516335312,260.6436791577555
2025-06-16 08:36:44.631850,286.38431098875117,290.4474800541144,283.48782136138266,286.3819926816201,13838419,277.6155132486656,254.4042217783837,7.014177752941237,-0.000503159012886889,0.0699845917075288,286.52616090190577,280.19089267276223,272.6748475246918,267.650576373814
2025-06-17 08:36:44.631850,278.8500431474802,279.9437591084917,276.83922939673903,278.2729427829483,17619813,278.97124055572516,255.4726543640894,5.841553217630457,-0.028315502042360885,0.03530765110847267,286.3819926816201,276.4845706823446,272.26727664380337,268.7828516335312
2025-06-18 08:36:44.631850,281.3079941537522,284.27832607020844,274.79907819283306,279.06938451619743,15081357,279.88474584022595,256.77533047758544,5.152120723037262,0.0028620882982157703,0.02345114354900879,278.2729427829483,286.52616090190577,280.19089267276223,272.6748475246918
2025-06-19 08:36:44.631850,274.9593857786815,278.12610000111226,273.52100247226707,275.35189199404726,18365823,280.3254051759751,257.8121034493508,4.480099518046186,-0.013321033149497619,0.011329364983803769,279.06938451619743,286.3819926816201,276.4845706823446,272.26727664380337
2025-06-20 08:36:44.631850,280.25810098712384,281.9813547519283,277.4745825853722,280.0639533957782,21702214,280.3072709935488,258.8976287846106,4.480991550044622,0.01711287097977454,-0.00045304569243187487,275.35189199404726,278.2729427829483,286.52616090190577,280.19089267276223
2025-06-23 08:36:44.631850,274.99091497500234,278.67846358574633,272.0752025652047,276.49244354731064,36710641,280.30839568854395,259.8779927077269,4.479873018106416,-0.012752479586047971,2.8474879978368506e-05,280.0639533957782,279.06938451619743,286.3819926816201,276.4845706823446
2025-06-24 08:36:44.631850,272.9180776684095,279.5082777659193,273.2116834866663,274.1080643259772,20571567,278.5343818919827,260.47222658375244,4.044939300215675,-0.008623668664295647,-0.043340184145279514,276.49244354731064,275.35189199404726,278.2729427829483,286.52616090190577
2025-06-25 08:36:44.631850,263.960560854493,266.1864829124871,263.2683634145733,263.83152970078356,10931806,275.31288718043464,260.9041747920653,5.478927417379864,-0.03749081461891057,-0.07874260099135,274.1080643259772,280.0639533957782,279.06938451619743,286.3819926816201
2025-06-26 08:36:44.631850,262.9675515244104,264.69153138646396,260.2263457069096,261.5240257976775,42713856,272.9201847539674,261.5118396084485,7.319010277137747,-0.008746126384981512,-0.06018880893617773,263.83152970078356,276.49244354731064,275.35189199404726,278.2729427829483
2025-06-27 08:36:44.631850,248.60545662472796,250.74347982821337,247.59189534214212,248.92442941446143,15894042,268.6137625965765,261.80930969671823,11.027043896976494,-0.048177586532579086,-0.10801957066697288,261.5240257976775,274.1080643259772,280.0639533957782,279.06938451619743
2025-06-30 08:36:44.631850,240.82925111697853,241.14807892851593,239.88036924097523,241.113664611603,23456068,263.72258725622737,261.85131472750584,14.565724667696935,-0.03137805646971448,-0.12434353413916055,248.92442941446143,263.83152970078356,276.49244354731064,275.35189199404726
2025-07-01 08:36:44.631850,244.35479078502075,247.18867457897719,240.11464470867057,244.85292599833298,30197456,258.6924404851638,261.97665272142154,14.052693949813241,0.015508293122886041,-0.12572495307057963,241.113664611603,261.5240257976775,274.1080643259772,280.0639533957782
2025-07-02 08:36:44.631850,248.10932214441743,249.78709375468236,246.7457327184179,248.77449123804467,26690151,254.73273301241147,262.26907214434317,11.948778660392746,0.016016003173016546,-0.10024849848933803,244.85292599833298,248.92442941446143,263.83152970078356,276.49244354731064
2025-07-03 08:36:44.631850,251.3361223621628,252.68840921939264,250.84529755964138,250.96598335494477,41744980,251.4267214451211,262.57581197402334,8.355804578660228,0.008809151235699364,-0.08442685197145894,248.77449123804467,241.113664611603,261.5240257976775,274.1080643259772
2025-07-04 08:36:44.631850,244.34467861657694,246.44840990709173,245.73681682516374,246.18771077712736,30691661,248.9061758845988,262.92257635496156,6.4292655931230955,-0.019039522862584257,-0.06687532359633586,250.96598335494477,244.85292599833298,248.92442941446143,263.83152970078356
2025-07-07 08:36:44.631850,247.60237445175326,247.4644597663416,245.14913714273325,246.02664809942718,15702731,246.69226478484876,263.0346689864475,3.234822605515882,-0.0006542271228395791,-0.05925795020546043,246.18771077712736,248.77449123804467,241.113664611603,261.5240257976775
2025-07-08 08:36:44.631850,245.2639850039418,250.94640862242403,243.17737629641604,246.08272968151502,71791819,246.28630768014213,263.1594944471811,3.0827430871279984,0.0002279492181886944,-0.011415913414488332,246.02664809942718,250.96598335494477,244.85292599833298,248.92442941446143
2025-07-09 08:36:44.631850,241.32341186529797,244.21678833897377,238.94707402656343,240.45548360675585,26619823,246.19228182230682,262.9138128597038,3.27109096668826,-0.022867293783850884,-0.0027297540598015813,246.08272968151502,246.18771077712736,248.77449123804467,241.113664611603
2025-07-10 08:36:44.631850,246.18436836842594,251.7643950743781,247.64558485499842,247.7576275659378,22439422,246.60723918910753,262.8524336594719,3.257077489461713,0.030367966035343086,0.011863046176644909,240.45548360675585,246.02664809942718,250.96598335494477,244.85292599833298
2025-07-11 08:36:44.631850,253.0227574238973,252.44258304356265,252.05030827535907,252.17941884678453,39112892,247.0936574189275,262.8599480796462,3.8372583195958145,0.017847245811513535,0.013686803626026922,247.7576275659378,246.08272968151502,246.18771077712736,248.77449123804467
2025-07-14 08:36:44.631850,251.9843832617738,253.39783216801015,249.8804363990293,251.14062033359207,27363634,247.1186055587343,262.73461291786197,3.8670822825054025,-0.004119283476593294,0.0006958591611210263,252.17941884678453,240.45548360675585,246.02664809942718,250.96598335494477
2025-07-15 08:36:44.631850,251.8338529300536,254.6947617139079,247.90129909684964,251.35100504535762,29491542,247.85621902562428,262.53766076356106,4.142545055320879,0.0008377167798905294,0.020972997603867283,251.14062033359207,247.7576275659378,246.08272968151502,246.18771077712736
2025-07-16 08:36:44.631850,251.21861840223104,252.95143464124513,251.65852840846898,252.47395491110703,83980232,248.77726285586428,262.26533662200615,4.378012867076041,0.00446765615895095,0.026205725523985812,251.35100504535762,252.17941884678453,240.45548360675585,246.02664809942718
2025-07-17 08:36:44.631850,242.54225232204695,244.4726047823884,242.09222353420932,242.23999955536058,21050592,248.22830140927076,261.41831739472434,4.972721785387866,-0.040534697368485806,-0.015615602651708915,252.47395491110703,251.14062033359207,247.7576275659378,246.08272968151502
2025-07-18 08:36:44.631850,239.68888274764845,241.42268682314239,239.90899103348207,241.1151465745895,20606550,248.32253897610414,260.4960605594263,4.804266884885835,-0.004643547650411972,0.002743389162679577,242.23999955536058,251.35100504535762,252.17941884678453,240.45548360675585
2025-07-21 08:36:44.631850,237.59808617249266,241.49376511664317,236.62931803997753,237.89874648021086,25604770,246.91412739242887,259.3368571912769,6.230795088110963,-0.013339684959955966,-0.039792442245206394,241.1151465745895,252.47395491110703,251.14062033359207,247.7576275659378
2025-07-22 08:36:44.631850,234.40475170181134,236.58863925092322,230.35742381770444,233.204433208085,41274604,244.20341515832894,258.03476241008633,7.546892731409591,-0.019732400197898237,-0.07524398987622416,237.89874648021086,242.23999955536058,251.35100504535762,252.17941884678453
2025-07-23 08:36:44.631850,232.88734596020365,231.99135977302217,229.92952429558068,231.96331784850548,11372775,241.46380051760232,256.42717658261114,8.071454714495435,-0.0053220058577191365,-0.07636081514656301,233.204433208085,241.1151465745895,252.47395491110703,251.14062033359207
2025-07-24 08:36:44.631850,240.3911013043639,243.38326732723664,236.25757338503172,240.3728534682515,9040473,239.89549314944426,255.22345267547465,6.795912047358656,0.03625373053699055,-0.043676577203759614,231.96331784850548,237.89874648021086,242.23999955536058,251.35100504535762
2025-07-25 08:36:44.631850,242.3388371611913,244.4113272824166,239.26984425346058,243.52578986804215,18010083,238.61718385757788,253.79010697434586,4.483847952900204,0.013116857225340173,-0.03544193319352651,240.3728534682515,233.204433208085,241.1151465745895,252.47395491110703
2025-07-28 08:36:44.631850,241.59425350627913,242.95268613179405,239.7699114713691,240.81691131214484,10670980,238.41388553711846,252.27127092869668,4.3215361974057585,-0.011123579795655925,-0.005874703788919522,243.52578986804215,231.96331784850548,237.89874648021086,242.23999955536058
2025-07-29 08:36:44.631850,243.67051961633436,244.67208182646422,242.48853656197548,243.6469087230726,19532383,238.77556584404465,251.1170697933675,4.676645567679423,0.011751655627123103,0.010500220265921456,240.81691131214484,240.3728534682515,233.204433208085,241.1151465745895
2025-07-30 08:36:44.631850,247.63232786024497,257.0635460338638,248.54579479614668,250.53897532226964,31054362,240.5813128214816,250.1660561535699,6.403254614179931,0.028287108731720023,0.05313280977338075,243.6469087230726,243.52578986804215,231.96331784850548,237.89874648021086
2025-07-31 08:36:44.631850,256.24609316699156,255.75508224261014,254.16401857302654,255.24727252417472,15473285,243.73028986663726,249.49590217124083,7.497440052868314,0.01879267365825532,0.09452152779797807,250.53897532226964,240.81691131214484,240.3728534682515,233.204433208085
2025-08-01 08:36:44.631850,255.5972835062068,256.7446836367895,252.3574452245746,255.6282564915666,11835176,247.11099538707455,248.68137894110043,6.587430387982926,0.0014926073984034005,0.1020201765630746,255.24727252417472,243.6469087230726,243.52578986804215,231.96331784850548
2025-08-04 08:36:44.631850,253.9149166325178,253.41786816335718,246.80224458961888,252.3974385576111,25007055,248.8287932569831,247.87821210811046,6.086235192672992,-0.012638735554111435,0.05002472165995986,255.6282564915666,250.53897532226964,240.81691131214484,240.3728534682515
2025-08-05 08:36:44.631850,254.5958193466875,259.16132795395816,254.7107378950792,255.99775330712393,37179635,250.61050231970904,247.2745350741487,6.100604968514332,0.014264466272271736,0.05121413812409714,252.3974385576111,255.24727252417472,243.6469087230726,243.52578986804215
2025-08-06 08:36:44.631850,253.98981571241015,260.85345378617114,251.654317907157,258.0891801256592,10350167,253.07796929306824,247.08312342164456,4.842549775008172,0.008169707708435059,0.07172365395520819,255.99775330712393,255.6282564915666,250.53897532226964,240.81691131214484
2025-08-07 08:36:44.631850,263.15409917228635,264.5749227856474,260.2497551285777,262.787400563917,36401341,255.81232527033174,247.12523591385255,3.9516444635156103,0.01820386440055466,0.07855832007538144,258.0891801256592,252.3974385576111,255.24727252417472,243.6469087230726
2025-08-08 08:36:44.631850,266.5926175893437,269.37904885228596,261.86762489467776,266.2045397175962,36348122,258.0502630410927,247.7012395906237,4.8101335216880035,0.013003436033639293,0.06252745456141451,262.787400563917,255.99775330712393,255.6282564915666,250.53897532226964
2025-08-11 08:36:44.631850,269.5740809825714,276.707802268793,270.29061074672256,271.87231502933025,38920923,260.4252691132578,248.72652793788126,6.862119393290519,0.02129105430638667,0.06513308581419208,266.2045397175962,258.0891801256592,252.3974385576111,255.24727252417472
2025-08-12 08:36:44.631850,267.7272689768201,269.9035666676478,265.88531550943475,269.0435640027954,44421764,262.34174161486186,249.53288253803004,7.165725180458708,-0.010404704231211204,0.05247975202487587,271.87231502933025,262.787400563917,255.99775330712393,255.6282564915666
2025-08-13 08:36:44.631850,280.018139825903,277.6056152259342,275.66627521509736,276.21300496428404,72638595,265.74396538724375,250.447499662238,7.3096124111130285,0.026647881312686472,0.0943574013380366,269.0435640027954,266.2045397175962,258.0891801256592,252.3974385576111
2025-08-14 08:36:44.631850,276.96359771683456,277.61359415024026,271.6513476011227,277.38746047761015,20215374,268.7996378401703,251.32821556632683,7.021455103654963,0.004251992093847967,0.0835542769190818,276.21300496428404,271.87231502933025,262.787400563917,255.99775330712393
2025-08-15 08:36:44.631850,290.03987974227147,289.98843196008573,283.6904403856545,288.98370358147486,25515222,273.21314119100117,252.7547486598051,8.680769102218896,0.041805217452505206,0.11970483784238328,277.38746047761015,269.0435640027954,266.2045397175962,258.0891801256592
2025-08-18 08:36:44.631850,284.15964405581883,286.47614360004206,282.08996860435326,285.0871177298541,19614522,276.3988150718493,254.05676431415264,8.300503377630942,-0.013483756361791333,0.08485839548655694,288.98370358147486,276.21300496428404,271.87231502933025,262.787400563917
2025-08-19 08:36:44.631850,291.9867269048312,297.06447851150114,290.6521806240614,295.0706622077278,24178839,280.5225468561538,255.68969539835973,9.478648080444145,0.035019276063305016,0.10843587611523953,285.0871177298541,277.38746047761015,269.0435640027954,266.2045397175962
2025-08-20 08:36:44.631850,296.07487603119336,296.4283396059423,290.8222605615976,296.32713672507765,51983487,284.0160928126892,257.5520838356371,10.23550294653814,0.004258215669252996,0.08994965777633213,295.0706622077278,288.98370358147486,276.21300496428404,271.87231502933025
2025-08-21 08:36:44.631850,292.16685801668035,295.73617469837706,292.25278462022044,292.55537822965044,12329345,287.3749234165256,259.0453421910942,8.148248264748602,-0.012728360072289058,0.08739036116326049,296.32713672507765,285.0871177298541,277.38746047761015,269.0435640027954
2025-08-22 08:36:44.631850,289.2324294649267,292.95872696364574,286.2209548876103,289.8118767790847,15704771,289.3176193900685,260.2997574555042,6.497378232042446,-0.009377716681086445,0.04923327855818749,292.55537822965044,295.0706622077278,288.98370358147486,276.21300496428404
2025-08-25 08:36:44.631850,287.8769043657868,289.9988917180626,282.0051014746777,288.04201124993995,48090271,290.8396980718299,261.5298038193825,4.007845705563982,-0.006106946163886406,0.038410354793921186,289.8118767790847,296.32713672507765,285.0871177298541,277.38746047761015
2025-08-26 08:36:44.631850,290.9559208689841,293.91004962869465,285.9389733339493,290.5719760994218,40225764,291.06659414582236,262.83716952118465,3.9294518257464683,0.008783318928038408,0.005496062574681382,288.04201124993995,292.55537822965044,295.0706622077278,288.98370358147486
2025-08-27 08:36:44.631850,293.47712958853816,295.65451816475263,291.70352367564664,293.69757451091925,20144345,292.29665940026024,264.2112901745117,2.9782558001382102,0.01075670976070997,0.03020289674829968,290.5719760994218,289.8118767790847,296.32713672507765,285.0871177298541
2025-08-28 08:36:44.631850,288.5803609918184,291.75923598384907,288.0564530272663,290.41579779019924,37028594,291.63167876918476,265.817150115673,2.767887275184537,-0.011174000078771562,-0.015775422682488105,293.69757451091925,288.04201124993995,292.55537822965044,295.0706622077278
2025-08-29 08:36:44.631850,291.0673100004229,295.3725410352382,290.21910105117536,290.36146336270974,28648393,290.77943971741786,267.45869400861034,1.8461284607962287,-0.0001870918452195891,-0.02013205212421254,290.41579779019924,290.5719760994218,289.8118767790847,296.32713672507765
2025-09-01 08:36:44.631850,299.9370084068095,304.94149726400804,302.4035135168449,302.8892269266205,51143057,292.25570381698503,269.625043356824,4.978062551063415,0.04314540717223725,0.03532270970201812,290.36146336270974,293.69757451091925,288.04201124993995,292.55537822965044
2025-09-02 08:36:44.631850,310.2318047093696,317.1880563440806,312.4081405395136,313.44517800018184,25071813,295.63188970571315,272.2997348498939,9.236862274389463,0.034850863402014154,0.08154704176983119,302.8892269266205,290.41579779019924,290.5719760994218,289.8118767790847
2025-09-03 08:36:44.631850,317.4434022021152,319.37765876638156,311.6853352693314,316.2744825597153,40338465,299.66509989282395,275.11010700693424,11.30310165341794,0.009026473393480616,0.09801511657019168,313.44517800018184,290.36146336270974,293.69757451091925,288.04201124993995
2025-09-04 08:36:44.631850,317.4123933343484,318.0801047118322,313.8254353684665,316.60975551234554,90513172,303.38478266609883,277.6513370750707,12.070244516512757,0.001060069563364019,0.08960870818462774,316.2744825597153,302.8892269266205,290.41579779019924,290.5719760994218
2025-09-05 08:36:44.631850,317.3736951785874,318.9316809107739,314.04451040871277,317.46480021912106,32574801,306.78010062441336,280.11597075343997,12.232827557544237,0.0027006265343652025,0.08092414705085749,316.60975551234554,313.44517800018184,290.36146336270974,293.69757451091925
2025-09-08 08:36:44.631850,319.2125742586458,323.9736983344285,317.03062405747244,321.4554468720608,24758120,311.2143362075364,282.8039219387705,10.861174615019664,0.01257035945460827,0.10688002966107613,317.46480021912106,316.2744825597153,302.8892269266205,290.41579779019924
2025-09-09 08:36:44.631850,313.86136305697283,315.76852640614766,313.9899468473326,314.9762386840569,34664389,314.73073268201455,285.18156627080333,5.781363439362008,-0.02015585130396813,0.08477287253026144,321.4554468720608,316.60975551234554,313.44517800018184,290.36146336270974
2025-09-10 08:36:44.631850,313.0375926539931,315.32227369274733,311.29577819313124,313.4493816819995,20122709,316.2393262184973,287.27857981612766,2.769915760750641,-0.004847530748466888,0.034864742013215766,314.9762386840569,317.46480021912106,316.2744825597153,302.8892269266205
2025-09-11 08:36:44.631850,300.66464124643244,307.3940460083069,298.63824631353674,303.08308357167687,79716237,314.75902701442516,288.8731068510444,5.715112365634964,-0.033071681477551795,-0.033058713790451,313.4493816819995,321.4554468720608,316.60975551234554,313.44517800018184
2025-09-12 08:36:44.631850,304.4647505118299,310.90793640993127,302.1970418498942,305.59396399739484,26430666,313.23323864837937,290.538630434572,6.60026034513882,0.008284462452105679,-0.0337697764166095,303.08308357167687,314.9762386840569,317.46480021912106,316.2744825597153
2025-09-15 08:36:44.631850,310.6511674677073,312.6721737062514,309.5302948795301,309.6412256405296,21073636,312.2377343809771,292.44675667066923,6.531272334350053,0.013243918794054732,-0.022009839401629483,305.59396399739484,313.4493816819995,321.4554468720608,316.60975551234554
2025-09-16 08:36:44.631850,308.93090033044103,307.0035354712431,305.1116356288792,306.741829040236,15905181,310.7058813554221,294.13822586177304,6.356123716903088,-0.009363729245987495,-0.03377688226059661,309.6412256405296,303.08308357167687,314.9762386840569,317.46480021912106
2025-09-17 08:36:44.631850,315.82626863110625,319.0480833700616,311.52788481716607,316.4900031620822,41808494,309.9965322539966,296.08491996298716,5.111792338495244,0.03177973526580069,-0.01544675555600361,306.741829040236,305.59396399739484,313.4493816819995,321.4554468720608
2025-09-18 08:36:44.631850,309.99421532730724,311.390727653582,307.7553676945733,308.8260985918392,37266065,309.11794081225116,297.61954323058455,4.6179270935627645,-0.024215313260046778,-0.019525727140283555,316.4900031620822,309.6412256405296,303.08308357167687,314.9762386840569
2025-09-19 08:36:44.631850,297.0041185239729,301.44088676144366,292.3424976350033,299.87400279879495,18836797,307.1786009717934,298.74185866662447,5.296433402453719,-0.028987497604196277,-0.04330963682352085,308.8260985918392,306.741829040236,305.59396399739484,313.4493816819995
2025-09-22 08:36:44.631850,302.303606935979,302.57078644584936,295.765770023308,301.3101103049756,32224115,306.92531907655035,299.723118509146,5.5607268503082015,0.00478903637119954,-0.005849792887836935,299.87400279879495,316.4900031620822,309.6412256405296,303.08308357167687
2025-09-23 08:36:44.631850,306.47361247758323,312.0233958902404,307.61119860010496,307.7105294392715,11361284,307.227685568247,301.0120173570285,5.533747511440666,0.021241966052243155,0.0069260708365781465,301.3101103049756,308.8260985918392,306.741829040236,305.59396399739484
2025-09-24 08:36:44.631850,318.6550229906318,320.23559984291757,316.1280978276766,318.16608822762237,26495495,308.4455230806888,302.4104534658065,6.918281924647065,0.03397855382915749,0.02753141985360008,307.7105294392715,299.87400279879495,316.4900031620822,309.6412256405296
2025-09-25 08:36:44.631850,314.95087672859904,320.0813459543945,314.9533931773836,315.34150983676614,30291514,309.6740489087646,303.675588444445,7.3173638094393585,-0.008877685257378753,0.028035566011449076,318.16608822762237,301.3101103049756,308.8260985918392,306.741829040236
2025-09-26 08:36:44.631850,324.3666147098265,325.6289564058074,321.87462624614733,322.2391691426413,56721557,310.4953583345587,304.7841039631506,8.445571311011905,0.021873616668625973,0.01816539518821636,315.34150983676614,307.7105294392715,299.87400279879495,316.4900031620822
2025-09-29 08:36:44.631850,320.67943748067887,325.30229229039395,317.90304653776633,322.0876621490468,16429525,312.38986741415977,306.0174554437903,9.437840286900103,-0.0004701693900142079,0.0429418485603279,322.2391691426413,318.16608822762237,301.3101103049756,308.8260985918392
2025-09-30 08:36:44.631850,322.07980085897333,322.30509124203445,320.32485230801524,321.0722659784707,12747218,315.41819072554205,306.8841755694818,8.051697118183297,-0.003152545998816536,0.07069056664408158,322.0876621490468,315.34150983676614,307.7105294392715,299.87400279879495
2025-10-01 08:36:44.631850,326.3861863924243,327.6607233920413,324.36953183291683,326.842961627929,15437127,319.0657409145354,307.9013697329101,6.155404931819713,0.017973198749733355,0.08473944434559466,321.0722659784707,322.2391691426413,318.16608822762237,301.3101103049756
2025-10-02 08:36:44.631850,330.94299939301817,337.814910996441,323.9520237180378,331.2051573467834,12381521,322.42211632989427,309.1896957034812,5.274180369400084,0.013346457568268466,0.07635301902188774,326.842961627929,322.0876621490468,315.34150983676614,307.7105294392715
2025-10-03 08:36:44.631850,320.5673756991392,330.84089193049454,317.02933815786224,320.86233464610336,47125682,322.8072943896772,310.22471096571525,5.003040411312953,-0.031227843139684963,0.008474336260978488,331.2051573467834,321.0722659784707,322.2391691426413,318.16608822762237
2025-10-06 08:36:44.631850,329.03672164054785,332.43873579252556,327.2670852180471,330.4339170227417,52394891,324.96335255910236,311.6377744914752,4.473436526326642,0.0298308069945179,0.04786051539420866,320.86233464610336,326.842961627929,322.0876621490468,315.34150983676614
2025-10-07 08:36:44.631850,339.6296832133133,340.27586099794627,339.47815865621385,339.6536270378517,28349169,327.45113225841806,313.2738295227562,6.893589537613966,0.02790182708294897,0.054042027049485686,330.4339170227417,331.2051573467834,321.0722659784707,322.2391691426413
2025-10-08 08:36:44.631850,335.4009360342647,337.2993289988478,334.7374709229596,335.5060303158169,44484326,329.3680419965281,314.6674447162528,7.018098398321451,-0.012211254030190632,0.04166060903183766,339.6536270378517,320.86233464610336,326.842961627929,322.0876621490468
2025-10-09 08:36:44.631850,338.6705843046449,341.2651776409303,334.6285558340241,338.2625715706828,25828244,331.8237999382727,316.26233717560234,6.628219442853926,0.008216070668748188,0.05354030046732472,335.5060303158169,330.4339170227417,331.2051573467834,321.0722659784707
2025-10-10 08:36:44.631850,341.85066846564695,342.8020302096338,340.93970605165566,341.70628876706485,23033130,333.9471323867206,317.9738313557474,7.128520279678629,0.01018060372565488,0.04547543892365025,338.2625715706828,339.6536270378517,320.86233464610336,326.842961627929
2025-10-13 08:36:44.631850,344.9611938012093,349.7584496433382,340.4841615264949,343.5902779556674,20449749,335.716435330847,319.33053305671564,7.836385298234604,0.005513475316478056,0.037394105538991695,341.70628876706485,335.5060303158169,330.4339170227417,331.2051573467834
2025-10-14 08:36:44.631850,341.48132224212645,340.69380260202115,338.9005880240289,339.9117650236504,20682624,338.43778252763934,320.21275262416464,4.350670013049592,-0.010706103076908446,0.059369481302807614,343.5902779556674,338.2625715706828,339.6536270378517,320.86233464610336
2025-10-15 08:36:44.631850,333.6857380091356,337.1175535290353,331.0468631638044,335.44788486461846,11140517,339.1540636479075,320.85186603432805,3.023689575302757,-0.013132467358761057,0.015173889796342266,339.9117650236504,341.70628876706485,335.5060303158169,330.4339170227417
2025-10-16 08:36:44.631850,336.8339099624891,337.6104353473612,334.30123625437193,335.3770780488026,27566928,338.54312807804337,321.4774434522099,3.3231398964525574,-0.00021108141982895123,-0.012590912178224833,335.44788486461846,343.5902779556674,338.2625715706828,339.6536270378517
2025-10-17 08:36:44.631850,341.3072134063519,344.7913113813477,342.6775544530728,343.34381980866215,23672700,339.662812291307,322.340077438528,3.4473753722082616,0.023754580385187296,0.023361098712495476,335.3770780488026,339.9117650236504,341.70628876706485,335.5060303158169
2025-10-20 08:36:44.631850,348.200116056204,350.09228878571025,342.77026428064454,347.1796580251454,35063819,340.93668178480164,323.19755114363085,4.368246655254935,0.011172003091888705,0.026361433998024486,343.34381980866215,335.44788486461846,343.5902779556674,338.2625715706828
2025-10-21 08:36:44.631850,345.77856885494714,346.838152813036,343.7212500597543,344.7104167810955,25311306,341.3658429296631,324.1886904135321,4.597988671585387,-0.007112286641722143,0.008791550266370685,347.1796580251454,335.3770780488026,339.9117650236504,341.70628876706485
2025-10-22 08:36:44.631850,346.787995667225,352.08888630834826,347.2211238800611,350.13408158967036,22267708,342.300672020235,325.4115137437878,5.6666503768104075,0.01573397421296696,0.01904536901607945,344.7104167810955,343.34381980866215,335.44788486461846,343.5902779556674
2025-10-23 08:36:44.631850,330.4452360871847,333.9254026779611,328.1834899565062,330.29168472728037,15625323,340.9263748350393,326.3184671156412,7.279578843694652,-0.0566708524126015,-0.028301698517851137,350.13408158967036,347.1796580251454,335.3770780488026,339.9117650236504
2025-10-24 08:36:44.631850,337.18761739693184,339.4647507065345,335.22352633896116,337.97932740335483,25042291,341.28800948343013,327.39797922917325,7.020320359802873,0.023275314007441983,0.007546455509051864,330.29168472728037,344.7104167810955,343.34381980866215,335.44788486461846
2025-10-27 08:36:44.631850,325.0829702499234,328.8628085406399,322.8416271158172,326.32097534506045,34939152,339.99428052575274,327.95397088599094,8.879435472749298,-0.03449427557556195,-0.02700274794100377,337.97932740335483,350.13408158967036,347.1796580251454,335.3770780488026
2025-10-28 08:36:44.631850,326.2421716635747,325.5368586820002,317.16803539629404,324.0534300075909,13637453,337.2385105541711,328.5310242515694,10.510293928407075,-0.006948818828062642,-0.05618388533051599,326.32097534506045,330.29168472728037,344.7104167810955,343.34381980866215
2025-10-29 08:36:44.631850,315.85825368915965,322.20035450150635,312.675055184139,316.8939886399964,25234858,332.9119863562927,328.54449043416656,11.880229713000665,-0.022093397892522848,-0.08723342132837597,324.0534300075909,337.97932740335483,350.13408158967036,347.1796580251454
2025-10-30 08:36:44.631850,307.5385417610598,308.80080088339105,302.8537429043878,308.7835212993981,27140061,327.7795727160502,328.54307119108523,13.573425785292534,-0.025593629514418126,-0.10422341110890287,316.8939886399964,326.32097534506045,330.29168472728037,344.7104167810955
2025-10-31 08:36:44.631850,316.1646550680108,318.1585648493191,312.1801409623844,316.04504001629607,16868653,322.9097096341396,329.0821057650019,9.80980420241275,0.0235165357475704,-0.09735996398466562,308.7835212993981,324.0534300075909,337.97932740335483,350.13408158967036
2025-11-03 08:36:44.631850,314.25713782000315,316.60258830594404,312.9604055995615,313.18356063061526,18003411,320.4656919060445,329.47788744252324,9.795282967789273,-0.009054024026237784,-0.05179701726609065,316.04504001629607,316.8939886399964,326.32097534506045,330.29168472728037
2025-11-04 08:36:44.631850,315.2244883414065,316.66899997830336,311.36755942080674,315.4479020878596,27107077,317.2469168609738,329.73579986414285,6.077452965755822,0.0072300776346143625,-0.0666650989828309,313.18356063061526,308.7835212993981,324.0534300075909,337.97932740335483
2025-11-05 08:36:44.631850,317.0849877523655,317.43917504667604,313.053362629244,315.2465164950422,13705249,315.66485131097124,329.6384808063902,4.5781210069510365,-0.0006384115775835975,-0.03393731842799197,315.4479020878596,316.04504001629607,316.8939886399964,326.32097534506045
2025-11-06 08:36:44.631850,319.19397695324614,321.0519060073358,315.42595339936355,318.3487996301507,28773398,314.84990411419403,329.73872379950296,3.1075581309023788,0.009840816544462339,-0.01760398085373316,315.2465164950422,313.18356063061526,308.7835212993981,324.0534300075909
2025-11-07 08:36:44.631850,315.45990539704286,319.8709862677533,314.9799796488045,318.9334274061267,15437695,315.1412525093555,329.6285324082858,3.4118469811626597,0.001836437821205017,0.006435713012048261,318.3487996301507,315.4479020878596,316.04504001629607,316.8939886399964
2025-11-10 08:36:44.631850,310.02241363393233,311.067888213772,309.61366385465436,310.84532528643115,41096225,315.43579593607456,329.2537878461987,2.806871113661459,-0.025359844483771377,0.006677182701838147,318.9334274061267,315.2465164950422,313.18356063061526,308.7835212993981
2025-11-11 08:36:44.631850,316.2413852351196,321.9459441233634,313.7441008520896,317.1322765552796,77742595,315.5911154416436,329.1224548654256,2.8754463941164343,0.02022533638894286,0.003440131631008869,310.84532528643115,318.3487996301507,315.4479020878596,316.04504001629607
2025-11-12 08:36:44.631850,314.84851930753234,315.2171065959919,312.19817555636723,314.0956932526041,15707071,315.7214201019277,328.6975459195815,2.766775018456978,-0.00957513166322621,0.002912453706549023,317.1322765552796,318.9334274061267,315.2465164950422,313.18356063061526
2025-11-13 08:36:44.631850,300.41648463790773,307.12203825962285,297.3990647688529,304.4116085493001,31550624,314.14480673927636,327.804427626332,5.1050191217639185,-0.030831637973194992,-0.034986105361656805,314.0956932526041,310.84532528643115,318.3487996301507,315.4479020878596
2025-11-14 08:36:44.631850,305.74415266986955,303.63299116070095,297.43007768716143,301.89646753598544,16795625,312.23765688798255,327.17223205599475,6.827820862317152,-0.00826230321931809,-0.04234796662461049,304.4116085493001,317.1322765552796,318.9334274061267,315.2465164950422
2025-11-17 08:36:44.631850,311.87439246384923,312.6058313713103,307.1316917331647,311.0485180644971,40648686,311.1947595214606,326.5260520907199,6.2738792820450575,0.030315195812686158,-0.02293170753002649,301.89646753598544,314.0956932526041,310.84532528643115,318.3487996301507
2025-11-18 08:36:44.631850,316.6665830852827,316.588536272568,312.80334214472515,316.4310368781288,12830950,310.83727516031803,325.7519657520625,5.813868791112208,0.017304434842269956,-0.00784612183285327,311.0485180644971,304.4116085493001,317.1322765552796,318.9334274061267
2025-11-19 08:36:44.631850,316.17642780668507,314.3416799445885,311.2599597682048,314.3194790611832,30715973,311.3335828424255,325.0457473769081,5.961094025946428,-0.006673042688157271,0.01117647103603936,316.4310368781288,301.89646753598544,314.0956932526041,310.84532528643115
2025-11-20 08:36:44.631850,315.87686221782343,314.279847719626,309.07375128711215,312.21820491131206,15611299,310.631572607573,324.17760182159566,5.4300986908995545,-0.006685154086368605,-0.015495337457746783,314.3194790611832,311.0485180644971,304.4116085493001,317.1322765552796
2025-11-21 08:36:44.631850,311.6544425066704,312.471952801581,309.26039454187963,310.3034640062325,21780109,310.08982557237704,323.1308409962346,5.211668402367193,-0.006132701024347598,-0.012073483743445634,312.21820491131206,316.4310368781288,301.89646753598544,314.0956932526041
2025-11-24 08:36:44.631850,324.8186821035713,324.64593927902814,322.54960028881356,323.28499690877214,14425201,312.78602390944445,322.45399829467146,6.505804138657033,0.041834959671216865,0.06199956844423493,310.3034640062325,314.3194790611832,311.0485180644971,304.4116085493001
2025-11-25 08:36:44.631850,326.06439011571405,327.4547130493791,323.16665660388367,325.85146243772533,36439912,316.2081660382645,321.98532154180725,6.111447913819973,0.00793870904463101,0.07934837759863655,323.28499690877214,312.21820491131206,316.4310368781288,301.89646753598544
2025-11-26 08:36:44.631850,328.5191776301556,330.4811609457173,326.3877265184202,328.7518118693834,15894915,318.73720801039104,321.76211910863276,7.188503368410413,0.00890083294382138,0.05691489519077364,325.85146243772533,310.3034640062325,314.3194790611832,311.0485180644971
2025-11-27 08:36:44.631850,334.82614520756283,342.8517367708915,328.74491504734095,335.6245884579845,31831984,321.4791439503704,321.7703694556055,9.4629557421179,0.020905669080636846,0.06065634954528165,328.7518118693834,323.28499690877214,312.21820491131206,316.4310368781288
2025-11-28 08:36:44.631850,335.9347919658756,341.0291510014862,337.32584275852145,337.32814609905193,20336970,324.7660963843517,321.56984699861846,10.500689357722587,0.005075783180530369,0.07320153083286973,335.6245884579845,325.85146243772533,310.3034640062325,314.3194790611832
2025-12-01 08:36:44.631850,334.5286101007049,337.2890701211703,333.0562331181259,335.6817004066573,22811236,328.1180243122581,321.1865817446689,9.527501831013062,-0.004880842916414108,0.07515095252696824,337.32814609905193,328.7518118693834,323.28499690877214,312.21820491131206
2025-12-02 08:36:44.631850,332.2056209003951,337.3498598104994,331.81890873016556,334.46418389247054,26007043,331.5695557245779,320.84504064838137,5.54020826516788,-0.0036269969816996595,0.07786158612058802,335.6817004066573,335.6245884579845,325.85146243772533,310.3034640062325
2025-12-03 08:36:44.631850,333.95882423051256,336.40237493202704,331.48018591347676,334.0855620117263,16503576,333.11249359642846,320.31008999578324,4.187187155642919,-0.0011320251882812604,0.033408804015739646,334.46418389247054,337.32814609905193,328.7518118693834,323.28499690877214
2025-12-04 08:36:44.631850,331.12421459138835,335.24615500505365,330.32393097221563,333.9370794442554,26834087,334.26758174021853,320.43160315301577,2.702251704646419,-0.0004444447301966692,0.02481381223837631,334.0855620117263,335.6817004066573,335.6245884579845,325.85146243772533
2025-12-05 08:36:44.631850,339.2204153632302,342.4890019187603,334.32323817989294,338.89691026247846,51917541,335.71688151066064,320.4621892483199,1.8310589913284676,0.01485259087273949,0.030859444805511282,333.9370794442554,334.46418389247054,337.32814609905193,328.7518118693834
2025-12-08 08:36:44.631850,339.28902125951925,341.4444791346493,337.94163465560797,339.35066533957604,16369863,336.24917820803086,320.89651224813707,2.2850656689265914,0.0013389177161460264,0.011101918660700205,338.89691026247846,334.0855620117263,335.6817004066573,335.6245884579845
2025-12-09 08:36:44.631850,344.67794937583443,346.7792915082437,344.30770961288096,344.4249084923288,43397182,337.2630014070704,321.5755615309617,3.868950811421443,0.014952801544311667,0.021038156689104248,339.35066533957604,333.9370794442554,334.46418389247054,337.32814609905193
2025-12-10 08:36:44.631850,343.07422617429216,348.67072813387966,343.5891291395564,343.9722199505223,51087418,338.4473613419082,322.4781692413125,4.518606416996487,-0.0013143316021716478,0.0246975618087657,344.4249084923288,338.89691026247846,334.0855620117263,335.6817004066573
2025-12-11 08:36:44.631850,349.91806041856455,348.7929355023574,343.99919324396404,344.61637803609256,16061288,339.8976747909971,323.6725977992024,4.654281619925903,0.0018727038063217627,0.03035360625305672,343.9722199505223,339.35066533957604,333.9370794442554,334.46418389247054
2025-12-12 08:36:44.631850,333.1981441472671,331.8121114258,329.6375535927972,330.9475092996495,11669307,339.44938154641477,324.16934677531407,5.398951501866876,-0.0396640136906421,-0.009392961171924896,344.61637803609256,344.4249084923288,338.89691026247846,334.0855620117263
2025-12-15 08:36:44.631850,335.01417022182915,338.35679804247593,334.77622143863266,337.1119207853419,28091580,339.90293030942706,324.96695878047166,4.975445824214068,0.018626553494049736,0.009507304029759522,330.9475092996495,343.9722199505223,339.35066533957604,333.9370794442554
2025-12-16 08:36:44.631850,339.9445130944079,340.0360366140354,337.0547066430165,339.5491622743767,18371226,339.9961091682697,325.7703341200222,4.959547464029168,0.00722976951795995,0.0019246325125628072,337.1119207853419,344.61637803609256,344.4249084923288,338.89691026247846
2025-12-17 08:36:44.631850,345.3753436867483,352.58188197771017,343.013391640621,346.42849695794314,61484865,341.00722797089355,326.80973346878557,5.498259612479594,0.020260202197193156,0.020856984651214994,339.5491622743767,330.9475092996495,343.9722199505223,339.35066533957604
2025-12-18 08:36:44.631850,324.8095543123947,327.79962807356446,325.5378491464312,326.4655175575506,24579019,338.4416006944966,327.08029073303226,7.4731614343880866,-0.05762510756387362,-0.05214312464621951,346.42849695794314,337.1119207853419,344.61637803609256,344.4249084923288
2025-12-19 08:36:44.631850,337.91964720177384,343.7010164353278,336.1345312413055,340.19910378982456,16173752,337.90258410011126,327.7891466124889,7.136247222202558,0.0420674940956145,-0.010969246764289453,326.4655175575506,339.5491622743767,330.9475092996495,343.9722199505223
2025-12-22 08:36:44.631850,340.08476488468415,343.9417037209783,336.3154004531001,339.3513981930266,13611427,337.1504441225305,328.7393490427087,6.565315147782982,-0.00249179256310339,-0.015277799253390456,340.19910378982456,346.42849695794314,337.1119207853419,344.61637803609256
2025-12-23 08:36:44.631850,345.7923636443957,352.2566691176171,342.2109995542021,346.97447137875173,41655854,339.44001013383075,329.73408887015773,6.830818660204564,0.022463656334750226,0.04842750475148905,339.3513981930266,326.4655175575506,339.5491622743767,330.9475092996495
2025-12-24 08:36:44.631850,341.5067846880238,343.6437541397982,338.66760039572057,339.86214753320513,18154118,339.8328996692398,330.59297067951115,6.753248182316371,-0.0204981185425106,0.008158200817865557,346.97447137875173,340.19910378982456,346.42849695794314,337.1119207853419
2025-12-25 08:36:44.631850,345.8392270702607,346.2947588655156,337.3216269907149,344.12927928400256,24690136,340.4872020991864,331.91689303733455,6.940458141311942,0.01255547810125135,0.01348881846430472,339.86214753320513,339.3513981930266,326.4655175575506,339.5491622743767
2025-12-26 08:36:44.631850,339.29721941230804,342.15068613743983,336.8241329866993,336.9822952969577,38954364,339.1377447190456,333.086420629367,6.4968953587557605,-0.020768311263473116,-0.027267392099479038,344.12927928400256,346.97447137875173,340.19910378982456,346.42849695794314
2025-12-29 08:36:44.631850,331.4606980526826,334.6629808019446,326.5621324515761,332.87940806334143,18960545,340.0540147913014,333.8141169626618,4.581893283388114,-0.012175379213915982,0.019646456243759935,336.9822952969577,339.86214753320513,339.3513981930266,326.4655175575506
2025-12-30 08:36:44.631850,346.5438263639195,351.6248182276347,342.4450297182683,345.72210436755745,23606569,340.84301487383465,334.790485878976,5.061472399039699,0.03858062707733567,0.0162346123673065,332.87940806334143,344.12927928400256,346.97447137875173,340.19910378982456
2025-12-31 08:36:44.631850,345.596784239709,348.35386743769885,341.63305429565094,344.5073585817125,23955674,341.5795806436469,335.79674852966036,5.18195277914326,-0.003513648015266879,0.015193573434912233,345.72210436755745,336.9822952969577,339.86214753320513,339.3513981930266
2026-01-01 08:36:44.631850,345.2882689585137,350.3861087369371,343.4644805544048,346.10885528544657,33992900,341.4559212017462,336.92643687546484,5.040143000050617,0.004648657463594441,-0.002494754411947131,344.5073585817125,332.87940806334143,344.12927928400256,346.97447137875173
2026-01-02 08:36:44.631850,350.8762236509249,352.78457951777193,346.8011569947277,352.235450867822,32455230,343.2235359638343,338.32416977085114,6.3797225703911815,0.017701354613774978,0.03640682972324227,346.10885528544657,345.72210436755745,336.9822952969577,339.86214753320513
2026-01-05 08:36:44.631850,358.6966594563746,357.78404361271225,353.58150460812016,355.8330561690233,21637600,344.8955040902659,339.40910507952617,7.987661812480509,0.010213637759452165,0.03400982592754587,352.235450867822,344.5073585817125,332.87940806334143,344.12927928400256
2026-01-06 08:36:44.631850,357.41637829914896,357.58156798683655,354.8809302464829,357.01028646033075,24936035,347.75664568503345,340.4477325469463,8.262995898116227,0.0033083781028715453,0.05943336324457005,355.8330561690233,346.10885528544657,345.72210436755745,336.9822952969577
2026-01-07 08:36:44.631850,360.8671482329901,361.52831553507616,357.4416122918877,359.72328618701516,20057435,351.5914854169868,341.4801150242008,6.17237018949073,0.007599220049324451,0.0806414499468402,357.01028646033075,352.235450867822,344.5073585817125,332.87940806334143
2026-01-08 08:36:44.631850,375.5723774406732,381.33645650569605,376.23259831938884,377.1224942207713,11538430,356.0772553960174,342.86337854962704,10.840639380273057,0.04836831170476552,0.09082551985114096,359.72328618701516,355.8330561690233,346.10885528544657,345.72210436755745
2026-01-09 08:36:44.631850,374.5039057799309,382.25900430173886,373.9969445536501,376.8010440800114,27475367,360.6906390386315,344.17914181565897,11.914602509290328,-0.000852375940671557,0.09373873937336907,377.1224942207713,357.01028646033075,352.235450867822,344.5073585817125
2026-01-12 08:36:44.631850,377.3520878391895,379.7910419514322,376.8343159730186,378.4295710085493,62214327,365.3078841419319,345.60407083572204,11.579832622044185,0.004321980934299363,0.09338309387214849,376.8010440800114,359.72328618701516,355.8330561690233,346.10885528544657
2026-01-13 08:36:44.631850,386.2554054507248,391.6201827090185,385.4638337695608,386.49507372704,15527767,370.20211597896304,347.33843383020775,12.34834061196286,0.021313087920152185,0.09726341506742342,378.4295710085493,377.1224942207713,357.01028646033075,352.235450867822
2026-01-14 08:36:44.631850,393.05396083755716,396.79046378038265,393.81656462223896,395.1566287884731,16411373,375.81976921031304,349.37413605609925,13.602945331549579,0.02241051865915966,0.11051129718755193,386.49507372704,376.8010440800114,359.72328618701516,355.8330561690233
2026-01-15 08:36:44.631850,404.6365148276171,405.70967546884276,403.158957542024,404.6564336534094,15628959,382.62636166646706,351.7314478630711,14.51257729805051,0.024040606111207508,0.1334587517504846,395.1566287884731,378.4295710085493,377.1224942207713,357.01028646033075
2026-01-16 08:36:44.631850,406.4861669552007,413.8980587708733,409.43991785408707,409.947156457765,34701583,389.8012002765742,354.0997894029139,13.69437960767385,0.013074604440583615,0.13961806810760402,404.6564336534094,386.49507372704,376.8010440800114,359.72328618701516
2026-01-19 08:36:44.631850,398.4547005516261,404.5339996816224,398.86428716325014,400.69870832887995,30226897,393.1692308634469,356.14472416922405,12.934558884993969,-0.022560098254609806,0.06251606432764767,409.947156457765,395.1566287884731,378.4295710085493,377.1224942207713
2026-01-20 08:36:44.631850,415.2976777210691,415.3321657007331,411.85234869406133,413.9091960441129,22314140,398.4703954297471,358.46086708761686,12.710422744746692,0.03296863064602196,0.09848208370734168,400.69870832887995,404.6564336534094,386.49507372704,376.8010440800114
2026-01-21 08:36:44.631850,405.7650090907648,404.7405308310972,403.805139498932,404.54371080266134,15263737,402.20098682890597,360.47991678268824,9.193824094886262,-0.0226269078603738,0.06900660464909092,413.9091960441129,409.947156457765,395.1566287884731,378.4295710085493
2026-01-22 08:36:44.631850,406.3159674785185,407.2471804466607,403.08340600270907,407.11365939846786,25296798,405.14649906768136,362.5631594947674,6.108528981366595,0.006352709304780602,0.05334760278468553,404.54371080266134,400.69870832887995,404.6564336534094,386.49507372704
2026-01-23 08:36:44.631850,399.05317628579604,404.13655481833337,400.9538599473296,401.09427346634203,11047215,405.9947340216626,364.9013849669904,4.751688546643495,-0.014785517000386994,0.015026053583039767,407.11365939846786,413.9091960441129,409.947156457765,395.1566287884731
2026-01-26 08:36:44.631850,398.64168779344277,401.62330714994823,397.45041007699626,400.70009127782095,25950807,405.4295422537215,367.0209906500731,5.155536926988173,-0.0009827669318598353,-0.00977704058692197,401.09427346634203,404.54371080266134,400.69870832887995,404.6564336534094
2026-01-27 08:36:44.631850,402.7020191535125,407.18386872944814,398.96032771303015,403.4550038615507,37346964,404.50209188283367,369.1511853696456,4.7774850508330715,0.006875248206069662,-0.015836559649080373,400.70009127782095,407.11365939846786,413.9091960441129,409.947156457765
2026-01-28 08:36:44.631850,407.4780213856935,409.78481480406833,405.1185022283497,406.16910389471775,12921464,405.28357696366766,371.1425389342047,4.490440782631319,0.006727144309005562,0.013652141751722136,403.4550038615507,401.09427346634203,404.54371080266134,400.69870832887995
2026-01-29 08:36:44.631850,411.61997471490105,413.95998490285194,408.8467441598744,409.7183781191327,11225975,404.68488868867047,373.91763428625745,3.259384240086775,0.00873841508470563,-0.01012496935326257,406.16910389471775,400.70009127782095,407.11365939846786,413.9091960441129
2026-01-30 08:36:44.631850,422.01431181886215,430.8752048868627,419.75257498656384,423.064636910794,53207980,407.33073527554654,376.67981872362304,7.665215784430564,0.03257422538117294,0.04578226187569445,409.7183781191327,403.4550038615507,401.09427346634203,404.54371080266134
2026-02-02 08:36:44.631850,424.56616896110836,430.9983241227433,425.1880114008034,427.02904279379925,17789521,410.1757900463082,379.6024068769822,10.675899952213884,0.009370686030279574,0.048918484888857305,423.064636910794,406.16910389471775,400.70009127782095,407.11365939846786
2026-02-03 08:36:44.631850,425.64117605779205,431.4332375400105,423.337393983332,425.07191202143895,42625956,413.60116698275067,382.20565489840504,11.11408337161193,-0.004583132705813009,0.05978055569798357,427.02904279379925,409.7183781191327,403.4550038615507,401.09427346634203
2026-02-04 08:36:44.631850,431.61097911117923,436.212735992541,431.0084288856775,433.3955611146388,22364851,418.27194838801034,385.32343535111954,11.646201006486823,0.019581743365767235,0.08159586321169265,425.07191202143895,423.064636910794,406.16910389471775,400.70009127782095
2026-02-05 08:36:44.631850,442.68570899829746,444.20613196688856,441.861738974837,443.8358043825091,22276048,424.0406341767186,388.64698618773645,13.005311257368978,0.02408940977849272,0.10008749460154265,433.3955611146388,427.02904279379925,409.7183781191327,403.4550038615507
2026-02-06 08:36:44.631850,435.9415277844924,439.3498341500186,429.4961555758792,433.07182908187224,30075046,427.8838806320264,391.8499706472336,10.59564225666227,-0.024252156302739802,0.06623528212556473,443.8358043825091,425.07191202143895,423.064636910794,406.16910389471775
2026-02-09 08:36:44.631850,440.1890316014994,442.41730648532643,437.7213196508466,438.37609344946713,15525595,431.9778399649313,395.36652682677106,7.487582343577606,0.012248001396997221,0.06994491060394092,433.07182908187224,433.3955611146388,427.02904279379925,409.7183781191327
2026-02-10 08:36:44.631850,445.00637409007055,449.1193018248572,443.0359850368027,444.655153629652,25809380,435.06219949619674,398.6642951355076,7.649177659001195,0.014323454846217887,0.05103361244397853,438.37609344946713,443.8358043825091,425.07191202143895,423.064636910794
2026-02-11 08:36:44.631850,439.33044138784965,443.058703780686,442.1105482319409,442.1422872697186,19960288,437.2212344213281,401.9187927584411,7.118351011923351,-0.005651270067199787,0.03539160797364582,444.655153629652,433.07182908187224,433.3955611146388,427.02904279379925
2026-02-12 08:36:44.631850,454.92042847591085,454.75522156668717,444.9583020837546,454.4400930969022,12481439,441.41668886068,405.52983401882295,7.412778611041302,0.027814136266232303,0.06908991218874516,442.1422872697186,438.37609344946713,443.8358043825091,425.07191202143895
2026-02-13 08:36:44.631850,455.6206479923626,456.48360515397275,452.4852404290756,453.21259962601584,28594960,444.24769436230525,408.89573897742946,7.620133374069736,-0.0027011117406505747,0.04572506109755747,454.4400930969022,444.655153629652,433.07182908187224,433.3955611146388
2026-02-16 08:36:44.631850,453.63321727325706,455.29044758342263,444.4311580614852,454.4868200244967,21175302,445.76926802544637,412.18419777261187,8.53290036579779,0.0028115290694308293,0.023997648537629646,453.21259962601584,442.1422872697186,438.37609344946713,443.8358043825091
2026-02-17 08:36:44.631850,456.1105999261554,455.5267228714577,451.4188309425988,453.0499888094118,22331026,448.6232908436663,415.385521184248,6.728399358881707,-0.003161436485677349,0.046131284433563735,454.4868200244967,454.4400930969022,444.655153629652,433.07182908187224
2026-02-18 08:36:44.631850,456.25724769572537,454.55855169276856,450.0264950100347,453.3270655527035,13189340,450.7591440012715,418.5056471631042,5.1123300085399785,0.0006115809516293869,0.03410535457257957,453.0499888094118,453.21259962601584,442.1422872697186,438.37609344946713
2026-02-19 08:36:44.631850,447.21316451982193,450.94579593846964,441.8677511856823,443.5236403087546,53527183,450.59749924114334,420.7190186993703,5.349866364772982,-0.021625501737904007,-0.0025446985414675494,453.3270655527035,454.4868200244967,454.4400930969022,444.655153629652
2026-02-20 08:36:44.631850,431.5403852193879,436.6585808537671,429.5367813361227,430.8827652072861,37444001,448.9889960893673,422.5217427369462,8.858099613204093,-0.02850101765188573,-0.025465833933147164,443.5236403087546,453.0499888094118,453.21259962601584,442.1422872697186
2026-02-23 08:36:44.631850,446.0591459356374,450.53285061710426,439.44820051611765,444.7529250524362,39117400,447.6051149401578,424.73252120507567,8.617999792518573,0.03219010126449939,-0.021316710808789496,430.8827652072861,453.3270655527035,454.4868200244967,454.4400930969022
2026-02-24 08:36:44.631850,440.4450724856404,440.9814363267886,431.85126135329585,437.3525801885333,20733838,445.3393978776603,426.4277714204588,8.97548318312365,-0.01663922696636655,-0.034994656923858725,444.7529250524362,443.5236403087546,453.0499888094118,453.21259962601584
2026-02-25 08:36:44.631850,429.7712654250116,432.2913919258913,425.6757794440495,428.8120259223121,10174636,441.6715701487768,427.5496179915868,9.82058857961068,-0.01952784698912613,-0.056491834242411554,437.3525801885333,430.8827652072861,453.3270655527035,454.4868200244967
2026-02-26 08:36:44.631850,409.44396345316676,415.1859850574495,408.04915673954133,410.47267798577906,64132299,435.58909717397216,427.7434928026658,13.925940296541373,-0.04276780227207433,-0.09397927795015149,428.8120259223121,444.7529250524362,443.5236403087546,453.0499888094118
2026-02-27 08:36:44.631850,404.441208144046,408.6692105730217,404.77410159111224,405.3502929950831,23428206,428.7352725228835,427.5902640205764,15.46240736100683,-0.012479234953789997,-0.10583257917575772,410.47267798577906,437.3525801885333,430.8827652072861,453.3270655527035
2026-03-02 08:36:44.631850,395.2164439680926,400.81651997472136,393.40864808474134,394.745601374651,16611405,421.766981246583,427.39182712210203,18.39935953686803,-0.02616179586814993,-0.10997844196117079,405.3502929950831,428.8120259223121,444.7529250524362,443.5236403087546
2026-03-03 08:36:44.631850,405.19595751796817,412.4056377254061,403.629178651865,407.82759029214986,29751817,418.47338483013493,427.18910693037,18.558435861187665,0.03314030320272732,-0.053506839392949535,394.745601374651,410.47267798577906,437.3525801885333,430.8827652072861
2026-03-04 08:36:44.631850,415.88845179416677,420.0050874380198,412.55610456573885,416.1865639728863,43295549,414.392476104485,427.57720203604407,14.517413984768654,0.020496341786852668,-0.06422973176889601,407.82759029214986,405.3502929950831,428.8120259223121,444.7529250524362
2026-03-05 08:36:44.631850,412.8345618361933,414.761790861208,405.89039336170003,410.5834413889527,23878158,410.5683134188306,427.6928614357269,10.404363483817095,-0.013463006903554509,-0.06120722733141537,416.1865639728863,394.745601374651,410.47267798577906,437.3525801885333
2026-03-06 08:36:44.631850,424.5004110653224,430.36813898565606,425.68273080744126,429.20287331068863,45776782,410.62414876002725,428.6298147638719,10.519003678870838,0.04534871610688618,0.0009114655484203649,410.5834413889527,407.82759029214986,405.3502929950831,428.8120259223121
2026-03-09 08:36:44.631850,441.11783355338486,440.173303471955,437.4759852337788,437.759165531363,41512285,414.5222184093964,429.8651172389899,14.68456214999525,0.01993530973983182,0.0664757705177379,429.20287331068863,416.1865639728863,394.745601374651,410.47267798577906
2026-03-10 08:36:44.631850,437.487960047311,436.52825655780305,434.7294987350502,435.04653497335977,14101749,418.7645386920073,430.9181682760502,15.837511263730187,-0.006196627670172483,0.07326068956026854,437.759165531363,410.5834413889527,407.82759029214986,405.3502929950831
2026-03-11 08:36:44.631850,412.4794908392012,415.04514674680695,413.1272747772932,413.42989301888457,17246244,421.4337232126121,431.1601945801891,12.292530596125415,-0.04968811429747144,0.04733248851708005,435.04653497335977,429.20287331068863,416.1865639728863,394.745601374651
2026-03-12 08:36:44.631850,433.6718788249339,438.2337544128109,431.84700871471256,432.49680484076225,38988160,424.9578967195567,431.9194754709101,11.232127881309275,0.046118851451814935,0.06048932229165871,413.42989301888457,437.759165531363,410.5834413889527,407.82759029214986
2026-03-13 08:36:44.631850,420.61346062016503,425.0119307622234,415.59443758714644,420.6068408428155,6222570,425.5893648438323,431.8375489353108,10.771631922155391,-0.02749144933527181,0.010620902385059194,432.49680484076225,435.04653497335977,429.20287331068863,416.1865639728863
2026-03-16 08:36:44.631850,409.39406789900295,411.65066816174124,406.55106208440253,406.891703517383,22415699,425.0619737193224,431.1663042927636,11.680797177103653,-0.03260797493913781,-0.00899144363708626,420.6068408428155,413.42989301888457,437.759165531363,410.5834413889527
2026-03-17 08:36:44.631850,417.3759944183322,416.2880202174659,410.6854094875959,415.3352795293764,11811502,423.08088889342065,430.84174987636146,12.0321429719373,0.02075140864019276,-0.03231011403615147,406.891703517383,432.49680484076225,435.04653497335977,429.20287331068863
2026-03-18 08:36:44.631850,432.6759476914431,435.91562552143034,434.011472438108,435.7261850666231,19033727,422.7904631127435,430.9194373414276,11.63683854040202,0.049095048126785557,-0.0046440614493410415,415.3352795293764,420.6068408428155,413.42989301888457,437.759165531363
2026-03-19 08:36:44.631850,449.23541464144137,454.7783207081026,447.11977150881637,447.9201812081633,20802629,424.62955543200115,431.0555832356161,14.549408220976474,0.027985456370210438,0.02959142344529142,435.7261850666231,406.891703517383,432.49680484076225,435.04653497335977
2026-03-20 08:36:44.631850,452.640426405313,455.436403376248,447.53663335094706,453.10628276730154,20193630,430.2976111103465,431.7233983584637,16.983890665545204,0.011578182401047243,0.09596884603263223,447.9201812081633,415.3352795293764,420.6068408428155,413.42989301888457
2026-03-23 08:36:44.631850,458.8219015484041,461.2555914488983,455.86596829695577,458.6319532303651,18326696,434.0312037374326,432.39859368449373,20.129314220021936,0.012195086833305613,0.060428535187041055,453.10628276730154,435.7261850666231,406.891703517383,432.49680484076225
2026-03-24 08:36:44.631850,464.8987993450516,466.88779751165026,462.6290383777473,466.59761570914617,13956112,440.60131443262264,433.13000908714355,22.395419671463465,0.01736831117560622,0.10934385844551175,458.6319532303651,447.9201812081633,415.3352795293764,420.6068408428155
2026-03-25 08:36:44.631850,477.96139088871894,479.14729014867163,462.0445565126084,473.8198804036191,75978095,450.16248255922784,434.1859288582735,19.733865304183173,0.015478571795735308,0.16448646238710252,466.59761570914617,453.10628276730154,435.7261850666231,406.891703517383
2026-03-26 08:36:44.631850,479.10531431248467,478.21900941380284,475.3647182566642,476.626708105254,61449791,458.9184009272103,434.9254826918853,14.64758829217753,0.0059238284793874385,0.14757096638967915,473.8198804036191,458.6319532303651,447.9201812081633,415.3352795293764
2026-03-27 08:36:44.631850,475.9958202599729,480.46047489193563,471.66965169132686,477.76299670083586,13510356,464.92365973209786,435.7438292610459,11.917137777267602,0.002384022079037429,0.096475293601612,476.626708105254,466.59761570914617,453.10628276730154,435.7261850666231
2026-03-30 08:36:44.631850,474.12312884676805,482.17517381995424,476.5840865120978,477.30823199268303,53279296,469.12195270131497,436.5045429933188,9.94140112517961,-0.0009518625579904016,0.06561001718040949,477.76299670083586,473.8198804036191,458.6319532303651,447.9201812081633
2026-03-31 08:36:44.631850,469.3471339653028,470.36470928516394,467.74581142514484,470.25395436433996,19781688,471.57162007232046,437.0780085118164,7.020949493244677,-0.014779291777333503,0.037844700568508305,477.30823199268303,476.626708105254,466.59761570914617,453.10628276730154
2026-04-01 08:36:44.631850,468.77146374423376,468.5708104659623,463.82860117521375,467.75525925488694,25766705,472.874949504395,437.5589483018892,4.672639321422173,-0.005313501537335563,0.019892434358883992,470.25395436433996,477.76299670083586,473.8198804036191,458.6319532303651
2026-04-02 08:36:44.631850,452.600731384956,453.0763187903462,446.55085258780963,452.0577967620376,23402724,470.79783251195096,437.8434201836653,9.080651344921895,-0.03355913628390772,-0.031161365719819645,467.75525925488694,477.30823199268303,476.626708105254,466.59761570914617
2026-04-03 08:36:44.631850,454.1320314259603,452.9720011577784,446.5323614637345,451.3043102006015,17367751,467.58132248294845,438.52413835010907,11.497771192460512,-0.0016667925358949676,-0.047519260238379823,452.0577967620376,470.25395436433996,477.76299670083586,473.8198804036191
2026-04-06 08:36:44.631850,444.26435586077565,443.09838099101387,438.65697649155,442.5165929399978,39504540,462.70844888791186,438.44959394636123,13.984514297713456,-0.019471822143018347,-0.07156568145510567,451.3043102006015,467.75525925488694,477.30823199268303,476.626708105254
2026-04-07 08:36:44.631850,434.98076216794743,436.45802752749114,431.5182617996707,432.88221622469376,25724213,456.29690881989154,438.30058181423317,16.065541092556707,-0.021771786344315425,-0.09393942349253426,442.5165929399978,452.0577967620376,470.25395436433996,477.76299670083586
2026-04-08 08:36:44.631850,435.27974747251574,436.467584804992,432.084906319142,434.5695404663047,19033750,450.1913814589803,438.4924989656996,14.822675462485071,0.0038978830230695927,-0.08954107359085628,432.88221622469376,451.3043102006015,467.75525925488694,477.30823199268303
2026-04-09 08:36:44.631850,443.6946653243689,453.97650713924014,445.3122623477276,446.79834720654094,12581087,446.84058043643756,439.70335460639166,11.893142454117681,0.028140045726891882,-0.04987859632037517,434.5695404663047,442.5165929399978,452.0577967620376,470.25395436433996
2026-04-10 08:36:44.631850,454.6930839316185,463.1014623213627,450.89140905475307,455.1384335461859,15451281,445.038176763766,441.36295929142847,8.730893308255869,0.018666332120046203,-0.026973134901356444,446.79834720654094,432.88221622469376,451.3043102006015,467.75525925488694
2026-04-13 08:36:44.631850,443.31645832936465,447.0709947517265,439.99691970585747,440.9790713839219,10631267,443.4555017097495,442.9040749584041,8.236486275906737,-0.031110012072463555,-0.024507320651185438,455.1384335461859,434.5695404663047,442.5165929399978,452.0577967620376
2026-04-14 08:36:44.631850,432.27187091294553,437.9707867298915,427.7776339105938,432.3832591717333,24303034,440.7524944199112,443.7225972543902,8.335518962761892,-0.01949256273140676,-0.0419252610737485,440.9790713839219,446.79834720654094,432.88221622469376,451.3043102006015
2026-04-15 08:36:44.631850,441.75687834911776,443.68763513971794,434.24751524728293,440.64844839742904,13278638,440.4856166281156,444.537993401875,8.299452531817266,0.019115423759764383,-0.004221637272756595,432.3832591717333,455.1384335461859,434.5695404663047,442.5165929399978
2026-04-16 08:36:44.631850,431.43332120473167,434.2954767197605,428.1623876292224,432.1220120212945,21151465,440.37701602763,445.2559457562864,8.419630827801898,-0.019349747870766154,-0.0017561456093744265,440.64844839742904,440.9790713839219,446.79834720654094,432.88221622469376
2026-04-17 08:36:44.631850,428.0945769767991,431.44408259787133,426.70891430942254,430.31027005003295,47920355,439.76854882530546,445.29285898093116,9.040299363468575,-0.0041926629999405884,-0.009801125066661198,432.1220120212945,432.3832591717333,455.1384335461859,434.5695404663047
2026-04-20 08:36:44.631850,434.90484430615,436.4536091059208,434.5623498063057,435.17322447650486,43997782,438.1078170067289,445.2066609457692,8.590254214942549,0.011301041980491089,-0.026018723665202304,430.31027005003295,440.64844839742904,440.9790713839219,446.79834720654094
2026-04-21 08:36:44.631850,427.5354492781472,427.8764550984624,425.5627007525798,426.8758248673088,23768258,434.0703014811751,444.9343039422342,5.240226318847,-0.01906688909727272,-0.06209673056760023,435.17322447650486,432.1220120212945,432.3832591717333,455.1384335461859
2026-04-22 08:36:44.631850,426.50067727925756,431.2572937083295,425.65889195342464,427.90353273690636,23125758,432.2023673887443,445.4167585995017,4.666074760027111,0.0024075101229192875,-0.029651154659064982,426.8758248673088,430.31027005003295,440.64844839742904,440.9790713839219
2026-04-23 08:36:44.631850,416.1242148960923,419.49211847584604,410.9817371992955,416.61521935599546,61832351,429.94979027221024,444.8873724166761,7.506011571768549,-0.026380509898364046,-0.03646773893592192,427.90353273690636,435.17322447650486,432.1220120212945,432.3832591717333
2026-04-24 08:36:44.631850,409.7954023585598,415.50165737542505,409.9834176104751,411.7294256638356,31339130,425.8185013102684,444.5914585773768,8.5253428050875,-0.011727352879024266,-0.06562833215178099,416.61521935599546,426.8758248673088,430.31027005003295,440.64844839742904
2026-04-27 08:36:44.631850,416.80577509281176,417.93400553734637,414.3227145551546,414.48621713317834,20503307,423.29910204053743,444.8446090312366,8.947472904770649,0.006695638682850724,-0.040812072510777564,411.7294256638356,427.90353273690636,435.17322447650486,432.1220120212945
2026-04-28 08:36:44.631850,400.814103877106,401.67474113939824,395.641270236329,401.4050840677503,11839961,419.1697897573543,444.38026918251575,11.483151679023,-0.03155987467063337,-0.06717289359355005,414.48621713317834,416.61521935599546,426.8758248673088,430.31027005003295
2026-04-29 08:36:44.631850,408.0039595975334,407.9609510253351,399.7318159049025,405.06168157738495,29412685,414.86814077176575,443.3581190662078,10.038062068462489,0.009109494759208081,-0.06919438330642436,401.4050840677503,411.7294256638356,427.90353273690636,435.17322447650486
2026-04-30 08:36:44.631850,408.1200083702327,407.78658499148264,403.8859544706581,405.02410968474373,36567187,411.7464671742564,441.9282500154271,9.028498296136656,-9.275597853364292e-05,-0.05118986344414678,405.06168157738495,414.48621713317834,416.61521935599546,426.8758248673088
2026-05-01 08:36:44.631850,409.45506128897017,415.7131253022568,400.885491317786,409.62105195560054,17613465,409.13468420549844,440.47874232170375,5.549766349807702,0.011349799088342882,-0.04272570657309038,405.02410968474373,401.4050840677503,411.7294256638356,427.90353273690636
2026-05-04 08:36:44.631850,409.50305887191917,413.96571061937607,407.41054092224266,411.5783371340531,27940879,408.4151296023638,438.9102884518267,4.675969791282543,0.004778282681293211,-0.012090010129078843,409.62105195560054,405.06168157738495,414.48621713317834,416.61521935599546
2026-05-05 08:36:44.631850,418.51987109371396,423.94333905683635,422.26194227430483,422.93082363091264,20139897,410.01532931194623,437.4547287158856,7.222470744228655,0.027582808599476927,0.02720572606394822,411.5783371340531,405.02410968474373,401.4050840677503,411.7294256638356
2026-05-06 08:36:44.631850,420.9953497055407,426.2361780629567,410.3624226142459,424.116928918875,22031499,411.39114528133143,435.79796366639414,8.931225078343607,0.0028044900529582417,0.023235300445713536,422.93082363091264,409.62105195560054,405.06168157738495,414.48621713317834
2026-05-07 08:36:44.631850,417.71261380345345,422.5870508616468,410.89466349901,420.60180081029483,6962777,414.1335333874093,433.9304667565621,8.277183472670622,-0.008288110822505024,0.04782380070528558,424.116928918875,411.5783371340531,405.02410968474373,401.4050840677503
2026-05-08 08:36:44.631850,424.663646717199,422.0770988219397,420.99147864910856,421.75675235073754,21619566,416.5185434978882,432.0635919448922,7.605564376951113,0.0027459500606457077,0.04121611974832806,420.60180081029483,422.93082363091264,409.62105195560054,405.06168157738495
2026-05-11 08:36:44.631850,426.7130479057013,429.63336015634866,426.01258038476556,426.4660716221416,39219500,419.5816809175165,430.3688532658742,6.431942268721841,0.011165960580727718,0.0529399643741888,421.75675235073754,424.116928918875,411.5783371340531,405.02410968474373
2026-05-12 08:36:44.631850,427.84258129796115,429.07000958096774,422.7595145521672,427.010754688648,17615657,422.06592416509466,428.92741327668443,5.180026452265014,0.0012772014065141057,0.04245314700019942,426.4660716221416,420.60180081029483,422.93082363091264,409.62105195560054
2026-05-13 08:36:44.631850,422.73953054429114,432.7763473270365,420.20470340624763,427.4855196889557,24797742,424.338378815795,427.58508862448673,2.7150883106915917,0.001111833824077646,0.03864922207925048,427.010754688648,421.75675235073754,424.116928918875,411.5783371340531
2026-05-14 08:36:44.631850,419.0865549655941,425.276405457499,414.7058136331186,421.61193971527445,16552118,424.1499668278467,426.57022672292794,2.8703656050250865,-0.013739833756135078,-0.0031184388603209268,427.4855196889557,426.4660716221416,420.60180081029483,422.93082363091264
2026-05-15 08:36:44.631850,417.9944698733465,419.8411336100854,408.7147064647842,416.14868446343525,28925115,423.01164619135534,425.3983725316891,4.170991151402241,-0.012958018351018952,-0.01878784814308576,421.61193971527445,427.010754688648,421.75675235073754,424.116928918875
2026-05-18 08:36:44.631850,405.17982586895823,407.68793544766544,402.0829314481175,404.59968229515584,21676480,420.7256292606212,424.1344755101943,8.175114158342488,-0.027752105435993824,-0.038045767955131704,416.14868446343525,427.4855196889557,426.4660716221416,420.60180081029483
2026-05-19 08:36:44.631850,418.5703203642888,419.0375395726237,416.4376629066316,418.878626088733,15102626,420.3144683660492,423.667689172329,8.18697931609508,0.035291534863738816,-0.0068241379562100635,404.59968229515584,421.61193971527445,427.010754688648,421.75675235073754
2026-05-20 08:36:44.631850,409.737662218322,411.37570633753364,406.5535905395075,408.58373521489983,47029034,417.75984887930025,422.8014956639488,8.720140428165942,-0.02457726470782573,-0.04193143979595626,418.878626088733,416.14868446343525,427.4855196889557,426.4660716221416
2026-05-21 08:36:44.631850,406.340607849192,403.8877414887211,398.7324635706931,403.0441144581589,38434498,414.3360431320876,421.3430212390027,9.175706650527909,-0.013558103955918055,-0.056126549430737804,408.58373521489983,404.59968229515584,421.61193971527445,427.010754688648
2026-05-22 08:36:44.631850,396.93484861495455,401.63776741231794,392.60674485732295,397.37403128906345,17850581,410.0344019321029,419.4175411637653,9.040960938682757,-0.014068145311384006,-0.07043861607710544,403.0441144581589,418.878626088733,416.14868446343525,427.4855196889557
2026-05-25 08:36:44.631850,404.7459747119446,414.1699990257427,395.2343890001972,404.60563764575545,30981293,407.60493020788596,418.20509337249314,7.577924283880089,0.018198487538888752,-0.04033638630111802,397.37403128906345,408.58373521489983,404.59968229515584,421.61193971527445
2026-05-26 08:36:44.631850,402.7277007491943,405.5025914783535,398.8881167972838,402.34025328387406,31601211,405.6322971822343,417.2036598428978,6.733396092996749,-0.005598993565840482,-0.033181484635389835,404.60563764575545,403.0441144581589,418.878626088733,416.14868446343525
2026-05-27 08:36:44.631850,417.4350341737577,418.19811943017555,409.08497225973787,412.5012925909092,33302752,406.76109865305625,416.2654213160138,7.1790109899944206,0.025254841453474786,0.019529452546601656,402.34025328387406,397.37403128906345,408.58373521489983,404.59968229515584
2026-05-28 08:36:44.631850,402.7958164977017,408.3054784100236,398.8520950449771,407.0687279177174,10353881,405.0739703429112,415.4303118458946,4.874500723708844,-0.013169812484877363,-0.028194081615694144,412.5012925909092,404.60563764575545,403.0441144581589,418.878626088733
2026-05-29 08:36:44.631850,410.8610146560337,412.41677053938554,408.8682632401749,409.46224451035096,39956553,405.1994716708328,414.7353776612385,4.989869578479819,0.00587988324447597,0.0021501328117945473,407.0687279177174,402.34025328387406,397.37403128906345,408.58373521489983
2026-06-01 08:36:44.631850,402.51304188467725,403.6740225765157,399.5497523448401,402.7442215962471,18167603,405.1566298334168,413.6544108985633,5.012694397140228,-0.016406941065195135,-0.0007440695724213464,409.46224451035096,412.5012925909092,404.60563764575545,403.0441144581589
2026-06-02 08:36:44.631850,421.33460180079993,426.2497602676688,419.63115749174597,420.1439731761852,20197836,408.4094786744342,413.4300158421925,6.334391210008397,0.04320298255546784,0.057301031507411615,402.7442215962471,407.0687279177174,402.34025328387406,397.37403128906345
2026-06-03 08:36:44.631850,408.94220054517854,415.7829460449372,408.4122603328521,410.2907700019618,90326448,409.2216404396066,412.84292375102757,6.126443712389995,-0.02345196838059016,0.014051045826464437,420.1439731761852,409.46224451035096,412.5012925909092,404.60563764575545
2026-06-04 08:36:44.631850,412.85508672555835,415.8176391252693,412.29809258795683,412.95618878819437,28090350,410.7382026545094,412.7209560654343,5.411307773013287,0.0064964142045405016,0.026385467070902724,410.2907700019618,402.7442215962471,407.0687279177174,402.34025328387406
2026-06-05 08:36:44.631850,419.8024842166029,420.84892111884096,416.764315856745,418.3145173506666,19912112,411.5686633344748,412.94045912166195,6.125872924874055,0.012975537618642008,0.01409262192427252,412.95618878819437,420.1439731761852,409.46224451035096,412.5012925909092
2026-06-08 08:36:44.631850,428.46868991113723,429.15606444621295,416.21453770992247,421.90197510048307,8019228,413.68769864629843,413.1876510539054,6.834394063356544,0.008575981949029865,0.03643917148497833,418.3145173506666,410.2907700019618,402.7442215962471,407.0687279177174
2026-06-09 08:36:44.631850,422.16383611774455,428.8429124039592,417.460098419996,420.4650811081682,48393790,415.2595324459866,413.82298428858604,6.964642527342578,-0.003405753177554205,0.026871431359867692,421.90197510048307,412.95618878819437,420.1439731761852,409.46224451035096
2026-06-10 08:36:44.631850,417.72070365847327,422.71563991139743,417.3127525163621,419.49951921164194,12328141,417.653146391043,414.3042455430613,4.325818637043067,-0.0022964139946686224,0.04160282560724626,420.4650811081682,418.3145173506666,410.2907700019618,402.7442215962471
2026-06-11 08:36:44.631850,419.1030665078871,422.3010481060092,418.64191971057,419.9929468960293,14625549,417.6315712081636,414.8032067834375,4.31167854385956,0.001176229439582288,-0.0003594631597692022,419.49951921164194,421.90197510048307,412.95618878819437,420.1439731761852
2026-06-12 08:36:44.631850,417.9345087888257,422.48482610555476,418.1801728152911,418.88414870282685,20466988,418.85919673685856,415.1119766750117,2.848261696593735,-0.0026400400325697904,0.02094460643319862,419.9929468960293,420.4650811081682,418.3145173506666,410.2907700019618
2026-06-15 08:36:44.631850,423.25042730037796,428.7382641138291,422.83475883795046,427.084887613259,49042895,420.8775822832964,415.6288616909852,2.971388401833362,0.019577582335898125,0.034213553903925886,418.88414870282685,419.49951921164194,421.90197510048307,412.95618878819437
2026-06-16 08:36:44.631850,445.3583751198815,446.2972094392848,445.28495656958194,446.09463243356635,35556018,424.84617015228207,416.40098865107365,9.76436875347123,0.044510460031827126,0.06640963660271937,427.084887613259,419.9929468960293,420.4650811081682,418.3145173506666
2026-06-17 08:36:44.631850,442.8713999047029,441.3666065331106,431.6481797604661,441.2545789649404,22321954,427.6108278472046,416.97224365260917,11.39533276530493,-0.01084983570015663,0.04586990582314332,446.09463243356635,418.88414870282685,419.49951921164194,421.90197510048307
2026-06-18 08:36:44.631850,426.56319006713034,437.53944318038657,428.5321212810979,429.2983185982481,28180647,428.872718917216,417.2621275788743,10.95263284984154,-0.027096059591581567,0.021008254637458146,441.2545789649404,427.084887613259,419.9929468960293,420.4650811081682
2026-06-19 08:36:44.631850,430.91638207955657,428.72843954003866,422.54404961336013,428.6691213954355,17890978,430.1826620863294,417.49253988036423,10.164758724359956,-0.0014656409670250614,0.02185843311817348,429.2983185982481,446.09463243356635,418.88414870282685,419.49951921164194
2026-06-22 08:36:44.631850,452.0142806728378,454.0246397722109,444.2674804660309,450.91455683641175,25901899,434.60003493495543,418.30748938750656,11.614092041060026,0.051894186753086435,0.07362411718794215,428.6691213954355,441.2545789649404,427.084887613259,419.9929468960293
2026-06-23 08:36:44.631850,442.1727886663793,445.99054921432133,441.20170088620694,443.8020599703273,25057114,438.15973654459833,418.8671995635625,9.646334878005847,-0.015773491359394654,0.059486402970044594,450.91455683641175,429.2983185982481,446.09463243356635,418.88414870282685
2026-06-24 08:36:44.631850,458.15962346410794,465.1028916332962,456.97516673407614,458.48406888407965,39207748,442.6453338690013,419.90048453673336,10.861957943273183,0.03308233610888145,0.07351976663537152,443.8020599703273,428.6691213954355,441.2545789649404,427.084887613259
2026-06-25 08:36:44.631850,477.79366342219134,479.9615090101247,468.067051820431,474.00559601690287,39176555,446.6326143809065,421.6469397467876,16.166695819914466,0.03385401628152884,0.06256736027303145,458.48406888407965,450.91455683641175,429.2983185982481,446.09463243356635
2026-06-26 08:36:44.631850,470.6195210254203,472.7128360437672,466.79799523928705,468.899719206533,30922316,450.58192012970545,423.4053075715575,17.915979382939046,-0.01077176483415987,0.06265122575371418,474.00559601690287,443.8020599703273,428.6691213954355,441.2545789649404
2026-06-29 08:36:44.631850,474.3971430325211,475.6996432966256,471.0924376808619,474.3763092435599,20152244,457.0216330790357,425.73119513650437,17.072325766976327,0.011679661583705592,0.1050038835290601,468.899719206533,458.48406888407965,450.91455683641175,429.2983185982481
2026-06-30 08:36:44.631850,489.3857915480124,491.3388132574753,480.32098286459353,489.9680777376208,35001838,465.77862684220503,428.1008435248006,15.777592555360082,0.03286793246257069,0.14299830167995387,474.3763092435599,474.00559601690287,443.8020599703273,428.6691213954355
2026-07-01 08:36:44.631850,486.5861715566498,490.24422613441527,485.896735437133,486.39985835156915,23069357,470.84795563008464,430.6947142960229,15.905986883172691,-0.007282554819749709,0.07869628730578149,489.9680777376208,468.899719206533,458.48406888407965,450.91455683641175
2026-07-02 08:36:44.631850,483.3254347070714,486.21311988552776,474.6701562490529,484.5653491427356,14062789,476.67128265471445,433.41208878550884,11.085357922787685,-0.003771607202047278,0.09185015764715865,486.39985835156915,474.3763092435599,474.00559601690287,443.8020599703273
2026-07-03 08:36:44.631850,474.0318221937306,481.80712593292066,477.74471963502947,479.07347044433465,19743919,479.61262573475085,436.13540342401785,7.656655376145311,-0.011333618278972835,0.044907561587403055,484.5653491427356,489.9680777376208,468.899719206533,458.48406888407965
2026-07-06 08:36:44.631850,474.28828668164095,474.03990401652396,469.3897333683968,469.4943319128723,25197705,478.9681594341751,438.29835989958843,8.364408319533876,-0.01999513461385738,-0.009517322457665012,479.07347044433465,486.39985835156915,474.3763092435599,474.00559601690287
2026-07-07 08:36:44.631850,463.8985332824708,465.0742797020881,462.0455620340953,463.5385376675103,38076501,478.2022763571718,440.3383027123763,9.594908895230034,-0.012685550901320175,-0.011433535400905859,469.4943319128723,484.5653491427356,489.9680777376208,468.899719206533
2026-07-08 08:36:44.631850,453.2312008144687,455.10006448794064,452.28055705747545,452.3307295998634,22037055,475.0529078366438,441.66595061267475,13.76979128963786,-0.02417880533524508,-0.04647276690282098,463.5385376675103,479.07347044433465,486.39985835156915,474.3763092435599
2026-07-09 08:36:44.631850,452.6436729797261,457.6880566080147,449.09364487556854,452.7747688200431,13195687,469.7395779912755,443.18948530941896,14.22366443354979,0.000981669365184512,-0.07590965739913935,452.3307295998634,469.4943319128723,484.5653491427356,489.9680777376208
2026-07-10 08:36:44.631850,444.299029225015,449.6189323523127,442.2667933026512,445.93811221688514,24850062,463.9593285434635,444.4053475663034,14.542705073236327,-0.015099464621172842,-0.08318617992984345,452.7747688200431,463.5385376675103,479.07347044433465,486.39985835156915
2026-07-13 08:36:44.631850,447.7403578494443,461.373546968858,447.1452086020677,448.1569746138876,25564827,458.7581321821995,445.91910600022476,12.27925638859987,0.0049757182358149965,-0.07513614952711656,445.93811221688514,452.3307295998634,469.4943319128723,484.5653491427356
2026-07-14 08:36:44.631850,430.87226071019785,439.7519243809152,434.2692095894045,434.34571199392104,26506984,452.368452403569,446.3924972941493,11.562425219735818,-0.030817912924072544,-0.09336304598317491,448.1569746138876,452.7747688200431,463.5385376675103,479.07347044433465
2026-07-15 08:36:44.631850,442.3297667236016,443.2592722955068,433.0845772337698,437.35034390843725,38260774,447.7764541172211,447.29448309103185,9.889226105073124,0.006917604644289144,-0.06846512475128297,434.34571199392104,445.93811221688514,452.3307295998634,469.4943319128723
2026-07-16 08:36:44.631850,442.027048049068,450.65436099590573,438.9747886343213,444.77243257195596,40203379,445.09558196071333,448.3550245504905,7.036240671278623,0.016970579232178595,-0.0404844550573592,437.35034390843725,448.1569746138876,452.7747688200431,463.5385376675103
2026-07-17 08:36:44.631850,424.9665625145043,429.2290818555213,424.3312759565678,427.1706912686892,17946300,441.50129077054555,448.650230347758,8.902939004879768,-0.039574712851429106,-0.055623102046219675,444.77243257195596,434.34571199392104,445.93811221688514,452.3307295998634
2026-07-20 08:36:44.631850,429.5469165783808,432.85050774182,428.1142684063253,430.49456254637744,17750571,438.31840416002194,448.93664992928774,8.151843617527343,0.007781131396951357,-0.04920814455215594,427.1706912686892,437.35034390843725,448.1569746138876,452.7747688200431
2026-07-21 08:36:44.631850,444.0352625990171,443.6154489238903,436.7738182167081,441.1938074324722,14359189,437.6406463336772,449.6276074734313,7.590650275140298,0.024853379849465895,-0.010638930951265002,430.49456254637744,444.77243257195596,434.34571199392104,445.93811221688514
2026-07-22 08:36:44.631850,430.68368472133733,431.7504163950593,428.5096420700769,430.6524430414446,34257217,435.1399989661854,449.9993716010913,6.326886985418642,-0.02389282037382412,-0.03905892926808541,441.1938074324722,427.1706912686892,437.35034390843725,448.1569746138876
2026-07-23 08:36:44.631850,442.4360249075715,445.7460932576883,441.70620399107776,445.1875864654633,49844068,436.6888381764057,450.8391929200725,7.345154820527045,0.03375144773675398,0.02496139405122988,430.6524430414446,430.49456254637744,444.77243257195596,434.34571199392104
2026-07-24 08:36:44.631850,451.86829961800225,450.52433347893054,445.6405220493272,449.05198397065936,20634170,438.3605010424375,451.84478742900023,8.72311472428121,0.00868038018732098,0.02675575822725751,445.1875864654633,441.1938074324722,427.1706912686892,437.35034390843725
