historical_avg_session_minutes,historical_sessions_last_7d,days_since_last_session,hour_of_day,day_of_week,push_received_last_24h,segment,device_os,site,entry_point,session_minutes
94.00494558393578,23,62,14,Sunday,4,new,iOS,web,push_notification,47.881536543791555
55.471020571486015,20,48,19,Monday,0,casual,Android,web,deep_link,38.30956530174383
103.73876078980898,27,89,15,Saturday,6,regular,Android,mobile_app,deep_link,58.649837577052395
85.19732334182684,28,69,14,Thursday,4,new,Android,web,deep_link,56.86460438555115
15.830395007079696,21,1,11,Saturday,7,casual,iOS,web,deep_link,45.77917534559178
117.19657043822693,11,34,5,Thursday,6,casual,iOS,tablet_app,push_notification,60.5882357784276
92.5310657288906,17,26,6,Tuesday,7,new,iOS,mobile_app,organic,49.27593686400586
95.39739510684969,12,52,17,Saturday,4,power_user,Android,tablet_app,organic,52.066974865596976
19.733067757687774,18,23,1,Friday,0,casual,iOS,mobile_app,search,33.73960857645085
56.79438285799022,24,86,2,Thursday,1,power_user,Android,mobile_app,deep_link,50.565335554857455
47.64177278674684,11,26,9,Wednesday,4,regular,Android,tablet_app,deep_link,35.03533865155512
111.5779737175892,15,46,18,Wednesday,3,power_user,Android,web,deep_link,66.07984510478252
79.04448880927642,1,11,15,Thursday,7,power_user,iOS,mobile_app,organic,48.133282680576
99.61758552614545,22,81,14,Tuesday,4,regular,iOS,tablet_app,search,49.463282941979486
55.99263286514308,14,82,12,Tuesday,8,casual,iOS,web,deep_link,23.250333748412878
31.132453005249342,13,71,2,Tuesday,1,casual,iOS,tablet_app,search,17.05797135032768
68.777250506821,15,31,7,Monday,3,power_user,Android,web,deep_link,63.6506051503142
12.338984451980162,6,5,1,Sunday,7,casual,iOS,mobile_app,deep_link,17.02395202428624
100.17758477914694,17,63,18,Tuesday,1,regular,Android,tablet_app,push_notification,45.65193693836375
77.64140589903745,22,38,18,Tuesday,3,new,iOS,web,deep_link,49.14454794887209
92.180090109818,10,89,6,Tuesday,7,power_user,Android,tablet_app,push_notification,51.200603892186905
45.77048633493486,3,62,7,Sunday,5,regular,iOS,web,deep_link,6.2994423769836665
116.63027280541388,11,48,7,Thursday,7,casual,iOS,web,deep_link,49.88579204406958
107.70892895205273,5,88,21,Wednesday,5,regular,iOS,mobile_app,deep_link,36.544431163925495
94.51410216348262,11,72,11,Wednesday,8,casual,iOS,mobile_app,organic,37.082743514724186
27.38345140297627,18,41,18,Monday,8,new,Android,tablet_app,push_notification,33.41408402137348
58.67291542860893,3,1,10,Wednesday,9,power_user,Android,tablet_app,deep_link,41.17125394691493
10.03743306553131,22,8,16,Tuesday,1,power_user,iOS,tablet_app,deep_link,45.361072190378835
22.743291587768,6,39,12,Saturday,5,power_user,iOS,mobile_app,organic,27.90588109636548
83.55062962288228,26,50,6,Monday,1,casual,Android,web,deep_link,52.23879802193101
90.64764792939897,21,2,21,Wednesday,2,casual,iOS,tablet_app,search,66.67360322208069
116.26361922993415,8,11,17,Saturday,3,new,Android,mobile_app,deep_link,50.51003824010557
42.46991618588747,16,63,18,Saturday,6,regular,iOS,web,push_notification,32.94991910459164
47.60286619400992,3,67,22,Thursday,4,casual,Android,tablet_app,search,7.005352333717583
58.99891829671791,2,2,5,Tuesday,8,power_user,Android,mobile_app,organic,44.65635943248304
26.789206294692853,28,45,2,Wednesday,2,power_user,iOS,mobile_app,deep_link,52.80474356731964
19.94097311357924,24,7,13,Tuesday,6,new,iOS,mobile_app,search,43.543907331300446
59.70606651598238,4,65,7,Friday,7,power_user,iOS,tablet_app,organic,44.89863479866564
31.094575140851674,8,75,10,Wednesday,9,new,iOS,web,deep_link,1.8485995014937928
82.02860938848869,5,78,5,Friday,2,casual,iOS,mobile_app,push_notification,17.759968689356246
55.272470670318036,11,53,9,Friday,7,casual,Android,web,search,18.2686048986625
100.75799254665131,8,56,9,Sunday,0,power_user,iOS,mobile_app,push_notification,47.63453049673334
85.53048673025864,9,83,8,Wednesday,5,regular,iOS,web,deep_link,27.850498639340593
40.92216375893472,15,55,17,Sunday,4,power_user,iOS,mobile_app,organic,35.76316442237179
100.70987716044812,5,40,14,Wednesday,9,regular,iOS,tablet_app,push_notification,42.51160060880843
97.54790111213221,26,67,11,Friday,7,power_user,Android,mobile_app,organic,82.32023279048568
49.56001358847006,21,53,2,Friday,9,power_user,iOS,tablet_app,search,57.83625656354958
38.15773195197807,22,75,13,Saturday,8,power_user,iOS,tablet_app,push_notification,41.648345556684085
83.48698295712218,5,47,4,Thursday,4,casual,Android,web,organic,22.1575334318525
21.071535615070626,21,78,7,Saturday,7,casual,iOS,mobile_app,push_notification,23.94676863908911
27.989443284637456,25,4,9,Wednesday,0,power_user,Android,mobile_app,push_notification,62.27503308327884
5.846661021365634,5,3,3,Thursday,5,power_user,iOS,mobile_app,push_notification,17.169412493335656
95.49630341274592,22,8,9,Thursday,0,power_user,iOS,tablet_app,deep_link,87.00445689831703
81.4578485080837,10,50,6,Friday,7,regular,Android,mobile_app,search,43.59872948228407
86.09401854202854,23,63,20,Friday,9,power_user,iOS,web,deep_link,55.9210195946054
94.7838385675263,14,19,20,Monday,6,regular,Android,mobile_app,search,55.70303953741246
57.77531418690909,24,14,0,Saturday,8,regular,iOS,web,deep_link,61.01308262387892
70.40523753458278,4,77,14,Saturday,2,new,iOS,mobile_app,organic,9.76739411472189
21.076654784680606,11,67,15,Monday,9,regular,Android,mobile_app,search,9.309802283063474
18.170958456636946,8,58,9,Sunday,5,regular,Android,tablet_app,push_notification,4.123744823772066
81.86634060590424,7,43,11,Friday,6,power_user,Android,web,deep_link,49.81879786592297
59.17606370646024,9,37,18,Monday,7,power_user,Android,mobile_app,push_notification,40.36297480267037
70.00215224533672,11,1,9,Thursday,6,casual,Android,web,search,47.84010682560383
92.97486860284295,3,16,1,Saturday,3,casual,Android,mobile_app,push_notification,32.48812699375152
77.99260680006795,21,80,8,Tuesday,6,power_user,Android,mobile_app,push_notification,48.81154413346339
68.66163107566952,16,30,6,Sunday,6,power_user,Android,mobile_app,organic,62.0633636393346
69.30882348572256,24,63,9,Wednesday,8,new,Android,web,deep_link,42.55986899071649
39.9542612772004,21,63,5,Tuesday,4,casual,Android,web,push_notification,33.5327553104431
8.544050975313032,4,27,3,Wednesday,5,power_user,iOS,mobile_app,organic,14.920951885978726
55.22249976172167,2,18,23,Thursday,5,new,iOS,mobile_app,organic,12.111026043529819
29.67723737424586,12,62,3,Friday,1,power_user,Android,web,deep_link,32.594129943632446
51.98079402833316,14,8,16,Sunday,0,new,iOS,mobile_app,search,27.539003173358147
103.1413534258391,7,44,17,Tuesday,0,new,Android,web,deep_link,39.18811456164845
31.903040874514186,23,79,14,Sunday,6,power_user,iOS,mobile_app,deep_link,45.703487533476405
11.704815294242593,17,64,21,Thursday,4,regular,Android,mobile_app,organic,20.652328931894377
37.3591475825296,22,68,0,Monday,8,regular,Android,tablet_app,search,31.048525206464827
38.76328214316862,3,7,7,Sunday,7,power_user,iOS,tablet_app,push_notification,30.63095559200333
81.12039919359293,24,17,4,Wednesday,1,casual,Android,tablet_app,push_notification,62.60290869894528
69.058697519247,6,24,13,Friday,1,regular,iOS,web,push_notification,28.79580046195751
95.14829404723756,13,26,15,Friday,3,regular,Android,tablet_app,organic,51.03169462450384
81.39605713764956,13,17,21,Monday,9,regular,Android,mobile_app,organic,56.65972716685053
51.73448906560811,24,87,9,Tuesday,0,casual,Android,mobile_app,search,33.51586664025195
98.61234423659398,8,14,5,Friday,1,regular,iOS,tablet_app,deep_link,47.72185097523029
24.20188578938595,7,63,22,Wednesday,0,casual,Android,web,organic,4.323303024604718
7.611888410393955,10,52,16,Monday,4,regular,iOS,web,push_notification,10.289120239986708
15.355503989198802,10,54,18,Monday,9,power_user,iOS,tablet_app,deep_link,28.536689741276486
88.07132531859179,5,19,10,Saturday,6,casual,iOS,mobile_app,organic,40.78964411584057
58.11588147890955,5,27,10,Tuesday,4,regular,iOS,mobile_app,search,33.209967333368525
23.546254588864205,6,54,9,Monday,1,power_user,iOS,web,organic,19.565350994731634
62.62014913688681,14,26,17,Thursday,3,power_user,iOS,mobile_app,deep_link,58.25774064839207
22.515891812014367,10,62,5,Monday,5,power_user,Android,web,search,15.614329520250763
85.07684313393965,11,3,23,Friday,2,regular,Android,mobile_app,organic,54.48288719657675
56.30797169101353,21,6,4,Thursday,7,casual,iOS,mobile_app,organic,53.44776621938153
48.81744100109549,7,65,11,Friday,9,power_user,Android,tablet_app,deep_link,26.230101639229428
39.6738902520058,27,55,7,Thursday,2,regular,iOS,tablet_app,organic,47.267045937227586
77.48249820867217,22,3,15,Saturday,2,new,Android,web,push_notification,61.347707728699746
46.6084502136399,5,80,16,Friday,1,casual,Android,web,organic,4.108536932276127
15.079740721351614,9,0,22,Wednesday,7,casual,Android,mobile_app,push_notification,20.135648823044626
18.57067874385926,5,85,18,Monday,4,power_user,Android,tablet_app,deep_link,1.9174861382406432
115.61823142319417,8,65,5,Tuesday,2,new,iOS,web,push_notification,39.08462990298073
109.48677943137481,10,88,4,Monday,2,regular,iOS,mobile_app,organic,39.36850944731219
85.4663203882362,3,85,21,Monday,0,regular,Android,mobile_app,search,13.602765792497145
35.575045567844754,0,28,11,Tuesday,4,new,Android,web,deep_link,1.0
116.45528339498824,13,68,2,Tuesday,6,regular,iOS,mobile_app,deep_link,44.03726480831217
94.55635395606637,21,18,19,Monday,2,power_user,Android,web,deep_link,79.48170934699004
87.44237175328449,9,42,15,Wednesday,0,regular,iOS,mobile_app,organic,39.984238959620114
56.6765727465357,25,21,0,Thursday,4,regular,iOS,tablet_app,deep_link,57.085527822015266
36.307779612193286,11,43,18,Tuesday,6,casual,Android,mobile_app,push_notification,26.453812698993197
16.08496064765242,27,78,14,Tuesday,3,new,Android,web,deep_link,13.931290721121467
108.7992756025418,7,39,14,Monday,2,new,Android,tablet_app,deep_link,40.89847852358723
57.41427333086527,16,8,20,Monday,1,casual,Android,web,search,54.60589605653954
28.271786951451485,22,29,11,Tuesday,7,regular,Android,tablet_app,search,46.85642034730569
40.18501177732504,1,70,11,Thursday,8,new,iOS,tablet_app,push_notification,1.0
71.61025042831804,27,46,14,Friday,7,power_user,Android,mobile_app,organic,66.64079129392223
25.328870038011647,10,50,4,Saturday,5,regular,iOS,web,deep_link,10.002268220574608
103.51064267062318,14,38,3,Friday,7,casual,iOS,tablet_app,organic,50.55227444094043
92.22974593104917,18,26,20,Friday,3,power_user,Android,tablet_app,deep_link,68.60039506980708
87.73823993435774,19,53,5,Sunday,0,new,iOS,mobile_app,search,39.45733488343151
54.69069957413693,0,56,12,Tuesday,3,power_user,Android,tablet_app,organic,19.207869280034174
77.14051668078096,26,80,6,Saturday,7,casual,iOS,tablet_app,search,46.79609475432679
72.17126642496459,18,55,5,Sunday,6,casual,iOS,tablet_app,search,42.75196033438968
79.7323591788043,29,89,14,Thursday,9,casual,iOS,web,search,44.92286068394078
14.711096931087246,14,74,19,Saturday,9,power_user,iOS,mobile_app,push_notification,18.414341689836174
52.817851249620105,18,7,10,Monday,2,casual,Android,web,organic,45.70861612714687
9.785629994117635,13,35,3,Sunday,0,power_user,Android,web,push_notification,27.034568627242344
61.80894421311968,26,34,5,Thursday,2,casual,Android,mobile_app,push_notification,62.187484368608274
42.93403941827031,24,0,3,Tuesday,8,casual,iOS,web,push_notification,55.81872543456548
21.620281719595393,27,16,21,Monday,8,regular,Android,web,organic,43.686958534020754
16.89134128809344,15,68,7,Saturday,0,regular,iOS,tablet_app,push_notification,15.738352642377818
72.57912580043688,23,31,8,Thursday,1,casual,Android,mobile_app,organic,56.88713707252266
24.6181913817419,10,13,1,Wednesday,5,new,iOS,mobile_app,search,16.38420042559544
111.38881361333168,13,25,10,Wednesday,6,casual,iOS,web,search,52.295240410491274
71.82203106554542,22,24,21,Sunday,9,regular,Android,tablet_app,search,69.24005855512874
44.89002752150626,2,15,9,Wednesday,7,new,Android,mobile_app,push_notification,8.041533397486846
72.95528152036293,21,9,15,Monday,2,new,iOS,mobile_app,deep_link,56.35558753701687
7.622445168415212,0,68,4,Tuesday,0,power_user,Android,web,deep_link,1.0
115.23430952276621,17,74,3,Tuesday,6,new,Android,web,push_notification,48.297371279740446
60.46489524843353,14,44,17,Friday,5,casual,Android,web,search,40.66681875812639
95.01455113378292,14,55,1,Saturday,9,power_user,iOS,web,organic,61.83319537814782
14.513949991080436,14,82,10,Saturday,5,casual,Android,tablet_app,search,1.0
60.96570804638844,14,75,7,Friday,5,casual,Android,mobile_app,push_notification,28.8632484566312
61.431304350769906,12,2,0,Saturday,3,new,iOS,mobile_app,deep_link,34.73257421510942
112.85004232212303,13,85,12,Wednesday,0,power_user,Android,tablet_app,push_notification,54.876027980127915
70.74872602324866,17,6,23,Friday,8,regular,Android,tablet_app,search,52.780614173228415
59.45128112154969,22,2,1,Monday,8,power_user,Android,web,deep_link,68.13074692560448
35.702201255567765,16,36,19,Thursday,1,power_user,Android,mobile_app,push_notification,42.91212051918995
43.1304346943935,19,67,12,Thursday,7,casual,Android,mobile_app,push_notification,28.708564066371324
64.87732628422684,25,7,17,Monday,3,new,Android,web,organic,49.2901727115811
55.47481793508037,29,26,2,Thursday,4,casual,Android,tablet_app,push_notification,60.927720330035136
7.485389186237999,3,23,20,Saturday,8,new,iOS,mobile_app,push_notification,1.0
100.02357128235116,21,35,0,Wednesday,8,regular,Android,mobile_app,search,73.36802458346072
108.05848876157317,6,88,21,Thursday,1,new,iOS,mobile_app,search,19.439555574918987
21.12864523484024,5,29,15,Wednesday,3,power_user,iOS,tablet_app,deep_link,17.79515788096116
68.71415650699068,23,18,8,Tuesday,8,regular,iOS,web,search,63.52678311361291
17.48621023057601,2,11,0,Monday,9,casual,iOS,mobile_app,deep_link,4.37142658737614
82.30761069957835,25,17,14,Wednesday,0,power_user,Android,tablet_app,push_notification,86.03329741628042
37.34188514148596,23,11,2,Saturday,8,power_user,iOS,tablet_app,deep_link,62.739139990493335
80.8336029895687,29,51,14,Sunday,4,casual,Android,mobile_app,push_notification,60.650896391907686
88.6043806429915,20,37,18,Friday,5,new,Android,web,search,53.00485684238615
93.39446157053055,26,44,6,Friday,0,casual,iOS,tablet_app,organic,58.63552115181089
17.390208784928106,3,74,5,Friday,6,regular,Android,tablet_app,push_notification,1.0
110.34136219082491,26,52,5,Thursday,6,power_user,Android,mobile_app,organic,85.57412698381734
31.474608952911293,4,13,5,Wednesday,6,casual,Android,mobile_app,deep_link,10.941325395124876
9.302443960260675,9,33,2,Friday,7,regular,Android,mobile_app,search,8.770931892231713
68.80803398002058,3,28,5,Saturday,9,casual,Android,web,deep_link,29.188615732502228
47.65606264418046,12,74,15,Wednesday,8,new,iOS,web,push_notification,13.825213552599918
100.42582046022751,22,27,7,Thursday,7,casual,iOS,tablet_app,search,60.828095243052914
97.9489192873947,8,12,18,Thursday,9,new,Android,tablet_app,search,41.593455521721864
41.47097267461226,24,66,19,Tuesday,6,casual,iOS,web,organic,29.921597068086474
114.58343043302067,18,38,18,Wednesday,6,casual,Android,mobile_app,deep_link,70.62680901439087
38.45555138611364,18,8,12,Monday,5,casual,iOS,tablet_app,search,45.05926747851319
64.23156986164717,28,62,7,Thursday,7,power_user,iOS,web,organic,63.59882613763513
34.43598541527432,12,18,22,Friday,0,casual,iOS,web,push_notification,28.96727026815545
112.64501055563078,10,78,4,Friday,5,regular,Android,web,push_notification,36.55516638556358
23.929899021932087,29,74,11,Sunday,4,regular,Android,web,deep_link,33.645051928420116
10.164721230117834,16,33,10,Monday,9,regular,Android,mobile_app,search,25.43777318878562
55.03616190034936,18,50,17,Saturday,0,casual,iOS,mobile_app,deep_link,36.049503131296355
119.12318986642126,8,51,13,Saturday,6,power_user,Android,tablet_app,deep_link,60.11070988175801
107.5428856193151,6,58,19,Thursday,1,new,Android,tablet_app,organic,30.93321504594006
91.08992223754916,5,6,22,Tuesday,8,casual,iOS,tablet_app,organic,44.08848296480873
107.44113645103036,6,29,9,Wednesday,8,power_user,iOS,tablet_app,push_notification,59.140356271311724
107.74636356525427,5,15,20,Friday,2,casual,Android,tablet_app,organic,45.16589026124269
64.66871144444164,22,62,4,Sunday,8,regular,Android,mobile_app,deep_link,44.949292650726626
41.33184096054119,1,6,21,Friday,4,new,Android,tablet_app,search,13.076455173045124
93.78142969276362,18,46,4,Thursday,9,regular,Android,web,search,59.361242028503
81.09104526429252,28,65,20,Friday,7,power_user,iOS,tablet_app,search,72.22903435865176
47.97063882047666,22,85,9,Monday,0,regular,Android,web,push_notification,26.3845688031859
15.863666827074256,12,25,23,Friday,2,regular,iOS,mobile_app,search,17.750291400685356
90.88080530513798,1,0,3,Monday,4,power_user,Android,web,push_notification,55.44729024882149
35.18295933112944,25,65,11,Sunday,2,casual,iOS,mobile_app,deep_link,39.09571358547072
112.73351231138462,0,0,21,Sunday,1,casual,iOS,tablet_app,search,45.979274501568256
32.71161612565375,20,5,1,Thursday,9,new,Android,web,search,36.532138594115025
19.117162227320893,20,89,6,Wednesday,8,regular,Android,mobile_app,deep_link,18.556396940420843
100.57795729436421,5,77,2,Saturday,4,regular,Android,web,organic,25.315486516435257
22.627696411816814,22,63,7,Friday,2,power_user,Android,web,deep_link,44.44132276914081
25.615855438139995,5,75,9,Friday,1,regular,iOS,mobile_app,deep_link,1.2860158255421243
73.929021024897,6,6,14,Thursday,9,new,Android,mobile_app,deep_link,30.55905095051133
105.57463469630841,24,8,6,Tuesday,3,regular,iOS,web,organic,80.6792742811054
27.589986557175923,29,27,3,Monday,0,power_user,Android,mobile_app,organic,59.064331578584095
40.6872223835109,7,2,4,Tuesday,3,new,Android,tablet_app,deep_link,27.677403849080115
94.40155639773542,27,79,22,Thursday,4,casual,iOS,mobile_app,push_notification,54.4505421565824
116.76003899701125,27,5,22,Wednesday,6,power_user,iOS,tablet_app,search,102.60316145632467
62.585236413269364,23,48,5,Thursday,3,casual,iOS,tablet_app,push_notification,48.31586362023856
21.54821279339384,4,76,4,Tuesday,9,power_user,Android,mobile_app,search,5.2858354004170955
6.602673086443177,8,66,1,Sunday,6,regular,iOS,mobile_app,push_notification,1.9127618321854776
31.410443449868353,20,21,23,Wednesday,9,regular,iOS,tablet_app,deep_link,44.29913744222128
20.15955504544992,29,42,16,Saturday,3,regular,Android,mobile_app,organic,37.570467323587174
82.9307474654786,24,49,18,Wednesday,6,regular,iOS,mobile_app,deep_link,61.80943318569068
19.01073803228108,12,69,6,Thursday,3,power_user,iOS,web,organic,20.298365920668306
63.227942136372796,7,38,15,Friday,6,power_user,Android,web,search,41.1760251690711
84.84018009893194,28,25,1,Tuesday,7,casual,iOS,web,push_notification,69.99640575028033
71.82841006040377,8,71,16,Tuesday,3,power_user,iOS,mobile_app,search,36.197628452436874
27.974199940906626,10,79,13,Wednesday,9,regular,Android,tablet_app,deep_link,15.307724491905363
97.47432051096021,28,44,7,Saturday,8,regular,iOS,web,search,69.08194485000108
87.2718199058172,16,2,17,Tuesday,8,casual,Android,web,push_notification,58.36904245257499
89.9831604502873,7,45,15,Thursday,2,casual,Android,web,push_notification,36.393048010447686
20.071641429091024,0,80,10,Friday,7,regular,Android,mobile_app,organic,1.0
19.23168741978963,12,89,4,Friday,1,casual,Android,web,organic,1.259999957955232
111.66969336574837,29,36,0,Thursday,1,casual,iOS,web,search,89.95897481682937
50.72149228986817,12,13,22,Monday,9,power_user,iOS,web,search,53.952206774472444
39.60909955480807,20,51,6,Monday,1,casual,iOS,web,organic,35.83285990507084
61.18716521542633,7,74,7,Thursday,8,regular,Android,web,search,17.993041821334245
81.22938446781198,23,85,16,Saturday,4,new,iOS,tablet_app,push_notification,32.82364810458702
114.89667456040154,23,4,6,Monday,3,new,Android,tablet_app,deep_link,73.44424139260924
37.94131609143633,18,26,9,Sunday,0,power_user,Android,mobile_app,push_notification,52.58034720761985
111.35296937088312,23,42,17,Friday,6,new,Android,web,deep_link,64.47191309508455
7.858841509419476,17,8,14,Monday,7,power_user,Android,web,organic,44.458167771462755
68.84777486758483,11,79,15,Wednesday,4,power_user,iOS,web,organic,35.17456020644686
77.90713784332479,22,10,0,Tuesday,8,casual,iOS,mobile_app,organic,61.080743352671526
17.17820143133663,25,59,10,Sunday,3,power_user,Android,mobile_app,organic,41.4619229732149
21.13905366234995,25,82,11,Thursday,5,casual,Android,web,search,25.61576099068344
53.19814672137494,6,61,15,Wednesday,2,power_user,iOS,mobile_app,search,31.162532115316857
116.1166698964659,20,68,3,Tuesday,5,new,Android,web,organic,47.51858053506584
73.54489362195288,0,23,3,Thursday,1,casual,Android,mobile_app,organic,26.148498966222675
112.2976704840243,17,74,18,Monday,4,casual,iOS,tablet_app,deep_link,46.09082265520668
97.50150529549164,17,37,16,Tuesday,5,power_user,Android,web,deep_link,71.51074955148141
58.748884178858525,10,5,19,Tuesday,5,new,iOS,mobile_app,push_notification,32.135707830462216
95.24779666400156,29,32,6,Friday,4,power_user,iOS,mobile_app,deep_link,94.84516713717606
7.05123015735359,26,31,23,Friday,6,new,Android,tablet_app,search,26.839156232526285
17.55155962805952,1,46,6,Thursday,5,casual,Android,mobile_app,search,1.0
100.38429071151468,6,23,15,Monday,2,regular,Android,mobile_app,deep_link,50.3833854936233
96.6339651573936,6,41,3,Wednesday,2,new,Android,tablet_app,organic,26.820771237404475
31.753685326139873,26,38,22,Saturday,6,casual,iOS,mobile_app,organic,41.1736173810347
66.03850291889115,15,29,7,Tuesday,9,power_user,Android,mobile_app,deep_link,55.81576918675234
74.69181938050126,21,62,19,Tuesday,7,power_user,Android,web,organic,56.864567076873634
104.78997968424129,24,27,7,Monday,6,new,iOS,mobile_app,push_notification,64.03723836702196
74.35732309395345,23,68,18,Saturday,9,regular,Android,web,deep_link,55.64699492919695
52.445730466473236,2,22,10,Monday,8,regular,Android,mobile_app,push_notification,21.2848138801678
48.03116499182601,4,77,1,Friday,5,new,iOS,web,search,1.0
53.97643993295364,11,32,4,Sunday,1,regular,Android,web,organic,35.106253482321605
79.97206794169703,10,3,16,Friday,6,regular,Android,mobile_app,organic,46.002416655690524
104.76142265151736,22,13,4,Wednesday,6,regular,Android,mobile_app,push_notification,79.54083153352593
57.19814143877447,4,72,6,Tuesday,2,casual,iOS,tablet_app,push_notification,1.3184471316001671
33.50154973940619,11,78,13,Monday,8,casual,Android,web,search,10.927033122505696
32.216171744721834,7,19,6,Tuesday,8,regular,iOS,tablet_app,deep_link,22.00410630379992
90.79164222799633,5,54,3,Sunday,3,regular,Android,web,search,33.254309530852574
98.90540779374969,5,51,14,Tuesday,4,new,iOS,tablet_app,search,21.737903344181355
17.10697918322437,5,12,16,Monday,1,new,iOS,tablet_app,push_notification,6.493512129511421
12.654268549845488,16,40,17,Saturday,1,regular,Android,tablet_app,organic,26.432984300805984
73.35987133199195,12,62,22,Wednesday,2,power_user,Android,web,search,40.512604106694994
21.809923082160303,13,87,2,Wednesday,3,new,Android,tablet_app,organic,1.0
99.83638190247925,14,76,10,Saturday,2,new,Android,web,deep_link,35.5803473670454
40.68848750126856,22,8,5,Thursday,1,power_user,Android,tablet_app,deep_link,64.23367745691866
21.545272291681403,25,21,21,Sunday,4,regular,iOS,mobile_app,deep_link,34.66430207383428
110.91160433605678,15,39,12,Thursday,6,power_user,Android,mobile_app,search,80.4339703714452
24.03614811455699,19,13,2,Friday,3,power_user,iOS,mobile_app,search,52.192949921790294
37.74280946886259,22,51,16,Sunday,5,power_user,Android,web,deep_link,51.93325776858337
22.66554044708674,20,0,1,Thursday,2,new,Android,tablet_app,deep_link,33.820284168855615
18.28135732151582,4,10,6,Tuesday,7,casual,Android,tablet_app,organic,3.363452140121227
7.432021878690604,29,4,17,Sunday,6,new,Android,tablet_app,push_notification,44.50905802710233
11.370472053889912,4,26,12,Tuesday,9,new,iOS,tablet_app,deep_link,1.0
25.08376915762306,12,68,18,Monday,0,power_user,Android,tablet_app,push_notification,25.081200286874257
11.13892225212517,19,15,13,Friday,8,regular,Android,tablet_app,deep_link,34.07096408466779
72.98153885276169,12,88,20,Sunday,3,new,iOS,mobile_app,organic,17.463792747128373
83.28217058194323,7,24,13,Monday,0,new,iOS,tablet_app,search,28.1253845164357
50.26750253568325,27,4,1,Saturday,6,new,Android,web,search,59.496751256328494
41.568976149485685,2,30,1,Saturday,1,casual,iOS,tablet_app,deep_link,5.479884782234749
63.02051725755646,7,67,18,Sunday,1,casual,Android,mobile_app,deep_link,25.913269317048943
105.62556835697998,29,9,0,Wednesday,9,casual,Android,mobile_app,organic,94.92099620023353
102.8801370845537,21,6,9,Tuesday,2,power_user,Android,mobile_app,organic,93.59920296842078
9.999632131471074,2,76,0,Thursday,5,new,iOS,web,push_notification,1.0
25.87231710360027,22,53,7,Monday,2,regular,Android,mobile_app,push_notification,32.46845922938873
32.225660177005544,29,30,14,Saturday,1,casual,iOS,mobile_app,deep_link,52.83972424666466
33.67957122070436,2,68,4,Friday,0,casual,Android,web,search,1.0
70.69175495041887,12,75,11,Thursday,0,power_user,iOS,tablet_app,push_notification,31.785873040063663
52.87017895586711,14,32,23,Thursday,4,power_user,Android,web,organic,55.11247794548493
10.664223791673308,3,50,1,Friday,4,new,Android,tablet_app,deep_link,1.0
47.965625922850734,6,0,1,Thursday,0,casual,iOS,web,deep_link,28.045224384690833
65.23158910252828,5,27,6,Saturday,3,new,Android,web,deep_link,15.579306483021137
16.692268833927336,5,53,19,Sunday,2,casual,iOS,web,deep_link,1.0
100.84773368568436,12,17,9,Sunday,5,regular,iOS,web,push_notification,51.04393834227995
10.97561464348699,13,89,15,Friday,9,casual,iOS,web,organic,3.2431096941756934
111.35681493707715,7,87,0,Saturday,6,casual,Android,tablet_app,organic,22.927835623942048
16.398011281685683,8,23,17,Wednesday,9,casual,iOS,tablet_app,push_notification,14.74994342833432
102.01111943374157,5,35,1,Monday,1,casual,iOS,mobile_app,organic,34.20782770848804
108.80511155167596,23,17,17,Wednesday,2,casual,Android,web,organic,66.90187911817276
117.65062826745816,6,45,3,Sunday,7,casual,iOS,tablet_app,search,45.032849226736836
97.23297623146325,27,11,20,Monday,3,regular,iOS,mobile_app,organic,80.19109325868116
94.63991718870282,16,35,7,Thursday,8,new,iOS,mobile_app,search,51.72781784989529
78.88557673948799,24,49,4,Tuesday,4,new,iOS,tablet_app,deep_link,42.95000698651601
94.58458077648483,19,55,8,Thursday,2,regular,iOS,mobile_app,deep_link,51.825916405961735
20.473503967511913,7,53,0,Tuesday,8,regular,iOS,mobile_app,search,1.0
66.64782413397829,18,19,3,Saturday,5,casual,Android,tablet_app,search,39.12956958311567
64.13563007189767,8,71,14,Saturday,8,new,iOS,mobile_app,push_notification,21.046117873662375
103.62079657409411,3,62,7,Saturday,4,regular,Android,tablet_app,organic,42.52451072808616
58.221927043254325,7,67,8,Friday,1,casual,Android,tablet_app,deep_link,14.306038740809521
49.28529205154065,8,42,19,Tuesday,6,regular,iOS,tablet_app,search,21.60688737403696
78.54977619226766,4,80,2,Thursday,1,new,Android,web,push_notification,7.276890312201581
35.6432815125973,0,35,9,Monday,6,new,iOS,web,organic,3.888396516227557
21.07336725970504,28,72,4,Wednesday,4,regular,Android,mobile_app,push_notification,32.31459631468282
59.955886512730764,15,18,11,Thursday,7,casual,Android,mobile_app,push_notification,43.551707006779914
52.942277388411775,12,22,7,Friday,8,regular,Android,tablet_app,search,39.11950872819909
31.745543160820475,27,47,1,Monday,4,regular,iOS,web,push_notification,42.338560248955325
47.263858163239725,6,50,1,Saturday,8,casual,Android,tablet_app,search,12.137675908332469
47.13513173001845,12,67,20,Thursday,1,new,iOS,tablet_app,search,13.273996614592175
42.66198990744273,25,26,1,Sunday,1,new,Android,tablet_app,search,37.568799349233615
48.63836916859683,18,78,18,Thursday,9,power_user,Android,tablet_app,push_notification,41.88812972274456
83.86048472743371,11,29,21,Thursday,5,new,Android,tablet_app,push_notification,35.22208857255217
39.14079457569781,7,48,11,Friday,4,regular,Android,mobile_app,organic,18.129470701196162
114.11866157226414,1,83,7,Saturday,1,power_user,iOS,mobile_app,deep_link,43.675296176664176
110.38002224689046,2,48,18,Tuesday,2,power_user,Android,mobile_app,search,47.3951446952349
60.30469925450904,4,61,23,Thursday,6,casual,iOS,tablet_app,organic,17.16099923266758
42.76153857553921,23,81,2,Monday,8,new,Android,web,push_notification,15.84046757873846
66.57500083045036,19,87,23,Thursday,9,power_user,iOS,mobile_app,search,43.71336677079747
102.58445620896683,13,44,22,Saturday,4,regular,iOS,mobile_app,search,53.258381278429056
80.04754416441173,23,37,3,Sunday,4,casual,Android,mobile_app,deep_link,64.87400572219376
97.50506021391391,4,17,1,Tuesday,1,regular,Android,mobile_app,deep_link,36.282239710896064
66.26306174756012,6,48,17,Wednesday,0,new,iOS,tablet_app,search,15.672280320506554
77.78552736577639,11,82,1,Thursday,4,regular,Android,web,organic,35.369310775433746
38.137895630983095,27,43,14,Wednesday,5,regular,iOS,tablet_app,push_notification,45.32256642869231
89.51271366568344,18,31,1,Tuesday,1,casual,iOS,tablet_app,deep_link,52.747310819357864
28.27652820945761,25,9,16,Wednesday,4,casual,iOS,tablet_app,organic,48.403436716532966
84.9017848141273,7,35,5,Wednesday,6,casual,iOS,tablet_app,search,35.991002417403436
103.98269285747782,25,21,2,Thursday,8,new,iOS,mobile_app,search,76.43904428253597
20.19182628967755,2,87,1,Sunday,9,new,iOS,web,organic,1.0
75.65367016232078,6,47,4,Thursday,3,power_user,Android,mobile_app,organic,46.73644609474229
15.93601104644248,15,12,12,Wednesday,3,casual,iOS,web,organic,24.25436681068239
88.45729725121409,1,6,1,Friday,8,new,Android,web,deep_link,28.350554549859304
14.716720164704826,25,76,19,Saturday,6,new,Android,tablet_app,deep_link,15.770933697293566
112.633079610572,26,83,14,Thursday,2,casual,iOS,mobile_app,deep_link,54.337267924074595
20.801911954347247,16,68,7,Thursday,6,power_user,iOS,mobile_app,deep_link,30.29656741468433
115.27122827954425,9,11,23,Tuesday,1,casual,iOS,tablet_app,search,54.7720398044191
97.10168024978611,2,8,15,Sunday,4,power_user,Android,web,organic,52.21762205001581
73.27343051363073,18,17,16,Sunday,3,casual,Android,tablet_app,push_notification,54.0533350487468
95.0017720323979,16,67,4,Tuesday,9,power_user,iOS,mobile_app,search,53.553987812074865
96.43820648305487,22,68,17,Wednesday,0,power_user,Android,mobile_app,search,69.64254255557302
113.79311222399298,18,75,13,Tuesday,8,new,iOS,mobile_app,deep_link,44.46472664138607
34.13908569150653,3,8,23,Sunday,2,new,Android,mobile_app,organic,16.37156827502644
72.85872796620555,3,13,11,Monday,0,power_user,iOS,mobile_app,organic,42.976172084449175
15.93065771990614,23,81,16,Tuesday,6,power_user,Android,mobile_app,organic,35.61585658747312
75.85905550277396,4,83,8,Wednesday,6,new,Android,web,push_notification,8.45165288308766
24.698499970670714,28,65,0,Thursday,1,regular,iOS,web,deep_link,40.926958419983485
69.96932031933082,3,9,3,Tuesday,0,power_user,iOS,mobile_app,organic,45.28248914239664
70.82950911389271,21,6,20,Thursday,1,power_user,iOS,web,organic,65.7465152900125
58.58829259284114,29,5,17,Saturday,4,casual,iOS,mobile_app,deep_link,70.77488796372604
65.10265418400913,13,62,8,Saturday,1,power_user,Android,tablet_app,search,41.74648852254307
92.8511898507576,1,76,16,Monday,7,regular,iOS,web,push_notification,25.793298288399697
96.91314239888766,26,56,0,Monday,0,power_user,Android,web,search,79.07136610546493
61.59761979117435,5,23,0,Monday,7,new,iOS,web,deep_link,18.159213751918706
73.95324577510041,15,68,12,Sunday,8,regular,Android,tablet_app,search,34.16471898675133
112.0921671043617,29,5,14,Friday,7,new,Android,tablet_app,organic,86.18596479826522
18.769362677629122,22,74,22,Thursday,9,casual,Android,web,search,18.743124438704342
18.466910078512708,1,80,18,Saturday,9,new,iOS,mobile_app,deep_link,1.0
15.086536369738367,24,64,6,Friday,0,casual,iOS,tablet_app,deep_link,22.03271030501174
80.6542777796607,4,79,19,Tuesday,3,power_user,Android,tablet_app,deep_link,34.76705511038158
53.13995459089364,22,52,11,Thursday,7,regular,iOS,mobile_app,organic,46.960852015298414
94.04696285631198,18,42,19,Friday,3,casual,iOS,web,deep_link,53.914672614238455
82.19161253048814,8,29,4,Monday,7,casual,iOS,tablet_app,search,35.89359461786403
43.36834220774739,12,82,0,Friday,7,casual,iOS,tablet_app,search,13.19326114637579
108.31215294657662,3,62,1,Thursday,9,regular,Android,mobile_app,push_notification,41.39269839591784
92.69119691312501,29,17,23,Monday,3,casual,Android,web,deep_link,75.83250920126508
36.111518204670205,7,86,1,Tuesday,3,new,iOS,tablet_app,search,1.0
46.88208204378621,9,5,22,Thursday,0,regular,Android,web,deep_link,35.961453160638165
41.160597723490234,15,52,17,Wednesday,2,power_user,iOS,tablet_app,organic,39.32495728175049
23.125339591874962,20,17,3,Wednesday,2,casual,Android,tablet_app,organic,42.30548424297233
21.99508784235204,15,59,20,Friday,4,new,Android,mobile_app,deep_link,14.8058202766188
112.65465828821057,15,37,3,Wednesday,4,new,iOS,mobile_app,deep_link,52.619180483664955
55.35896427785662,17,39,3,Thursday,8,power_user,iOS,web,organic,53.5086291068548
49.081779619402134,25,60,13,Saturday,7,power_user,iOS,tablet_app,organic,52.3742945817815
88.91385649789846,11,68,6,Monday,7,new,iOS,web,organic,27.287170640967098
68.5942025040835,24,34,6,Wednesday,0,new,Android,web,push_notification,49.629971045602176
112.65609848642316,23,89,4,Monday,4,new,iOS,tablet_app,push_notification,52.49020054763034
94.7346717995801,28,44,14,Sunday,7,casual,Android,tablet_app,push_notification,71.46536275593118
60.12749987432214,27,14,0,Tuesday,2,power_user,Android,mobile_app,organic,70.75933419815856
48.281339450295015,23,0,5,Saturday,4,new,iOS,mobile_app,deep_link,54.00895806817185
118.46262766629704,7,18,13,Tuesday,7,power_user,Android,mobile_app,organic,68.48556950931984
87.542427140419,23,62,11,Wednesday,7,new,iOS,web,search,42.87550975561869
114.38738590044173,22,48,16,Friday,8,regular,Android,mobile_app,push_notification,76.96868567862033
18.625036379959756,8,30,5,Saturday,4,casual,iOS,tablet_app,organic,17.83477003730469
102.81137310694,20,43,15,Tuesday,3,power_user,Android,mobile_app,push_notification,75.01141066330898
78.26349665898887,7,75,18,Tuesday,3,casual,Android,tablet_app,organic,23.094969872169113
19.020993008537946,15,51,9,Sunday,6,casual,Android,tablet_app,deep_link,19.461918642765127
72.64966999646037,23,5,6,Wednesday,4,new,Android,tablet_app,organic,64.14084268623928
83.90108198712662,5,4,13,Tuesday,4,power_user,iOS,tablet_app,organic,58.936741159293405
6.414808877189326,10,43,13,Saturday,1,casual,iOS,tablet_app,deep_link,1.0
57.246565611800854,23,36,2,Monday,4,casual,Android,tablet_app,search,56.44276111509042
99.92094378757693,13,76,13,Sunday,2,regular,iOS,tablet_app,push_notification,46.86383351769096
38.96628791457034,28,52,3,Sunday,5,regular,Android,tablet_app,push_notification,45.69365624210069
57.733029406833374,0,68,13,Saturday,8,regular,iOS,tablet_app,push_notification,4.659898937125008
55.86612461280772,21,52,22,Wednesday,7,casual,iOS,tablet_app,deep_link,41.918110281941466
39.72165001588653,24,31,12,Monday,4,new,Android,tablet_app,search,37.13648983370051
110.62081798428873,27,59,18,Wednesday,9,new,iOS,mobile_app,push_notification,65.33330628671081
94.84881407462433,4,55,7,Wednesday,9,new,Android,tablet_app,push_notification,27.58485641560192
17.717667264552706,29,64,22,Sunday,4,regular,Android,tablet_app,deep_link,34.6380784098355
119.6589856513209,11,17,19,Friday,7,regular,Android,mobile_app,search,60.64110829344885
106.1080027953907,10,57,22,Sunday,3,regular,iOS,web,deep_link,47.67938422358019
37.64947035436448,10,25,17,Saturday,8,power_user,Android,tablet_app,search,36.75954279299941
101.2431066610079,19,71,15,Saturday,3,new,Android,mobile_app,deep_link,43.95467370019895
17.23824616520903,19,71,12,Monday,2,power_user,Android,mobile_app,push_notification,23.450329499753426
119.89704400453745,14,56,22,Monday,1,power_user,Android,tablet_app,organic,66.22399534167913
81.55374465225174,2,85,20,Monday,8,regular,iOS,web,search,19.93878137058068
79.76437678926165,29,48,10,Friday,2,regular,iOS,mobile_app,deep_link,69.13244700011523
15.400683603175265,6,2,2,Tuesday,8,new,Android,web,push_notification,7.612662572340398
108.1588408731119,2,54,0,Sunday,0,new,Android,web,push_notification,19.80634668731353
8.334942868513984,17,69,5,Monday,5,new,Android,tablet_app,deep_link,4.20491375128866
32.69522667473191,12,9,1,Sunday,4,regular,Android,mobile_app,organic,36.70273825648011
21.447515644163026,18,9,5,Friday,4,casual,iOS,web,deep_link,35.50229438853169
94.32831317960513,26,24,2,Monday,1,new,Android,mobile_app,organic,62.42660597221616
27.793486129483256,2,75,23,Monday,0,new,Android,web,organic,1.0
109.7233961200518,8,47,2,Wednesday,3,new,iOS,tablet_app,deep_link,44.1499580687627
80.47093952266137,15,87,15,Wednesday,4,regular,iOS,web,push_notification,35.311526901955176
9.158711706890065,23,78,8,Wednesday,7,regular,Android,mobile_app,organic,13.814318971572238
5.624430924800553,18,49,4,Thursday,4,regular,Android,mobile_app,organic,21.264173891373115
10.940660456655877,11,61,16,Monday,2,new,iOS,web,search,7.1740705531190905
74.68139542948869,18,29,23,Monday,2,new,Android,tablet_app,deep_link,37.77929951277529
97.17040824883276,29,8,18,Friday,6,new,Android,mobile_app,organic,76.3019242777637
32.43357437214967,14,35,23,Sunday,4,power_user,iOS,mobile_app,organic,38.25492030021526
102.68201693615339,26,53,14,Tuesday,9,regular,iOS,mobile_app,push_notification,71.40428009119914
11.581673117624945,23,16,16,Sunday,4,casual,iOS,tablet_app,push_notification,36.00680393624195
97.11084316879277,9,19,3,Wednesday,5,new,Android,web,organic,47.77421120480027
111.69647446981224,7,1,20,Wednesday,0,casual,Android,tablet_app,search,55.26011457672855
93.79246589700377,23,66,17,Monday,1,power_user,Android,mobile_app,push_notification,73.16465436625573
85.28389015754328,6,80,6,Wednesday,8,new,iOS,web,push_notification,15.184105598478144
101.36772514536905,10,74,8,Thursday,3,power_user,iOS,mobile_app,deep_link,47.37147457526178
9.61739944791264,7,34,14,Friday,4,casual,Android,tablet_app,push_notification,1.9356363554913303
28.204942732691368,18,53,0,Tuesday,5,new,iOS,web,search,10.205085462035862
19.366223120148955,8,86,19,Tuesday,0,power_user,Android,mobile_app,search,10.18750560172586
63.02106387219345,19,53,6,Thursday,5,regular,Android,mobile_app,search,53.051426847000684
90.69663475781712,28,26,1,Monday,3,regular,iOS,tablet_app,organic,78.14071355091322
77.45136212628584,24,30,7,Tuesday,1,new,Android,mobile_app,organic,56.2709079442419
102.88007647262253,28,65,20,Friday,4,casual,Android,tablet_app,organic,62.59338962648397
22.84949413072545,0,40,6,Sunday,4,regular,Android,tablet_app,push_notification,1.8402973915586625
89.48142557254359,13,75,12,Friday,1,regular,iOS,tablet_app,deep_link,42.42345692651712
27.199771449923972,6,77,19,Tuesday,5,new,Android,mobile_app,search,1.819029961273781
36.13725640154703,27,3,0,Sunday,7,regular,Android,tablet_app,organic,67.1506682717045
86.63904018734995,21,65,18,Thursday,2,power_user,iOS,web,push_notification,65.67921690871609
117.7235502633484,9,33,6,Saturday,9,power_user,Android,tablet_app,deep_link,67.64759771259665
75.327514687363,16,46,16,Tuesday,6,new,Android,tablet_app,organic,37.47474098914817
11.267536223998993,18,23,4,Friday,7,power_user,iOS,web,search,37.61623155217245
75.87553154166628,14,33,3,Monday,0,regular,iOS,mobile_app,search,39.933458770804556
9.870313431719216,14,29,18,Friday,7,new,iOS,tablet_app,search,7.5775327627679525
106.67675680718398,1,4,19,Tuesday,3,new,Android,web,organic,38.79480287822231
86.60150278657139,13,70,23,Sunday,7,power_user,iOS,tablet_app,search,48.22663593820851
24.90970233858787,10,12,16,Monday,8,new,Android,tablet_app,push_notification,11.351393264196568
15.547915669782778,24,33,11,Friday,2,new,Android,tablet_app,organic,27.551211062189296
26.10632132123668,25,17,4,Monday,2,casual,Android,web,organic,41.80959206839792
117.70312564873214,22,14,7,Friday,0,regular,Android,tablet_app,search,75.6034304107145
57.73447388272633,0,33,15,Thursday,6,regular,Android,tablet_app,deep_link,17.727984005300215
95.16930905926192,25,82,8,Sunday,7,regular,Android,web,organic,55.92343512048124
78.18695934239435,11,84,11,Friday,4,power_user,Android,tablet_app,push_notification,35.599916607297644
70.8275122452433,12,34,4,Wednesday,1,power_user,Android,mobile_app,search,55.50102063958905
21.689979286480714,28,45,10,Monday,3,new,iOS,tablet_app,deep_link,24.212934685172385
113.79281215918093,26,88,5,Friday,4,new,iOS,web,search,44.981029405472995
39.65440273919256,1,21,2,Thursday,9,new,Android,tablet_app,organic,7.876547125697938
71.47197981786735,10,85,3,Monday,1,casual,iOS,mobile_app,push_notification,18.72136427941232
85.4742336277426,22,9,12,Friday,3,casual,iOS,web,organic,66.90866156318242
79.66181285321052,16,20,8,Tuesday,6,power_user,iOS,mobile_app,deep_link,63.63934435402829
113.16835711498462,7,30,2,Tuesday,2,casual,Android,tablet_app,push_notification,43.03668572307836
22.07048384080667,15,3,12,Monday,8,new,Android,tablet_app,push_notification,26.995270939195404
63.46056492139834,25,73,3,Wednesday,9,power_user,Android,web,search,55.79712435949335
51.463954935188085,6,76,0,Tuesday,3,casual,Android,tablet_app,deep_link,14.36540329502586
59.52940389050109,22,34,3,Monday,7,power_user,Android,mobile_app,organic,61.55273893153707
18.710015512740632,22,75,10,Thursday,7,power_user,iOS,web,deep_link,34.144673022369396
20.420880135368012,26,69,22,Tuesday,6,power_user,Android,mobile_app,deep_link,53.80773368233795
36.9786877648446,8,72,5,Monday,1,power_user,iOS,tablet_app,push_notification,19.51505408564975
40.0410294324956,6,72,6,Thursday,0,new,iOS,web,organic,1.0
54.20886957335525,16,51,5,Monday,3,regular,Android,web,organic,38.891940279580695
75.26356790921226,15,9,8,Sunday,1,casual,iOS,web,push_notification,53.396734560416874
77.98234850310024,12,83,17,Thursday,2,regular,Android,mobile_app,push_notification,30.995632095590732
52.35825310734058,23,54,7,Sunday,6,regular,iOS,web,organic,46.315584817783524
52.01005758430017,23,81,15,Sunday,5,regular,iOS,tablet_app,deep_link,37.4555273379871
30.027280570150626,7,86,21,Sunday,2,casual,iOS,web,deep_link,1.0
72.65521856703594,23,16,22,Thursday,0,power_user,Android,web,search,75.2269220395911
41.45970480148236,6,36,13,Wednesday,2,regular,Android,web,organic,29.31278818900361
9.146880941896825,12,17,17,Saturday,4,power_user,Android,tablet_app,deep_link,37.80682096709474
53.116005078038945,0,4,22,Monday,7,new,Android,tablet_app,search,17.814033131226445
59.525257635369584,10,86,18,Saturday,3,power_user,Android,web,deep_link,32.46133714562478
30.943179843484263,28,83,7,Wednesday,2,casual,iOS,mobile_app,search,25.965980348105774
70.8326623090433,13,83,3,Monday,5,casual,Android,tablet_app,push_notification,22.76076022971859
70.06376854967091,21,79,2,Tuesday,0,power_user,Android,tablet_app,search,55.090831718696606
85.73025082769271,3,58,21,Tuesday,2,casual,iOS,web,deep_link,28.484352701638947
79.51407545313916,19,46,13,Monday,0,casual,Android,tablet_app,deep_link,43.03673240682647
80.02980149991863,11,89,7,Friday,5,power_user,Android,tablet_app,push_notification,35.63577320756325
41.36462745976496,22,49,8,Monday,4,power_user,iOS,tablet_app,deep_link,60.4620420563594
95.55470552838469,27,57,6,Saturday,5,casual,iOS,mobile_app,search,63.055057835314265
68.15160411396313,15,19,19,Thursday,6,casual,iOS,mobile_app,deep_link,53.46577052273696
54.613092445687364,3,67,14,Saturday,3,new,Android,tablet_app,push_notification,2.7760949060160147
76.99143530822157,14,73,21,Wednesday,8,new,iOS,tablet_app,organic,27.60438539375309
46.47559346177924,3,61,7,Monday,9,regular,Android,mobile_app,deep_link,10.215528390242158
63.9650131297772,13,44,11,Tuesday,1,casual,Android,tablet_app,search,36.3275033887069
89.72115417545534,1,17,2,Friday,9,power_user,Android,mobile_app,organic,55.19846064655013
106.93633197322639,19,3,23,Saturday,1,new,iOS,tablet_app,search,60.91702275365665
110.92157768894704,9,56,12,Tuesday,2,regular,Android,web,search,44.882603590586854
62.91778639605641,6,61,13,Wednesday,5,regular,Android,tablet_app,organic,25.98496791810656
64.83163819516544,0,69,9,Sunday,0,regular,Android,mobile_app,push_notification,9.649686408036704
96.98509723784119,26,85,6,Saturday,3,new,Android,mobile_app,search,45.67380428673704
41.16182955058314,25,44,22,Wednesday,1,casual,Android,web,deep_link,45.507671512645565
101.29897166968289,24,74,11,Tuesday,4,regular,Android,mobile_app,search,65.08512808907946
61.826289349503696,1,64,16,Wednesday,8,casual,Android,web,search,6.607126331776856
18.323523298555866,10,24,0,Thursday,9,power_user,iOS,tablet_app,organic,32.8850586953681
13.286801913388524,29,76,6,Thursday,2,regular,iOS,tablet_app,push_notification,25.976584183786358
101.82921926953826,17,4,19,Tuesday,5,casual,iOS,mobile_app,search,62.00202361066115
11.390310444290959,3,53,2,Monday,4,new,iOS,tablet_app,deep_link,1.0
37.27031515537043,4,84,2,Thursday,4,new,iOS,tablet_app,push_notification,1.0
43.424954657677766,7,59,19,Saturday,6,casual,iOS,web,deep_link,7.019039450283252
24.894361197033287,29,84,7,Tuesday,9,casual,Android,web,push_notification,26.83586181754823
41.09773752722876,5,5,6,Wednesday,4,power_user,iOS,web,organic,33.446395346091485
90.40964517338485,27,47,13,Tuesday,0,power_user,Android,web,organic,79.6116274254634
6.688527009408139,20,70,4,Tuesday,9,new,iOS,mobile_app,organic,1.0
100.12494381987894,27,57,1,Friday,9,regular,Android,mobile_app,deep_link,65.69787999493069
103.5030227110742,24,79,0,Wednesday,3,casual,Android,mobile_app,search,45.917972119184235
47.81008091702804,9,41,1,Tuesday,5,new,iOS,web,organic,18.20962508417214
22.665483391973,24,61,3,Sunday,8,regular,Android,tablet_app,deep_link,25.25389238154304
74.0966469136843,5,37,16,Tuesday,5,regular,Android,tablet_app,search,32.18144015888365
18.762343924462847,8,78,7,Tuesday,4,new,iOS,mobile_app,deep_link,1.0
46.96572652399904,6,10,1,Sunday,9,casual,Android,web,organic,34.116743525318675
115.21935580361182,3,22,0,Thursday,8,regular,Android,mobile_app,deep_link,42.46115826014003
119.47841434711827,2,8,11,Monday,5,casual,iOS,tablet_app,organic,50.73420894618661
93.79206250577734,5,63,20,Wednesday,1,casual,iOS,tablet_app,organic,21.866454168598892
40.76057364088811,3,20,8,Thursday,4,new,Android,web,deep_link,5.235117295659084
84.08148065410063,11,28,1,Tuesday,6,new,Android,tablet_app,organic,37.421977466884925
86.12173203066146,2,75,5,Thursday,2,power_user,iOS,tablet_app,push_notification,35.87600301846365
49.60179494381972,1,32,11,Friday,5,regular,Android,mobile_app,search,20.4391829115195
78.70219297740833,29,13,4,Tuesday,6,new,Android,mobile_app,deep_link,64.06274301279036
6.233679172202768,2,1,23,Saturday,0,casual,Android,mobile_app,push_notification,8.36612465722612
29.04163073925777,2,20,18,Thursday,5,new,iOS,web,organic,1.0
65.38515484123504,0,82,8,Sunday,7,casual,Android,mobile_app,organic,1.0
23.831399989704025,3,49,22,Monday,2,new,Android,web,search,1.0
24.07928980580137,15,89,7,Wednesday,5,regular,Android,web,search,11.784159035145743
101.17499341327736,24,19,3,Saturday,7,regular,Android,mobile_app,deep_link,76.25727152884095
118.75029530861462,22,31,22,Sunday,0,regular,iOS,mobile_app,organic,75.56349820215637
68.93648422327156,17,14,23,Tuesday,6,casual,Android,tablet_app,push_notification,49.288355803831
101.49301905139704,2,35,7,Sunday,2,casual,Android,mobile_app,push_notification,33.59804020500971
118.88699139752134,23,50,14,Tuesday,3,new,Android,tablet_app,push_notification,65.08538591032054
21.283527185409092,1,72,4,Wednesday,6,new,iOS,tablet_app,search,1.0
56.548245524250376,18,33,15,Wednesday,0,casual,iOS,mobile_app,push_notification,38.439715034979635
50.145862321820786,12,69,16,Wednesday,0,casual,iOS,tablet_app,deep_link,19.166212187849837
14.205667619311278,26,56,17,Sunday,4,regular,Android,mobile_app,search,37.399822994161944
91.8629698713956,9,26,13,Saturday,9,new,Android,mobile_app,organic,36.743071440306416
54.884588142098195,19,82,16,Saturday,0,casual,Android,web,deep_link,25.586522968812243
58.97259743189615,13,39,13,Tuesday,7,power_user,Android,web,search,53.0176185064681
22.32739198852262,15,13,19,Sunday,0,power_user,iOS,mobile_app,organic,37.56853374770595
25.806565006549835,28,86,4,Thursday,4,power_user,iOS,web,organic,50.44378588577168
109.31691654796472,21,82,11,Friday,4,casual,Android,mobile_app,push_notification,45.400569232857805
10.134645232042072,12,4,9,Friday,4,new,iOS,web,organic,15.099717342395515
31.778012768526217,13,81,12,Friday,0,new,iOS,web,search,1.0
38.58682298617076,21,85,3,Friday,7,new,Android,mobile_app,deep_link,27.680400680380497
61.372717376182436,10,74,7,Thursday,2,power_user,iOS,mobile_app,push_notification,30.48401182066079
72.44119489670153,5,22,22,Friday,7,power_user,Android,tablet_app,deep_link,44.02269275430222
61.728347222826656,14,56,2,Sunday,6,power_user,Android,tablet_app,deep_link,43.422969559401025
14.673263474041432,2,48,15,Wednesday,5,regular,Android,tablet_app,push_notification,1.0
33.02175721640706,5,55,15,Thursday,3,casual,iOS,web,search,3.3307148814925256
102.01266424769223,12,55,11,Tuesday,6,casual,iOS,mobile_app,push_notification,42.907075078276094
78.32270055502279,23,57,0,Wednesday,9,power_user,Android,web,organic,49.64763543340229
79.65214076544156,23,46,0,Saturday,9,power_user,iOS,web,organic,69.61807556818485
82.07337436540581,7,62,6,Friday,9,regular,Android,web,deep_link,31.609479542852235
92.73384718954584,12,47,2,Tuesday,2,power_user,Android,mobile_app,search,61.06709846417411
11.682475397966444,4,1,2,Thursday,5,casual,Android,web,push_notification,17.26376442644389
47.15996426725042,22,3,3,Saturday,3,casual,iOS,mobile_app,organic,50.71929943063708
67.04565505509305,7,86,4,Monday,9,power_user,iOS,web,organic,31.991292889570015
43.92249557919249,23,81,20,Monday,9,casual,Android,mobile_app,search,24.611938719675372
102.11507042802646,25,52,15,Wednesday,8,power_user,iOS,mobile_app,search,82.79906871334305
60.495838487538805,20,15,0,Friday,1,casual,iOS,web,organic,47.32219429890993
93.3921727878286,9,70,15,Wednesday,3,casual,iOS,web,deep_link,25.12573050854619
102.98178444133444,28,12,3,Saturday,7,new,Android,tablet_app,search,75.15756472461557
63.051020533902275,20,33,10,Saturday,7,regular,iOS,tablet_app,search,58.02253422595092
109.59850804520524,19,29,0,Thursday,3,casual,Android,web,deep_link,65.0539281333709
72.51925316175277,25,1,2,Wednesday,1,casual,Android,tablet_app,deep_link,73.14189792925383
102.781544365878,26,72,3,Monday,1,regular,Android,web,search,60.343320534180094
44.16794149302529,2,45,10,Saturday,6,new,iOS,tablet_app,push_notification,8.08250656767607
62.3639502311208,26,28,11,Sunday,4,new,iOS,web,organic,48.41085992488207
66.11226971552644,22,45,8,Thursday,4,power_user,iOS,mobile_app,deep_link,62.758886907911986
17.072667328048116,6,0,14,Thursday,8,regular,iOS,web,push_notification,23.404139660186615
50.833538270677174,9,39,17,Saturday,0,regular,iOS,web,deep_link,30.11012811092965
110.49383234344275,22,46,17,Friday,7,new,iOS,mobile_app,search,60.92586572697809
77.54570764194537,6,30,13,Monday,2,regular,iOS,web,push_notification,33.09195263657997
25.413256980251262,13,74,13,Friday,9,casual,iOS,mobile_app,search,13.226684076517044
43.96839809510457,20,22,11,Sunday,9,regular,iOS,web,organic,55.5798139125061
27.034346111210482,19,12,5,Saturday,5,new,iOS,web,search,29.08662304433166
7.854660156835842,27,47,11,Thursday,3,regular,Android,tablet_app,deep_link,26.88331971873169
111.65795272796306,3,79,0,Thursday,2,regular,Android,tablet_app,push_notification,33.11011914877728
56.54384274954022,8,33,23,Tuesday,1,casual,iOS,tablet_app,deep_link,23.42722532658142
40.36653332839041,29,4,8,Friday,9,new,Android,web,push_notification,54.65665047955732
73.82487702913971,17,87,18,Tuesday,1,power_user,iOS,mobile_app,push_notification,46.63275071244544
5.841162473696798,7,39,22,Wednesday,4,regular,iOS,web,search,4.882699055263526
36.97254225909359,8,15,11,Tuesday,4,regular,iOS,web,search,26.87918303259092
85.84884855537264,10,55,20,Wednesday,6,power_user,iOS,mobile_app,push_notification,48.58900159593442
77.88352390296524,16,28,11,Wednesday,8,regular,Android,mobile_app,organic,59.96730228211867
117.90768396739158,8,84,3,Monday,5,new,Android,mobile_app,push_notification,30.098386805467758
76.34113661067506,18,26,0,Saturday,7,casual,iOS,web,organic,45.5759235306027
59.91317546718927,13,49,3,Thursday,5,power_user,iOS,tablet_app,search,39.38381702174069
92.56474476616089,18,48,22,Sunday,4,casual,Android,tablet_app,push_notification,51.05243255393257
108.8827052758661,4,21,11,Tuesday,1,power_user,iOS,web,deep_link,53.370656107237046
87.88003387261043,18,44,7,Friday,2,new,Android,web,search,37.321647857885445
115.76929070817866,27,9,10,Tuesday,4,casual,iOS,mobile_app,search,87.76762824247452
94.93059463489038,4,57,6,Thursday,0,casual,iOS,mobile_app,organic,29.952480666865053
104.68216540012155,9,68,20,Thursday,3,regular,iOS,tablet_app,deep_link,38.91625175752629
18.121968186118277,20,85,23,Thursday,4,new,Android,mobile_app,organic,8.87025408463
89.22755284428558,18,29,2,Friday,4,new,Android,web,push_notification,50.63756853659399
55.61020044564739,20,25,17,Saturday,8,regular,iOS,web,push_notification,54.05496741511984
68.60693727729665,16,49,8,Wednesday,9,casual,iOS,web,deep_link,41.26414947864775
80.22177709047102,20,62,1,Saturday,7,power_user,Android,mobile_app,deep_link,48.1626621923159
116.52873842114049,18,89,22,Tuesday,0,power_user,Android,web,deep_link,60.829250055285414
118.22647936463683,2,2,1,Wednesday,4,casual,iOS,tablet_app,search,52.82116059265633
38.146248231109105,22,21,4,Wednesday,7,regular,Android,tablet_app,deep_link,46.51144463276808
89.38165220536037,13,23,0,Sunday,5,casual,iOS,web,organic,49.51557275881337
91.24810686255589,1,22,11,Monday,4,casual,Android,tablet_app,organic,35.5773926625737
44.84667905100061,12,41,14,Wednesday,4,regular,Android,mobile_app,search,29.802835170034978
19.245024109385415,13,78,7,Wednesday,4,casual,Android,web,search,11.383647021311067
9.708900432857773,2,2,1,Saturday,5,new,iOS,mobile_app,push_notification,7.354998308408155
94.39445966585554,29,73,2,Thursday,1,casual,iOS,mobile_app,search,59.02424517797076
61.31547030894418,6,55,22,Sunday,5,power_user,Android,web,push_notification,32.134980355316166
118.33711949191651,9,55,19,Saturday,2,casual,Android,tablet_app,search,31.908389323360467
58.4719474622701,13,61,22,Friday,6,casual,iOS,web,deep_link,24.319519098900674
117.46045259349162,24,10,12,Saturday,8,regular,Android,web,deep_link,80.49447102019928
52.33124025231689,22,67,13,Tuesday,5,new,iOS,web,deep_link,30.828029039929564
96.27344731439685,23,22,18,Thursday,3,casual,iOS,web,deep_link,67.69729712579874
14.754216315860686,7,46,14,Friday,9,new,Android,web,organic,2.5330374284647754
68.87809666584285,25,60,10,Tuesday,6,power_user,Android,mobile_app,search,69.53625579010401
97.23687550335829,24,54,7,Monday,4,power_user,iOS,mobile_app,deep_link,74.37653776781947
111.34069173028719,13,29,11,Monday,0,power_user,Android,web,deep_link,80.59815009576926
99.59705542100464,16,35,1,Saturday,0,new,iOS,tablet_app,organic,49.38485367189143
9.251633628135036,1,42,4,Friday,2,regular,Android,tablet_app,push_notification,1.0
47.86076925027443,22,3,17,Tuesday,2,regular,iOS,tablet_app,deep_link,54.11498426211424
10.600324316092896,28,65,20,Saturday,7,power_user,Android,mobile_app,organic,41.46276957505196
17.567463478174172,14,8,2,Friday,5,new,iOS,tablet_app,deep_link,24.291557571459876
82.66014729676067,16,41,2,Saturday,9,regular,iOS,mobile_app,organic,47.301434367672414
87.0246925758453,14,58,2,Sunday,5,new,Android,mobile_app,search,33.06898555769584
93.97787851643703,2,7,18,Sunday,9,regular,iOS,web,deep_link,44.56647014299242
104.52750302640123,18,89,7,Tuesday,5,power_user,iOS,tablet_app,organic,56.09445757611056
90.03461887479864,21,33,7,Saturday,3,new,iOS,web,deep_link,56.865216767478195
97.10023309226268,27,1,0,Wednesday,7,new,Android,mobile_app,deep_link,78.32603948499919
10.630826629677113,27,59,23,Wednesday,4,power_user,Android,tablet_app,deep_link,48.10188275983866
31.971542300749338,14,50,10,Friday,2,new,Android,web,deep_link,12.699003605299339
76.51824393815326,28,57,19,Friday,4,regular,iOS,mobile_app,search,66.71867162967686
103.68441003185467,15,67,16,Wednesday,6,regular,iOS,web,organic,43.93577712584517
5.517514368060799,19,42,3,Sunday,3,casual,Android,mobile_app,organic,12.459276392769965
64.18237434338023,18,74,19,Tuesday,7,power_user,Android,mobile_app,organic,41.410842149941644
82.88805092690568,29,33,13,Monday,9,power_user,iOS,web,deep_link,83.59667298760665
8.404838249790519,22,49,14,Monday,4,casual,iOS,tablet_app,search,27.872636824516107
51.155889118639614,3,14,4,Saturday,2,new,Android,mobile_app,deep_link,13.452716284577512
107.99801135912514,2,55,20,Wednesday,4,new,Android,mobile_app,push_notification,23.354084221310096
82.23547301842375,12,23,22,Thursday,8,new,iOS,tablet_app,search,39.62210840847749
32.33071178646869,15,62,9,Friday,1,power_user,iOS,web,search,34.61001126983192
103.06982990766996,20,72,2,Thursday,9,regular,iOS,mobile_app,organic,54.27861809797241
45.023613692094145,14,77,20,Friday,4,regular,iOS,tablet_app,push_notification,19.3090691662134
103.13463718156683,15,83,21,Monday,8,new,Android,mobile_app,organic,29.399576187517127
39.37851987867413,27,11,12,Tuesday,7,power_user,Android,web,search,66.7786629511726
72.88682885156213,10,12,13,Sunday,7,regular,Android,web,deep_link,52.253309428833845
50.64810779100092,14,83,5,Thursday,9,power_user,Android,tablet_app,push_notification,33.56841015455352
36.604880836832706,16,34,1,Tuesday,1,casual,Android,tablet_app,push_notification,25.312607038617465
106.95411964976496,14,2,22,Wednesday,5,regular,Android,tablet_app,search,74.74429573718618
26.573273423041503,29,25,11,Wednesday,0,regular,Android,web,organic,48.99584860994575
14.753332992112757,28,75,6,Tuesday,2,casual,iOS,tablet_app,deep_link,32.19113330451619
44.32159793275094,15,31,16,Wednesday,0,regular,Android,mobile_app,organic,42.24487057365083
87.52850197878027,13,6,0,Saturday,6,casual,iOS,tablet_app,push_notification,54.16345311019813
97.8546346872724,17,64,1,Monday,6,power_user,Android,tablet_app,organic,54.89838100173637
119.85548755767796,5,17,5,Wednesday,7,regular,Android,web,deep_link,67.04494779212708
39.08163655628397,12,31,10,Thursday,1,regular,iOS,tablet_app,organic,31.275396875704043
51.91332438009745,6,0,8,Thursday,3,regular,iOS,mobile_app,deep_link,33.90783814079633
20.734446973407024,4,54,4,Sunday,6,casual,iOS,tablet_app,organic,3.596354405850561
71.11027190664886,2,40,8,Sunday,8,power_user,Android,tablet_app,organic,39.20447130425561
119.72170428523548,17,78,8,Wednesday,8,new,Android,web,organic,52.487904288583174
85.60131616387572,0,30,12,Thursday,0,regular,Android,tablet_app,organic,27.259961416490757
73.44947664753775,19,18,13,Monday,4,new,iOS,web,organic,49.71292101649986
50.12244568600631,12,14,21,Friday,0,casual,Android,web,deep_link,28.512562238300312
110.2593574328388,10,18,19,Tuesday,8,regular,Android,web,organic,63.30224775397108
62.14540855499018,23,40,7,Monday,1,casual,Android,web,deep_link,47.45490925867374
20.452195031002073,16,7,21,Friday,8,power_user,iOS,tablet_app,organic,47.94541966209149
47.01852326790035,22,36,12,Tuesday,1,regular,iOS,web,organic,45.548835549878035
12.724166917493193,21,76,4,Thursday,0,casual,iOS,mobile_app,search,12.66021707434965
28.22758933420988,0,69,8,Monday,8,casual,iOS,mobile_app,search,1.0
7.031909814989904,6,57,17,Saturday,4,regular,iOS,tablet_app,organic,4.069699892075015
57.127190397518795,17,80,19,Saturday,4,power_user,iOS,mobile_app,organic,46.85454432434399
77.97213046945667,29,70,8,Friday,6,casual,Android,mobile_app,deep_link,52.383844572687295
44.478633173574394,4,58,3,Saturday,2,regular,iOS,tablet_app,push_notification,14.282385541799687
53.34390372310687,3,77,4,Thursday,6,regular,Android,mobile_app,organic,10.88238780021384
115.30906637712623,28,11,2,Tuesday,4,new,Android,tablet_app,deep_link,80.66006670192037
91.47575898111529,29,73,16,Tuesday,2,power_user,Android,tablet_app,deep_link,66.7206227923049
67.19851324866939,5,26,12,Tuesday,3,regular,Android,tablet_app,push_notification,26.322217219470094
37.722200637859906,12,65,10,Tuesday,0,new,iOS,web,push_notification,5.074461474961895
108.15463185889445,18,82,16,Wednesday,3,regular,iOS,web,organic,41.6363314874841
32.03616844127584,5,44,19,Tuesday,5,regular,iOS,mobile_app,push_notification,19.450605661085604
42.41441400941786,9,7,19,Friday,1,power_user,iOS,mobile_app,deep_link,45.22043013507586
109.54245365863908,11,33,3,Tuesday,1,new,Android,web,search,45.48215674565959
65.89733635778332,19,36,14,Friday,6,casual,iOS,mobile_app,organic,35.40287335640811
90.36656418306733,9,84,21,Wednesday,4,new,iOS,web,organic,12.039206825635128
72.9356513288331,12,84,18,Friday,1,regular,Android,web,push_notification,27.16372428469193
80.14550903609194,8,51,7,Thursday,7,regular,iOS,tablet_app,push_notification,44.02540845911467
39.42907852420494,22,85,9,Sunday,7,casual,iOS,web,deep_link,21.527732528253104
32.757787087066234,4,39,21,Thursday,0,power_user,iOS,tablet_app,organic,26.290205899682462
42.08661992439651,6,37,0,Wednesday,2,regular,iOS,mobile_app,deep_link,17.97508713522128
22.875779869593583,7,75,12,Friday,3,casual,iOS,tablet_app,deep_link,1.0
105.54615200844285,27,60,2,Friday,7,new,iOS,web,search,66.58453812339533
37.57339732376312,28,47,21,Thursday,0,casual,Android,tablet_app,push_notification,41.3725765937558
69.57128035765423,15,41,0,Thursday,8,power_user,iOS,mobile_app,deep_link,51.5230400568271
96.07705889125802,4,63,0,Thursday,3,casual,Android,tablet_app,search,32.512141050064656
95.13977257820706,22,67,7,Wednesday,1,power_user,Android,web,organic,66.36091922629402
55.41441973718218,14,44,4,Wednesday,8,regular,iOS,tablet_app,push_notification,41.47619080251061
59.76959048747345,25,2,11,Sunday,0,regular,Android,web,organic,62.7242161747583
119.39070112752786,10,9,7,Friday,1,casual,iOS,mobile_app,search,66.58631439133555
82.57870985258776,29,12,8,Monday,9,regular,Android,web,search,80.96280667644086
98.68342095855651,24,41,13,Sunday,5,new,Android,tablet_app,organic,61.12991270138858
108.79370646021167,6,55,13,Friday,4,new,Android,mobile_app,push_notification,32.40981448551595
95.572831166374,21,72,22,Monday,6,casual,Android,tablet_app,organic,47.054495047565354
26.29562466966027,8,20,11,Saturday,6,regular,iOS,mobile_app,push_notification,22.710677220636732
69.64963437982081,10,70,13,Friday,6,regular,Android,web,deep_link,26.068197680976176
16.71782809117266,7,59,16,Sunday,0,casual,iOS,mobile_app,search,3.8050885183705994
80.08604455485981,20,4,4,Thursday,5,casual,iOS,mobile_app,push_notification,60.92066057013494
114.86518424159826,7,31,16,Thursday,2,regular,Android,web,deep_link,45.81179117156675
63.9641873945128,19,27,20,Wednesday,8,regular,iOS,tablet_app,search,45.02826815035335
54.79183667979323,17,79,7,Wednesday,5,new,Android,tablet_app,deep_link,11.946502986475387
9.121916413088766,22,82,4,Friday,1,casual,Android,mobile_app,search,15.029634974228243
115.37407006786034,29,73,8,Saturday,8,regular,iOS,mobile_app,push_notification,69.16785862596362
16.84530867496826,0,47,6,Sunday,2,power_user,iOS,tablet_app,deep_link,9.388509461260856
9.724095730057398,29,44,14,Saturday,2,casual,iOS,tablet_app,push_notification,35.20422362073432
33.29766032306792,3,28,20,Friday,9,power_user,Android,web,search,25.927875452133172
12.535999900613978,15,69,14,Thursday,7,regular,Android,mobile_app,organic,15.187223375466255
57.33855187735267,10,7,3,Wednesday,8,casual,iOS,tablet_app,push_notification,38.147786667848436
64.35009714456793,19,24,7,Saturday,6,regular,iOS,tablet_app,deep_link,41.046255015312894
40.945544138287154,21,12,16,Wednesday,9,power_user,iOS,mobile_app,deep_link,59.62190407149665
10.860455496111896,25,44,7,Tuesday,1,new,Android,tablet_app,organic,25.757146301730195
17.83404234866107,12,26,14,Sunday,5,new,iOS,mobile_app,organic,20.71488958786192
49.21800346884173,27,17,16,Friday,2,casual,Android,mobile_app,push_notification,63.07626066215793
11.960771845051655,9,33,7,Wednesday,3,new,Android,mobile_app,search,1.0
85.29181844514005,6,77,15,Sunday,2,power_user,Android,tablet_app,push_notification,33.84296353114854
28.807362275353377,11,50,9,Sunday,2,power_user,Android,tablet_app,search,21.375428248455364
39.738230410118426,15,74,3,Wednesday,4,regular,iOS,web,deep_link,28.834775002042743
50.32446437548121,20,82,8,Thursday,9,power_user,Android,web,deep_link,46.88763868686097
52.910107802952005,24,81,10,Thursday,6,new,iOS,mobile_app,deep_link,30.64168861206509
5.190981382602061,6,31,0,Friday,3,regular,Android,tablet_app,search,8.12381942871177
17.888092664850216,9,78,21,Sunday,4,casual,iOS,mobile_app,push_notification,4.26807701751272
104.21792483020097,28,81,12,Thursday,5,casual,Android,mobile_app,search,65.83813330850103
5.141802188869436,13,86,0,Saturday,2,casual,Android,web,push_notification,1.3679220105003194
63.43924591848064,7,31,20,Friday,5,regular,Android,web,search,34.630757736412434
61.29273074832893,29,20,20,Sunday,6,regular,iOS,tablet_app,organic,66.64556495151785
43.30582851622335,13,52,0,Wednesday,2,new,Android,mobile_app,search,20.074393150568348
54.602607316841706,29,83,3,Wednesday,5,regular,iOS,tablet_app,push_notification,50.11323150038471
94.7668308155572,27,81,8,Wednesday,7,power_user,iOS,web,organic,69.64886371305906
101.73842621472,27,51,12,Sunday,5,new,Android,web,deep_link,60.31475035113391
34.94008249275375,17,13,17,Friday,2,power_user,iOS,tablet_app,search,56.075942710113445
42.08640071128893,23,38,10,Tuesday,5,regular,Android,tablet_app,push_notification,53.423082773978805
32.88552809825826,28,64,14,Monday,7,casual,Android,tablet_app,push_notification,33.98193022518686
60.18429106337249,8,50,0,Thursday,2,regular,Android,web,deep_link,25.28852138583311
83.57471113076349,1,31,15,Saturday,5,regular,iOS,tablet_app,push_notification,33.20908329635154
31.249080678293364,9,30,21,Thursday,6,power_user,iOS,mobile_app,search,35.38932776118609
43.03461033630967,19,5,12,Thursday,3,new,Android,tablet_app,push_notification,37.46319551793805
111.9942310227523,16,25,10,Saturday,3,new,Android,tablet_app,search,65.37353524564914
10.585468332400179,2,60,7,Thursday,8,regular,iOS,mobile_app,deep_link,1.0
57.988504602550115,16,21,22,Sunday,3,casual,Android,web,search,43.886627179137534
86.82917478362945,5,89,0,Friday,5,new,iOS,tablet_app,push_notification,19.446648280254674
22.302211329109518,15,7,6,Saturday,1,casual,iOS,mobile_app,organic,27.50010721804315
10.448012300630413,17,52,3,Saturday,9,regular,Android,mobile_app,organic,20.481261476261913
20.893617738431036,19,44,20,Friday,5,new,iOS,mobile_app,push_notification,14.017497064775085
110.66466725602854,12,74,11,Monday,7,power_user,Android,tablet_app,push_notification,55.69028977727031
6.064874909429193,12,79,22,Wednesday,6,casual,iOS,web,organic,1.0
26.65702710330546,20,48,15,Monday,3,new,Android,tablet_app,deep_link,25.22813293519146
8.597603983689122,22,56,13,Thursday,3,new,iOS,mobile_app,deep_link,17.129026968790615
17.722388769653374,24,62,12,Tuesday,7,power_user,iOS,web,push_notification,39.642143626187924
76.31716796225408,10,46,4,Thursday,8,new,Android,web,push_notification,27.874960499721322
32.788474504994866,12,16,13,Wednesday,1,casual,Android,mobile_app,deep_link,29.941988670348405
70.45938579952784,9,38,16,Monday,8,regular,iOS,tablet_app,organic,31.7726719288066
72.87246901810451,15,21,23,Monday,8,regular,iOS,mobile_app,search,52.86774301077816
102.68506330532459,3,41,13,Thursday,1,casual,Android,web,organic,36.6218194511942
5.5452601848655005,12,55,22,Monday,1,new,Android,mobile_app,organic,1.0
103.13748782437217,5,18,22,Saturday,6,regular,Android,web,push_notification,52.63721615540796
76.19869493910201,15,22,12,Saturday,8,casual,iOS,web,organic,40.446196890963755
23.715500902070122,25,74,10,Friday,3,new,iOS,tablet_app,deep_link,19.857025183496155
93.88779963555766,29,33,3,Tuesday,6,new,Android,tablet_app,organic,62.11985988579455
103.38152730591736,13,17,6,Saturday,9,regular,Android,web,deep_link,68.993220529172
34.24030063172809,1,64,21,Friday,3,new,Android,mobile_app,push_notification,1.0
110.6612733038083,6,64,3,Wednesday,2,casual,Android,mobile_app,deep_link,27.038654807679094
57.26260448434565,3,74,9,Monday,9,new,iOS,mobile_app,organic,2.6051264309216844
74.39381224833197,22,68,16,Thursday,2,power_user,iOS,tablet_app,search,55.89586148923909
118.23469636602901,29,89,5,Saturday,4,regular,iOS,web,organic,63.1231550174239
46.57664904350793,16,51,23,Monday,4,power_user,Android,tablet_app,push_notification,45.49682801359999
98.51332476931297,5,25,15,Monday,5,new,Android,mobile_app,deep_link,26.44358412670163
41.61589855027286,0,77,0,Wednesday,2,casual,Android,web,push_notification,1.0
96.90955505777147,29,23,5,Thursday,6,casual,Android,tablet_app,search,73.97533980621506
74.08440066920389,9,26,17,Thursday,6,regular,iOS,tablet_app,organic,45.143761032379686
29.880904950921163,3,74,20,Wednesday,2,power_user,Android,mobile_app,search,15.481969631927651
52.61300078576218,5,79,22,Tuesday,4,new,iOS,tablet_app,deep_link,5.607720427278953
41.52809795180959,7,30,20,Monday,0,power_user,Android,web,organic,32.42150712364379
13.982465204241846,19,65,1,Monday,2,regular,iOS,mobile_app,deep_link,9.070098980118532
8.430998561465211,26,83,17,Monday,9,power_user,Android,mobile_app,push_notification,36.031238020069594
44.845045371825805,8,71,2,Friday,5,new,Android,tablet_app,push_notification,11.255599975241083
7.188926999010957,20,0,1,Saturday,6,power_user,Android,mobile_app,search,54.627627634765446
24.031092121904127,1,59,16,Thursday,8,casual,iOS,tablet_app,search,1.0
88.39608189784991,0,15,11,Monday,7,casual,iOS,web,search,26.905670319616927
86.43049210361261,1,76,15,Wednesday,7,new,iOS,mobile_app,organic,7.308315325117174
89.93674444259901,27,6,20,Sunday,7,power_user,iOS,web,organic,99.77686257139516
41.472614679947554,17,89,1,Tuesday,4,power_user,Android,mobile_app,organic,24.813762965990424
107.35223756853497,24,15,12,Thursday,6,new,Android,web,deep_link,65.47560950073726
73.29051302327147,0,37,20,Thursday,2,casual,Android,tablet_app,deep_link,22.85768718955237
19.49302930086205,0,21,10,Wednesday,8,regular,Android,web,search,6.156995118719946
21.527646067386424,25,73,12,Thursday,1,regular,Android,tablet_app,search,24.093160377033772
84.70597409691567,3,35,11,Thursday,8,new,Android,tablet_app,organic,31.358259943019842
24.888552690838978,4,67,21,Thursday,8,casual,iOS,mobile_app,deep_link,1.0
63.33866068193498,15,6,1,Saturday,1,casual,Android,tablet_app,deep_link,44.517359033076694
119.05406473180173,18,40,21,Friday,7,casual,Android,tablet_app,search,58.86563913117287
5.460874544334042,6,81,19,Monday,9,power_user,Android,web,organic,12.897679355103337
6.906677218219047,13,83,19,Monday,5,new,iOS,tablet_app,push_notification,1.0
119.20472692200825,20,18,9,Wednesday,3,regular,iOS,mobile_app,organic,84.16986704991601
72.23346592542903,13,35,12,Sunday,8,power_user,iOS,tablet_app,deep_link,58.514737320914094
19.59464718462901,11,36,8,Monday,5,power_user,Android,tablet_app,search,27.19380184636705
108.18975297172076,2,50,6,Monday,1,power_user,Android,tablet_app,search,44.167666171234295
106.2437345146846,13,48,21,Friday,2,new,Android,mobile_app,push_notification,49.505910846576484
66.66304750780814,24,9,12,Thursday,6,new,iOS,web,deep_link,62.74654699991316
76.506083433987,18,68,17,Tuesday,4,power_user,Android,web,push_notification,44.5563114810515
36.41652702260078,26,20,2,Tuesday,2,regular,Android,web,organic,55.440621983460176
10.809765082780592,3,28,18,Friday,7,regular,Android,tablet_app,search,6.278439411855949
73.3752750224494,0,75,15,Thursday,1,casual,Android,mobile_app,search,2.4001557757564846
38.896847218317745,16,62,23,Friday,2,regular,Android,mobile_app,push_notification,27.536596313554483
81.31642036594047,5,35,3,Tuesday,4,new,iOS,mobile_app,push_notification,19.25338258693742
101.16819533689915,17,82,12,Thursday,0,casual,iOS,web,deep_link,39.26822903885221
7.088462550151867,27,35,12,Sunday,3,regular,Android,mobile_app,organic,34.84225322259589
73.50708408885865,10,50,12,Wednesday,9,new,Android,mobile_app,organic,23.953772946841468
31.59726206398801,16,22,1,Wednesday,9,new,iOS,tablet_app,search,26.517251604116243
105.49717725893716,20,16,11,Tuesday,8,new,iOS,web,search,59.42882092500017
34.17141825461027,4,44,7,Friday,3,new,iOS,tablet_app,search,9.14787293177395
75.2385653220731,26,50,14,Monday,0,power_user,iOS,web,search,71.31520067910282
68.65719661030532,6,72,5,Tuesday,8,regular,Android,mobile_app,search,29.53841227184138
50.55914750681362,24,35,10,Friday,3,power_user,Android,mobile_app,deep_link,60.603299141874366
82.92638781397632,19,80,14,Monday,7,casual,Android,tablet_app,search,36.60100029525354
88.4635079922749,4,54,1,Sunday,1,regular,Android,mobile_app,deep_link,38.29827346212859
70.19784646172948,21,6,18,Wednesday,6,power_user,Android,web,push_notification,71.37786975525886
92.21855727624673,5,66,17,Wednesday,5,casual,Android,mobile_app,search,24.78510881154763
118.09296373918782,17,51,1,Thursday,9,regular,iOS,mobile_app,search,67.47739884291305
53.216324608592586,28,35,1,Friday,1,regular,iOS,mobile_app,organic,52.41676370609929
64.17705096683605,28,42,20,Thursday,4,power_user,iOS,web,organic,74.07164646830583
6.4340359632395225,26,27,6,Sunday,9,power_user,Android,web,deep_link,52.89867618303652
96.54328397569351,14,55,20,Sunday,3,regular,Android,mobile_app,deep_link,54.42927752144765
64.82645771028929,16,51,11,Tuesday,6,regular,iOS,web,deep_link,44.835783347661355
51.915564491465,9,40,8,Friday,1,power_user,iOS,mobile_app,organic,43.31612838453507
15.818275755280517,27,25,6,Wednesday,7,regular,iOS,web,search,45.23041174982436
107.31048849267069,14,35,15,Sunday,2,casual,iOS,tablet_app,search,49.9421789628865
50.42583260466399,23,44,2,Tuesday,5,regular,Android,web,search,56.96526740524073
83.49688379406034,10,42,9,Wednesday,8,regular,iOS,mobile_app,deep_link,35.528623247775286
22.178027982337337,22,27,8,Friday,6,new,Android,tablet_app,push_notification,23.551902338002805
115.57820739721873,6,52,3,Saturday,4,regular,Android,mobile_app,search,47.97435914117723
25.520802609510554,22,20,8,Monday,1,regular,iOS,web,push_notification,49.720758260602295
27.947329183441393,1,45,12,Thursday,3,power_user,Android,web,push_notification,15.631910479990301
103.78302896413709,3,10,16,Wednesday,8,regular,Android,mobile_app,organic,54.11007823431476
109.94701557632209,10,42,2,Friday,2,new,Android,web,push_notification,32.79769395690502
29.396951865179663,14,70,20,Thursday,6,power_user,Android,tablet_app,deep_link,25.710828416256746
59.02710214010521,21,73,21,Sunday,4,regular,Android,tablet_app,organic,30.57807572389742
89.35191402472543,10,62,16,Sunday,3,casual,Android,tablet_app,push_notification,36.252614921919154
106.01205938824219,0,67,22,Friday,7,power_user,Android,tablet_app,push_notification,31.74228278564632
48.5910599292901,9,5,10,Friday,3,casual,iOS,mobile_app,push_notification,26.28623916456913
64.45724098768436,13,30,19,Sunday,2,casual,Android,web,deep_link,38.99600981740006
90.29738720976951,16,58,17,Tuesday,5,power_user,iOS,mobile_app,search,63.49716446798759
89.08063731507147,19,72,13,Saturday,7,power_user,Android,web,organic,58.21689843899712
95.04041495299977,7,52,4,Saturday,8,regular,iOS,tablet_app,push_notification,42.081942249688204
70.54238914377554,18,76,13,Monday,6,casual,Android,mobile_app,deep_link,36.037002408439136
17.030736132549148,18,24,21,Sunday,6,power_user,Android,mobile_app,search,41.84287358552854
108.9569284509746,23,13,23,Friday,7,new,Android,tablet_app,push_notification,65.65659670740172
104.54084202191824,15,7,10,Wednesday,2,regular,iOS,mobile_app,search,70.15834813974817
96.7812051191083,24,52,5,Thursday,2,regular,iOS,mobile_app,push_notification,67.27141265613119
16.48418487348389,6,59,17,Thursday,4,power_user,iOS,web,organic,17.716783763299723
28.505697214364357,21,25,1,Sunday,6,casual,iOS,web,deep_link,38.006577794100785
90.51404198737997,1,70,3,Sunday,6,power_user,iOS,web,push_notification,27.647367184295014
7.66111087692384,3,66,13,Saturday,1,new,Android,mobile_app,organic,1.0
117.61083287633716,25,32,23,Friday,7,power_user,Android,tablet_app,push_notification,91.33811828950735
48.37163824090328,14,21,7,Monday,3,new,iOS,web,push_notification,27.476336796906274
87.72094137444472,18,66,10,Sunday,8,regular,iOS,mobile_app,search,47.56251528240619
107.07067517612498,18,60,7,Monday,7,new,Android,web,push_notification,45.122112767693295
50.38243713725946,20,15,10,Tuesday,9,power_user,iOS,web,push_notification,66.45277185974872
41.7002361889616,7,22,0,Monday,6,power_user,iOS,web,push_notification,30.39857817447454
75.00522982329838,5,43,14,Sunday,5,new,Android,mobile_app,push_notification,16.131405222690468
71.81377798102584,1,46,14,Thursday,1,power_user,iOS,mobile_app,deep_link,30.146033211387714
52.05109742685167,25,14,7,Tuesday,3,casual,iOS,mobile_app,search,61.982317787816164
74.20409692478647,6,85,6,Monday,8,regular,Android,mobile_app,push_notification,24.525901240832404
112.56885750014689,17,34,18,Wednesday,3,new,iOS,mobile_app,deep_link,48.543759385446236
58.77862951205859,13,34,4,Saturday,0,new,iOS,web,organic,33.89251370420962
27.625350786322603,4,5,1,Sunday,2,new,iOS,tablet_app,push_notification,17.02253129095562
48.378688031545444,12,78,0,Thursday,5,regular,iOS,mobile_app,deep_link,14.668437745516291
50.32230299820864,2,21,21,Friday,6,regular,iOS,web,push_notification,11.682358981599453
20.077499698015284,5,88,8,Saturday,9,power_user,iOS,mobile_app,deep_link,5.606002578643524
23.730222563773815,4,44,2,Sunday,9,new,iOS,mobile_app,deep_link,4.142998867358726
83.72463844027288,24,78,21,Tuesday,5,regular,Android,tablet_app,deep_link,59.25053424021006
44.03994173402381,17,16,3,Sunday,5,new,Android,web,push_notification,30.397254003983903
114.81331506341787,27,14,8,Thursday,8,casual,Android,tablet_app,organic,91.7092319963505
33.01362571623985,13,72,0,Sunday,0,new,Android,mobile_app,deep_link,1.0
16.376318087054567,6,73,16,Monday,5,new,iOS,web,search,1.0
91.65302474502965,18,48,16,Monday,4,regular,iOS,mobile_app,push_notification,53.183761886541
106.31914597055506,27,2,18,Sunday,7,power_user,Android,tablet_app,organic,104.0131750003814
36.9830360402211,15,84,6,Friday,8,regular,Android,web,search,24.53557551281745
28.240131689229965,0,35,7,Tuesday,6,power_user,iOS,tablet_app,organic,21.290059125142268
26.363105510175025,9,84,22,Sunday,6,regular,Android,tablet_app,organic,1.0
65.03141465714891,27,78,19,Monday,6,new,iOS,tablet_app,search,43.194351505954714
58.86791374337866,15,76,0,Friday,5,casual,Android,web,search,26.537854356022176
34.835581583271434,28,61,16,Tuesday,2,power_user,Android,mobile_app,deep_link,45.51367789955041
10.194908453784034,15,60,19,Monday,2,new,Android,mobile_app,deep_link,1.0
60.37150413752228,0,47,13,Saturday,7,new,Android,mobile_app,deep_link,11.119553460102408
115.32321997809497,26,2,15,Saturday,6,power_user,iOS,tablet_app,organic,99.91884113683139
80.03970808655627,22,34,0,Monday,2,new,Android,web,search,44.43256381857558
61.98325401229112,21,65,0,Monday,8,power_user,Android,mobile_app,push_notification,52.456527925726995
17.729588513405854,29,73,0,Friday,9,power_user,Android,tablet_app,push_notification,47.130020270371766
34.03017341320253,5,50,3,Monday,6,regular,Android,tablet_app,deep_link,11.939239295277053
38.899004201072415,27,63,23,Saturday,2,regular,iOS,mobile_app,search,35.57566399136158
92.95240854983194,6,1,15,Sunday,9,new,iOS,tablet_app,search,51.165969485971274
105.82174168543122,29,42,18,Saturday,2,casual,iOS,mobile_app,deep_link,78.14767753461801
108.68881316014043,5,45,7,Tuesday,4,power_user,iOS,mobile_app,organic,51.76632673152557
118.22538994883672,16,80,22,Tuesday,8,power_user,Android,mobile_app,organic,62.562230027974394
117.97216855702123,23,27,4,Friday,5,casual,Android,web,organic,76.2065606990178
114.59490026831786,2,20,21,Monday,2,power_user,iOS,web,organic,53.15466382649566
13.259546157831704,2,31,0,Thursday,0,power_user,iOS,tablet_app,organic,15.455862427549043
20.846256631697596,25,15,0,Thursday,3,new,iOS,web,push_notification,30.950206686805597
40.01365054474378,1,50,1,Saturday,6,regular,Android,mobile_app,organic,8.388056242094267
68.58329921741307,18,57,19,Tuesday,7,regular,iOS,mobile_app,search,38.47474793760937
16.15245720113012,28,72,6,Saturday,2,regular,iOS,mobile_app,deep_link,27.22960495998183
102.26665014724638,18,87,10,Friday,1,power_user,Android,mobile_app,push_notification,64.41241182018051
75.92696059389054,14,6,11,Tuesday,7,power_user,Android,tablet_app,organic,66.2373007618367
67.37190626475356,12,22,18,Wednesday,1,regular,iOS,tablet_app,organic,44.48209169020669
24.010802187238482,19,27,8,Monday,0,casual,Android,tablet_app,organic,20.953111500029436
34.124379556022696,17,22,0,Thursday,4,power_user,iOS,mobile_app,deep_link,45.66324390906436
23.435882872959677,15,74,9,Tuesday,5,power_user,iOS,tablet_app,search,27.749807683353435
102.97231314640185,4,12,6,Monday,2,regular,Android,mobile_app,deep_link,49.86253845532451
72.1862039070401,19,2,17,Thursday,2,regular,Android,mobile_app,organic,52.481347366724364
89.53988416475784,22,77,18,Thursday,2,new,iOS,tablet_app,push_notification,42.04807429086001
39.04377923465296,21,86,2,Monday,3,casual,Android,tablet_app,push_notification,23.567026309834784
47.69405326515187,2,20,19,Tuesday,0,new,iOS,web,search,16.854550297954898
51.55832090905139,21,29,1,Monday,0,regular,Android,tablet_app,deep_link,45.47478832839801
92.40172175056401,21,45,14,Friday,3,power_user,Android,tablet_app,deep_link,60.47137945961508
93.82059358257533,5,47,9,Wednesday,0,new,iOS,tablet_app,deep_link,21.442769049906936
28.783555664113646,25,89,7,Monday,3,power_user,iOS,tablet_app,search,32.976629590736955
113.27696852488138,15,36,11,Tuesday,5,new,iOS,tablet_app,search,56.32597735996244
18.875363806023934,14,1,7,Sunday,0,new,iOS,web,push_notification,11.024830874630641
108.05403947871748,21,38,19,Tuesday,6,power_user,iOS,web,organic,77.5040117211602
16.54549924972807,15,50,23,Friday,6,new,iOS,web,push_notification,16.734279330988873
35.422078282400776,16,46,19,Thursday,5,regular,iOS,web,organic,30.401287395711666
102.34503164781505,9,46,10,Tuesday,6,power_user,Android,web,deep_link,60.87143833191993
25.641588319800057,27,83,12,Wednesday,8,casual,Android,mobile_app,push_notification,20.06854282694013
52.56031210064653,29,72,10,Monday,0,new,iOS,web,push_notification,30.71517203083016
56.733819493574515,3,22,19,Saturday,1,casual,iOS,web,organic,27.26111885773336
33.20478189766911,21,31,13,Wednesday,3,new,iOS,mobile_app,deep_link,31.537381904975287
86.67819815363845,0,60,11,Thursday,6,regular,iOS,tablet_app,deep_link,23.33601389139653
102.90348468125345,11,36,9,Tuesday,8,power_user,iOS,web,push_notification,58.429706146019896
105.57614108339075,29,38,9,Saturday,9,power_user,iOS,mobile_app,push_notification,91.58397421363233
44.02204675970451,5,15,13,Tuesday,5,power_user,Android,mobile_app,search,31.452099646351375
66.04779534309866,11,22,16,Thursday,4,power_user,Android,tablet_app,deep_link,57.460035157314884
33.566736444549925,6,66,10,Sunday,4,power_user,Android,web,search,30.701932772226744
33.151597678266725,21,75,19,Friday,0,power_user,iOS,tablet_app,search,39.43837381280068
23.544217227971274,13,70,19,Friday,4,regular,iOS,web,search,10.860428156611563
113.10218624286419,17,27,10,Sunday,5,power_user,Android,web,deep_link,67.23941200991973
107.11871528964168,28,12,21,Tuesday,2,casual,Android,web,search,74.06739760041614
94.39625203268461,15,14,4,Sunday,7,casual,Android,tablet_app,organic,64.45537905269595
64.53107494808884,22,35,22,Thursday,8,power_user,Android,web,search,60.28106668451571
61.41991028386526,2,46,7,Wednesday,3,casual,Android,tablet_app,organic,12.699207145956803
65.92075161098727,6,80,13,Tuesday,9,casual,Android,tablet_app,organic,16.11726753000121
66.70532156136527,28,80,6,Saturday,1,new,iOS,tablet_app,deep_link,46.55243272167418
54.97475474023439,25,0,10,Sunday,9,casual,iOS,web,organic,60.391760750856484
20.151805782587758,19,63,8,Friday,7,regular,Android,web,push_notification,22.239721399537945
19.45134307988164,11,26,16,Monday,2,power_user,Android,web,search,32.20283186025073
114.50871732225357,5,17,1,Thursday,6,new,iOS,tablet_app,organic,41.57911675402496
60.433537352430314,25,49,20,Saturday,3,regular,iOS,web,search,49.991228526153826
114.61863536409673,23,3,21,Wednesday,7,power_user,iOS,mobile_app,organic,97.70091467454112
23.81134093666265,7,30,13,Saturday,1,power_user,iOS,mobile_app,search,27.05834820492025
68.75790348459236,17,49,13,Friday,2,power_user,Android,tablet_app,deep_link,63.29538527335057
28.887484135427012,18,24,16,Monday,3,new,iOS,mobile_app,search,28.929813329030242
34.116229704559174,14,53,4,Thursday,1,casual,iOS,mobile_app,search,24.126646848245898
8.45627655753556,27,41,17,Tuesday,3,power_user,iOS,tablet_app,push_notification,42.36172732776014
18.679630735124302,3,71,5,Thursday,6,power_user,iOS,tablet_app,search,9.23506009918594
110.43756687735751,7,16,16,Wednesday,6,regular,Android,mobile_app,search,52.82161069123824
41.976294020468146,2,5,7,Saturday,5,power_user,Android,mobile_app,deep_link,36.07005729302177
74.93485937017803,20,47,17,Sunday,1,regular,iOS,mobile_app,search,54.172259439588004
58.4766251787664,19,23,18,Thursday,2,new,Android,tablet_app,search,40.61505986951319
51.05189320320701,29,63,5,Thursday,9,power_user,Android,mobile_app,deep_link,72.65372302791937
66.16690050479784,16,8,14,Friday,2,new,Android,mobile_app,organic,49.892669162907175
26.532478630764274,4,51,11,Friday,1,casual,iOS,tablet_app,search,6.810595450036646
118.6894483297513,13,89,7,Friday,4,new,Android,tablet_app,push_notification,39.51506719756558
99.10540490094424,2,8,14,Saturday,0,regular,Android,mobile_app,deep_link,53.1772856401629
90.28568276412426,20,27,23,Sunday,3,new,iOS,web,search,47.147911267038246
58.90731915660454,20,75,0,Saturday,8,regular,iOS,web,search,43.82920169359941
22.580869044528637,25,48,22,Monday,2,power_user,Android,mobile_app,organic,43.0717482138136
110.8765737014603,10,15,20,Thursday,7,power_user,iOS,tablet_app,push_notification,68.71110344478384
44.25951274889868,9,19,12,Thursday,4,casual,iOS,tablet_app,organic,28.830071097836978
10.762269315147384,2,68,14,Thursday,3,power_user,Android,tablet_app,search,8.05439847085721
44.3764228332223,12,77,8,Thursday,6,casual,Android,web,deep_link,8.659474290720093
96.3625585070267,14,32,3,Saturday,5,regular,iOS,mobile_app,push_notification,53.638571453260894
76.61150567364393,22,42,13,Wednesday,3,regular,Android,tablet_app,push_notification,57.08349659571348
91.34643724565886,22,70,19,Tuesday,2,new,Android,tablet_app,organic,43.099927877132835
96.26806914417341,4,15,5,Thursday,9,new,iOS,web,organic,40.65037193322771
29.3747802742624,8,18,17,Saturday,1,new,Android,tablet_app,push_notification,29.0115863816353
111.23508135071572,15,69,17,Wednesday,9,power_user,Android,web,organic,64.98097572865275
55.368804335842846,10,16,18,Monday,4,power_user,Android,web,organic,44.83913776260672
78.48656966537892,0,69,8,Sunday,9,casual,Android,tablet_app,push_notification,6.660340378276091
5.26550884747533,25,44,9,Tuesday,3,power_user,Android,tablet_app,push_notification,40.54256092785491
119.23737731728548,21,89,9,Friday,5,new,Android,tablet_app,deep_link,44.263826439784644
37.30308438587784,15,2,20,Saturday,6,power_user,iOS,mobile_app,search,55.12520781824054
12.137257252117852,9,85,21,Tuesday,3,new,iOS,mobile_app,search,1.0
57.7001347766991,25,20,9,Wednesday,2,new,iOS,mobile_app,deep_link,47.89579699031733
19.8384565759348,1,3,23,Tuesday,5,power_user,Android,mobile_app,push_notification,33.46768019240094
22.517571668121207,13,65,13,Tuesday,6,casual,Android,mobile_app,search,6.897515730668959
77.71252349847417,24,47,9,Tuesday,2,casual,Android,web,search,52.84756959384787
50.18665003057683,28,75,0,Tuesday,7,power_user,iOS,tablet_app,organic,58.85089200873492
111.01303176782443,7,9,14,Thursday,6,casual,iOS,mobile_app,organic,57.41945972909401
41.70299687992806,19,7,15,Thursday,1,power_user,iOS,mobile_app,push_notification,64.03029309891562
88.51071476414863,5,51,23,Monday,9,new,iOS,tablet_app,search,26.332520061129035
58.026434467814376,3,79,17,Saturday,0,new,iOS,mobile_app,search,3.7396809406717395
80.89439962986707,10,36,0,Friday,6,casual,Android,mobile_app,push_notification,34.76477307782111
73.9649660223389,26,71,13,Monday,4,regular,Android,web,deep_link,57.217355230512275
59.37015686728479,20,81,17,Saturday,6,new,iOS,web,organic,29.719343922617714
114.25702588181026,14,78,11,Monday,7,new,iOS,mobile_app,deep_link,46.51080038911501
44.412068916819926,8,45,10,Thursday,6,regular,Android,mobile_app,push_notification,14.956865601699528
25.382082643666344,4,62,19,Thursday,6,casual,Android,tablet_app,search,1.0
82.98081700118026,8,47,14,Thursday,8,casual,iOS,tablet_app,organic,36.39646116262496
102.29086955040951,4,60,16,Sunday,7,new,iOS,tablet_app,search,13.38520766069752
9.629180093091232,5,51,11,Sunday,8,new,iOS,mobile_app,push_notification,1.0
56.70775916860826,20,47,6,Tuesday,4,new,iOS,web,deep_link,39.15222357963445
107.63608431404252,3,39,12,Friday,2,regular,iOS,tablet_app,organic,38.66074511164003
91.20614117612976,1,58,23,Sunday,2,new,iOS,tablet_app,search,14.046601469948303
119.05788739722725,16,67,14,Saturday,6,new,Android,mobile_app,deep_link,42.889536896311334
66.11258833368304,8,82,16,Sunday,5,power_user,Android,tablet_app,deep_link,27.4980732946819
80.8995076621324,13,55,2,Thursday,0,casual,iOS,tablet_app,push_notification,33.14324480602505
39.78523233086173,4,9,23,Tuesday,2,regular,Android,mobile_app,deep_link,21.541307197249846
113.96659396158911,6,52,5,Thursday,9,casual,Android,web,push_notification,37.46708578460541
47.128581184001675,13,28,23,Saturday,7,power_user,iOS,web,organic,45.1319109416029
89.92873195896229,20,2,10,Sunday,7,power_user,Android,tablet_app,push_notification,80.49752336313239
51.36112347369442,12,6,22,Friday,1,casual,Android,mobile_app,push_notification,45.37804293885253
69.60917695724493,16,53,21,Friday,0,regular,Android,web,deep_link,39.16983763887143
87.77499152747781,15,85,18,Thursday,2,casual,Android,web,push_notification,34.05867258385449
63.52742745140574,8,45,21,Wednesday,8,power_user,iOS,tablet_app,deep_link,37.91499763141894
109.31492759459348,8,40,14,Wednesday,5,casual,iOS,web,search,42.07279004655084
53.21961361169818,12,7,20,Thursday,7,power_user,iOS,web,push_notification,45.91817802488247
79.41325678648239,0,60,4,Saturday,4,regular,iOS,mobile_app,deep_link,12.49415459944304
44.37167982950622,20,4,1,Thursday,4,regular,iOS,mobile_app,organic,46.91717967336399
51.9380168465665,18,75,13,Saturday,6,casual,Android,tablet_app,organic,27.30184249504692
55.60576244685853,9,73,19,Monday,9,power_user,Android,tablet_app,deep_link,35.485086427524045
19.467807105912804,11,89,18,Saturday,4,regular,Android,mobile_app,deep_link,1.0
15.54822309178577,9,25,12,Thursday,5,power_user,Android,web,deep_link,25.748443630644633
81.76134116187716,19,14,12,Sunday,9,power_user,iOS,tablet_app,push_notification,67.6535282726743
80.38453990945101,22,26,14,Thursday,3,new,Android,mobile_app,deep_link,51.76456904017943
81.23461713416096,3,71,20,Thursday,8,power_user,Android,tablet_app,organic,37.134809575346566
7.273141214409542,12,19,20,Monday,5,power_user,Android,mobile_app,organic,29.198285678527927
42.55288690725469,0,79,2,Saturday,8,new,Android,web,search,1.0
27.748132434807648,13,13,14,Friday,4,power_user,iOS,tablet_app,push_notification,49.04778075768848
94.48741359256142,7,4,9,Sunday,6,regular,Android,web,organic,55.35551962431016
103.97249616055497,10,19,19,Monday,3,casual,Android,tablet_app,organic,48.068585113046375
33.36824338100694,13,67,12,Tuesday,6,new,Android,tablet_app,push_notification,9.662416138663541
81.80265326751842,9,54,23,Sunday,3,casual,Android,web,search,26.89709075569706
19.87672239770156,11,31,10,Monday,6,new,iOS,tablet_app,organic,13.242858016392624
36.64254044419703,22,59,16,Thursday,7,regular,Android,web,deep_link,38.676046871006236
20.945267066843243,24,58,2,Wednesday,4,regular,Android,mobile_app,organic,26.625888174494264
37.60488815891136,0,49,22,Sunday,4,regular,Android,mobile_app,search,6.930127641800526
82.59470294516696,11,46,3,Saturday,3,regular,Android,mobile_app,deep_link,40.80880151708515
109.68759467130404,25,9,9,Sunday,7,casual,Android,mobile_app,organic,82.52608615579612
28.290076911281385,15,23,20,Wednesday,5,regular,iOS,mobile_app,search,36.657092494098656
67.3390890193327,6,47,23,Friday,5,power_user,Android,mobile_app,search,39.98415882629381
85.6599766429947,17,12,11,Friday,0,new,Android,tablet_app,deep_link,49.799620566989
114.58608387584006,4,42,11,Sunday,1,casual,Android,web,push_notification,43.634418644224034
75.156955532025,0,10,1,Monday,0,power_user,Android,tablet_app,deep_link,38.133999719413865
34.33729706814878,18,70,23,Sunday,8,power_user,Android,web,deep_link,30.392569857096767
76.92998804510268,15,9,0,Wednesday,8,power_user,iOS,web,organic,52.793205137517475
41.85648359297186,22,8,0,Monday,0,new,Android,tablet_app,push_notification,42.026959154371546
117.2547649295464,10,57,11,Friday,0,casual,iOS,web,deep_link,41.104946994098114
50.96275554381824,25,19,0,Saturday,7,new,iOS,tablet_app,search,50.37499735986637
83.82418788751663,12,31,3,Monday,5,power_user,Android,web,organic,49.359151881806994
7.671171969877225,22,28,15,Monday,3,regular,iOS,web,organic,30.356165308903144
51.00706630549686,3,19,16,Sunday,6,new,Android,tablet_app,push_notification,17.519041098588932
105.63737553208884,2,68,7,Sunday,2,new,iOS,web,deep_link,15.620687554265126
75.17615610982327,23,62,19,Tuesday,1,regular,Android,tablet_app,search,53.01211781268719
56.05343193553728,25,21,14,Sunday,3,power_user,Android,mobile_app,search,66.71477109640874
112.63281243510848,28,61,5,Sunday,8,power_user,Android,tablet_app,organic,85.20548758003339
103.20820325693134,9,64,17,Sunday,7,power_user,iOS,tablet_app,push_notification,54.66149233164838
42.0548024896379,0,48,14,Tuesday,1,power_user,iOS,web,organic,21.909507599874072
67.62306623475405,29,52,19,Friday,5,power_user,Android,web,search,71.36544234484435
61.329789450633214,18,84,3,Sunday,8,power_user,iOS,mobile_app,push_notification,39.26886945329894
77.70328751320918,7,40,5,Sunday,9,power_user,iOS,tablet_app,push_notification,44.32014012457524
43.42279570025689,22,34,7,Friday,7,casual,iOS,web,search,44.43541741399406
33.08357508807715,27,48,8,Tuesday,1,power_user,Android,web,deep_link,49.93778890955913
109.95726105438665,8,75,21,Monday,2,power_user,iOS,mobile_app,push_notification,48.081604736873736
111.24556744232822,23,63,17,Tuesday,2,new,Android,web,push_notification,53.76174853430466
101.98213186262758,23,6,13,Monday,1,regular,Android,web,organic,78.2277247201157
117.49350953792455,15,41,12,Tuesday,1,casual,Android,web,deep_link,52.85563243354764
90.67402546466418,18,66,21,Monday,3,new,iOS,tablet_app,search,30.735860600911174
92.93673128462996,8,20,10,Saturday,5,new,iOS,tablet_app,search,41.51803428567038
92.69786057570369,27,88,5,Friday,3,new,iOS,web,organic,51.11773563598041
60.26987755836525,29,72,3,Thursday,4,power_user,iOS,mobile_app,organic,53.74316371460441
57.49200236914124,29,76,7,Saturday,2,power_user,Android,mobile_app,search,60.756968671824474
32.62602175713536,22,7,15,Wednesday,1,new,Android,mobile_app,search,44.02473181965744
79.1542073513184,1,52,11,Wednesday,9,regular,iOS,tablet_app,push_notification,27.043282650957817
38.27181565176847,10,47,10,Tuesday,5,regular,iOS,mobile_app,deep_link,20.333710456665088
34.647967115770754,13,56,11,Thursday,2,regular,Android,tablet_app,deep_link,17.713453182429895
72.3855580210463,28,76,23,Tuesday,8,regular,Android,web,push_notification,55.11862456549347
52.14797464587996,16,31,23,Friday,8,power_user,iOS,web,search,53.27422262316295
30.168510011382704,16,48,3,Sunday,9,regular,Android,mobile_app,organic,28.89853780475463
98.84644192657558,4,61,2,Thursday,1,regular,iOS,tablet_app,deep_link,31.62797093510119
103.96554071885323,23,67,5,Wednesday,6,regular,iOS,mobile_app,organic,57.31428352898891
24.28544476294481,10,69,20,Friday,9,casual,Android,mobile_app,deep_link,7.71627521606776
5.863308771999985,2,30,11,Saturday,8,power_user,Android,web,search,15.064168733660852
43.65494638087797,29,89,20,Thursday,2,casual,iOS,mobile_app,organic,35.565678116928716
96.71374610328654,5,0,15,Tuesday,8,power_user,Android,tablet_app,organic,63.28496984413528
101.50499461694731,0,44,13,Friday,4,regular,Android,mobile_app,search,40.758620541636404
20.90784306334566,2,54,6,Tuesday,4,regular,Android,web,search,1.0
94.04862863605088,13,5,8,Sunday,5,power_user,iOS,tablet_app,search,77.38590939297531
18.305979240584385,3,40,3,Wednesday,7,regular,iOS,tablet_app,search,2.9192815847354856
49.85719786800086,25,53,12,Wednesday,1,regular,Android,mobile_app,deep_link,51.73315672550427
119.84009422637033,15,54,6,Saturday,5,regular,iOS,mobile_app,search,65.78619166591058
27.14794467155463,9,10,7,Monday,8,regular,Android,mobile_app,search,26.64044745331338
22.70581199642704,0,24,0,Tuesday,5,casual,Android,tablet_app,push_notification,10.356658541844567
53.62203824288125,14,22,19,Monday,2,regular,Android,mobile_app,deep_link,43.359476787509905
76.26188048653407,4,57,22,Wednesday,0,power_user,Android,web,push_notification,30.457026209481082
112.28358997752413,29,29,11,Thursday,5,regular,iOS,web,deep_link,84.02973131625822
117.79443173629893,8,51,12,Tuesday,7,power_user,iOS,tablet_app,organic,65.3152030719995
13.008673208010382,14,65,22,Wednesday,5,power_user,Android,tablet_app,organic,26.85726044164908
20.869714495009113,0,71,12,Saturday,9,casual,iOS,tablet_app,search,1.0
95.9348669980393,3,16,14,Sunday,6,new,iOS,web,deep_link,33.64728889435849
36.12269751114895,6,81,10,Monday,5,casual,iOS,web,deep_link,1.064932426953883
106.75764184323147,1,14,12,Friday,0,power_user,Android,mobile_app,search,52.71883608645235
81.29712458134497,21,1,12,Monday,5,power_user,Android,web,push_notification,90.32894858772423
17.862152273777877,28,4,17,Thursday,1,regular,Android,mobile_app,deep_link,54.19634775483512
100.74086776626082,29,18,14,Sunday,7,power_user,Android,mobile_app,push_notification,94.51819224744061
25.280983700928722,7,78,12,Saturday,1,new,Android,web,push_notification,1.0
53.701970388160184,23,18,1,Tuesday,9,regular,Android,web,push_notification,55.73732724848932
68.50126678432295,15,62,21,Tuesday,3,regular,Android,mobile_app,deep_link,41.43393096150714
62.588107144232005,1,37,21,Saturday,4,regular,iOS,tablet_app,deep_link,13.730447077569373
83.9087352957423,2,3,4,Saturday,1,regular,iOS,mobile_app,search,38.82205091019188
80.05897450996434,16,39,7,Tuesday,2,casual,iOS,web,organic,49.44440668668335
119.0848306357263,12,2,23,Monday,9,regular,Android,web,search,78.89982199694406
119.9335195607816,0,42,7,Thursday,2,regular,iOS,mobile_app,organic,37.29357711578567
64.3928313030987,27,50,19,Friday,5,power_user,iOS,web,push_notification,63.25293515825557
15.947895000499358,21,46,18,Thursday,9,new,iOS,tablet_app,push_notification,23.432666936866813
88.70197938140261,15,25,20,Sunday,6,casual,iOS,tablet_app,push_notification,48.87713922543134
117.31636899490776,29,68,0,Saturday,0,casual,iOS,web,organic,68.81794696806384
41.60753457733734,29,53,11,Saturday,3,new,iOS,tablet_app,organic,43.786836442252145
58.03902187132099,29,22,13,Monday,3,casual,iOS,web,search,58.26714893126534
53.849346353777435,7,39,20,Saturday,2,casual,iOS,mobile_app,push_notification,11.895322659600385
10.913202774046876,26,9,5,Saturday,2,casual,iOS,tablet_app,organic,35.21040114939228
82.31040959069615,15,83,7,Wednesday,5,casual,iOS,web,search,31.568963972019723
45.633834932873796,21,67,4,Friday,3,regular,Android,web,push_notification,26.868129805021535
95.55834558262276,25,25,18,Saturday,2,regular,iOS,web,organic,72.28611635521116
100.69380865742839,4,60,23,Sunday,4,casual,Android,tablet_app,push_notification,22.813089139873398
99.44154045875223,13,61,3,Thursday,3,power_user,iOS,web,deep_link,63.95634171439609
52.916589774586214,3,54,5,Monday,2,casual,iOS,mobile_app,search,19.609777586280014
41.97775345770344,8,4,7,Friday,4,regular,iOS,mobile_app,push_notification,28.62921442254207
91.11438966171131,12,79,21,Friday,9,new,Android,tablet_app,organic,28.70116992485516
97.15978489191315,25,86,10,Monday,5,new,iOS,tablet_app,organic,42.24209716277943
61.494606335007106,25,87,6,Saturday,5,casual,Android,tablet_app,search,35.60592232475754
107.69856724667486,11,88,7,Tuesday,9,casual,Android,tablet_app,search,43.095038874471065
21.5495000490342,9,83,14,Sunday,6,casual,Android,mobile_app,push_notification,1.0
106.09290966078042,15,66,9,Thursday,2,new,iOS,mobile_app,organic,39.24999528424516
16.050951791766348,27,5,3,Wednesday,3,casual,Android,web,search,41.778999014181906
22.655435036280597,29,41,19,Monday,4,regular,Android,tablet_app,push_notification,51.22002621400412
66.39160152650544,6,22,10,Monday,4,regular,iOS,mobile_app,search,20.071940449244053
12.764625221552727,5,19,6,Saturday,1,new,iOS,mobile_app,push_notification,1.0
11.072816661012691,21,74,17,Wednesday,1,casual,Android,web,deep_link,13.72263924079551
5.059655579056135,9,73,17,Saturday,3,regular,iOS,web,search,1.0
55.17641586484026,5,46,3,Tuesday,9,regular,Android,mobile_app,deep_link,26.456521130726358
94.08174634860643,0,66,1,Sunday,7,power_user,iOS,mobile_app,search,39.6418213173097
9.006410282190302,12,11,1,Sunday,8,casual,Android,mobile_app,deep_link,13.548386304918303
80.00962474357337,11,19,18,Monday,1,regular,iOS,web,push_notification,57.424539839397966
99.65964150286145,16,77,15,Friday,4,power_user,iOS,web,deep_link,50.15919189155376
24.32009758645518,6,40,19,Sunday,5,casual,iOS,tablet_app,deep_link,13.526877102123363
21.88932950446149,21,49,15,Wednesday,4,power_user,iOS,mobile_app,organic,42.029956445195225
103.99211196636165,20,41,9,Monday,4,casual,iOS,mobile_app,push_notification,57.8301898495325
99.65933014426089,13,18,14,Sunday,3,casual,Android,web,deep_link,52.7215808741631
66.9783031203815,5,74,17,Thursday,0,regular,Android,mobile_app,deep_link,16.940513690181188
99.20798611880774,15,68,9,Monday,8,regular,Android,mobile_app,search,49.321074825910124
15.666948903816898,20,61,21,Saturday,9,regular,Android,mobile_app,push_notification,20.626084980354896
50.36537456295676,11,31,21,Friday,0,new,iOS,tablet_app,deep_link,21.29342001562995
89.84671895223288,7,57,19,Monday,4,new,Android,tablet_app,search,21.67065987771898
34.606975322255785,15,85,23,Tuesday,5,power_user,iOS,web,search,21.375067257069887
91.51782515985857,10,58,9,Monday,7,power_user,Android,mobile_app,search,46.929227402882894
62.98053950494359,12,44,2,Sunday,9,power_user,Android,tablet_app,push_notification,41.61732995484796
91.2805886140468,10,24,11,Monday,4,regular,iOS,mobile_app,push_notification,48.22153833824139
58.438158353592904,9,47,17,Saturday,7,power_user,iOS,web,deep_link,41.12140041604503
47.308999125509025,21,33,18,Thursday,9,casual,iOS,web,organic,42.86679624400444
30.206759895042715,13,55,9,Friday,8,new,Android,tablet_app,push_notification,20.567255452990015
28.963624265026727,13,4,7,Saturday,2,new,iOS,tablet_app,push_notification,15.338411144271065
91.42144321571054,19,17,10,Sunday,8,casual,iOS,web,push_notification,63.68061163424806
18.67469002390546,10,70,19,Monday,4,casual,Android,mobile_app,organic,2.2987670829217697
14.887970262758689,3,34,1,Monday,0,power_user,iOS,mobile_app,deep_link,18.925704645777326
25.27350697754497,25,38,7,Monday,7,casual,iOS,web,push_notification,40.83349621041482
25.164848817201015,1,48,5,Friday,8,regular,Android,mobile_app,push_notification,3.023476651272111
99.65737662279348,17,39,19,Thursday,3,casual,Android,tablet_app,organic,55.03988143097279
50.82826169953442,7,68,11,Monday,4,regular,Android,web,search,12.882993221680591
118.89467259645548,6,22,2,Tuesday,3,regular,iOS,web,search,58.31942894567724
20.779294645920423,1,68,6,Thursday,1,new,iOS,mobile_app,organic,1.0
80.15707995476899,27,18,1,Saturday,9,casual,iOS,web,push_notification,72.45855095582952
56.60389332814382,12,33,11,Wednesday,0,new,iOS,tablet_app,push_notification,25.637276832195038
50.185590320163506,10,52,23,Sunday,5,power_user,Android,mobile_app,search,33.28245695782551
105.63468289121947,22,79,13,Sunday,0,regular,iOS,web,organic,55.507473758977525
117.19349927026596,1,20,20,Saturday,6,power_user,Android,mobile_app,push_notification,57.86101665245868
105.37878025903055,16,52,17,Thursday,9,power_user,iOS,tablet_app,search,73.18937902577446
27.1145780890403,14,5,21,Sunday,6,new,Android,mobile_app,deep_link,41.09655272023443
30.391760939027414,16,6,7,Saturday,6,regular,Android,mobile_app,organic,46.046123084287686
80.44849609593228,3,69,22,Thursday,8,new,Android,web,organic,10.035432401869013
38.24461188839204,28,64,5,Thursday,9,power_user,Android,web,push_notification,57.73186296464057
89.49339003976668,7,33,10,Saturday,8,power_user,Android,web,search,56.02733726316535
